X,Y,OBJECTID,ID,CRIME_REPORT_ID,AGE,GENDER,RACE_ETHNICITY,CLEARANCE_STATUS,IPV,WEAPON,LOCATION,X_COORD_PUBLIC,Y_COORD_PUBLIC,LATITUDE_PUBLIC,LONGITUDE_PUBLIC,CMPD_PATROL_DIVISION,NPA,CLEARANCE_DATE,CIRCUMSTANCES,COUNCIL_DISTRICT,COMMISSION_DISTRICT,CORRIDOR,CALENDAR_YEAR,CALENDAR_MONTH,DATE_REPORTED
1464004.99990147,537276.000115812,1,1,20260714-1846-01,,Male,Black,Open,,,1400 EASTCREST DR,1464005,537276,35.212953,-80.794612,Eastway,86,,Other/Unknown,1,4,,2026,07,2026/07/14 00:00:00+00
1476960.99990806,523536.000036806,2,2,20260712-0716-01,31,Female,Black,Open,,Handgun,7100 WALLACE RD,1476961,523536,35.175842,-80.750431,Independence,245,,Argument,5,4,,2026,07,2026/07/12 00:00:00+00
1457911.99994838,550439.000036478,3,3,20260710-1948-01,20,Male,Black,Open,,Firearm,2700 N TRYON ST,1457912,550439,35.24881,-80.815814,Metro,369,,Robbery,1,3,GRAHAM STREET/NORTH TRYON,2026,07,2026/07/10 00:00:00+00
1478441.99989881,566388.999960557,4,4,20260707-0045-01,20,Male,Black,Open,,Firearm,8200 UNIVERSITY CITY BV,1478442,566389,35.293641,-80.748001,University City,219,2026/07/16 00:00:00+00,Other/Unknown,4,3,,2026,07,2026/07/07 00:00:00+00
1433380.00012797,556703.99997364,5,5,20260628-0930-01,27,Female,Black,Open,,Handgun,900 WABASH AV,1433380,556704,35.264761,-80.89837,Freedom,346,2026/07/02 00:00:00+00,Argument,2,2,,2026,06,2026/06/28 00:00:00+00
1444125.99996139,523944.999874979,6,6,20260619-2118-02,23,Female,Black,Cleared by Arrest by Another Agency,Intimate Partner,Knife,1100 SCALEYBARK RD,1444126,523945,35.175325,-80.860319,Westover,13,2026/06/22 00:00:00+00,Domestic,1,5,,2026,06,2026/06/19 00:00:00+00
1424987.99985164,567074.999900892,7,7,20260618-0937-02,51,Female,Black,Open,,Unknown,6800 CIERA NICHOLE CT,1424988,567075,35.292807,-80.927153,Freedom,137,2026/06/21 00:00:00+00,Domestic,2,2,,2026,06,2026/06/18 00:00:00+00
1447767.99989522,557368.999955982,8,8,20260615-0108-00,46,Male,Black,Open,,Firearm,2100 HOLLY ST,1447768,557369,35.267334,-80.850218,Metro,374,,Argument,2,3,,2026,06,2026/06/15 00:00:00+00
1483049.99986914,540530.999839395,9,9,20260614-1059-01,30,Male,Black,Open,,Handgun,5800 HICKORY GROVE RD,1483050,540531,35.222825,-80.731049,Hickory Grove,166,,Other/Unknown,5,4,,2026,06,2026/06/14 00:00:00+00
1446506.00012264,545794.000140145,10,10,20260610-0642-00,27,Male,Asian,Open,,Knife,1000 W TRADE ST,1446506,545794,35.235471,-80.853721,Central,476,2026/06/18 00:00:00+00,Other/Unknown,2,4,,2026,06,2026/06/10 00:00:00+00
1432426.00006747,544579.99994348,11,11,20260603-1129-00,18,Male,Black,Cleared by Arrest by Another Agency,,Handgun,3900 BRISTOL DR,1432426,544580,35.231404,-80.900788,Freedom,387,2026/06/04 00:00:00+00,Robbery,3,2,FREEDOM DRIVE/WILKINSON,2026,06,2026/06/03 00:00:00+00
1450765.00013481,545353.000037894,12,12,20260522-1809-01,44,Male,Black,Open,,Handgun,900 N PINE ST,1450765,545353,35.234477,-80.839433,Central,476,,Other/Unknown,2,4,,2026,05,2026/05/22 00:00:00+00
1460628.0000938,549538.999867976,13,13,20260521-0210-00,38,Female,Black,Cleared by Arrest by Another Agency,,Handgun,3100 N DAVIDSON ST,1460628,549539,35.246474,-80.806664,Eastway,343,2026/05/21 00:00:00+00,Argument,1,4,,2026,05,2026/05/21 00:00:00+00
1472932.00009206,560885.000141814,14,14,20260519-1438-04,16,Male,Black,Open,,Rifle,6700 N TRYON ST,1472932,560885,35.278252,-80.766135,North Tryon,103,2026/05/21 00:00:00+00,Other/Unknown,1,3,,2026,05,2026/05/19 00:00:00+00
1415202.00006673,554958.999854729,15,15,20260517-1843-01,50,Male,Black,Open,,Handgun,8100 PAW CLUB DR,1415202,554959,35.258996,-80.959141,Freedom,34,2026/05/17 00:00:00+00,Domestic,3,2,,2026,05,2026/05/17 00:00:00+00
1467198.00007714,550020.999888226,16,16,20260515-0156-03,37,Male,Black,Open,,Firearm,1200 WELDON AV,1467198,550021,35.248125,-80.784691,North Tryon,10,,Other/Unknown,1,3,,2026,05,2026/05/15 00:00:00+00
1436340.00011347,558892.999860734,17,17,20260510-0354-00,,Male,Black,Open,,Firearm,4900 ROZZELLES FERRY RD,1436340,558893,35.270929,-80.888595,Freedom,141,,Other/Unknown,2,2,,2026,05,2026/05/10 00:00:00+00
1436340.00011347,558892.999860734,18,18,20260510-0354-00,34,Male,Black,Open,,Firearm,4900 ROZZELLES FERRY RD,1436340,558893,35.270929,-80.888595,Freedom,141,,Other/Unknown,2,2,,2026,05,2026/05/10 00:00:00+00
1475173.99987313,535953.00013715,19,19,20260503-1119-01,0,Male,Hispanic,Open,,Physical,3700 N SHARON AMITY RD,1475174,535953,35.209868,-80.757146,Hickory Grove,127,2026/05/13 00:00:00+00,Domestic,5,4,CENTRAL/ALBEMARLE,2026,05,2026/05/03 00:00:00+00
1482105.00011872,532405.000015303,20,20,20260501-0335-01,19,Female,White,Open,Intimate Partner,Unknown,6600 YATESWOOD DR,1482105,532405,35.200455,-80.733738,Hickory Grove,316,2026/05/05 00:00:00+00,Domestic,5,4,CENTRAL/ALBEMARLE,2026,05,2026/05/01 00:00:00+00
1476909.00001206,568895.999867812,21,21,20260409-2030-00,38,Male,Black,Open,,Handgun,100 E MCCULLOUGH DR,1476909,568896,35.300454,-80.753286,University City,219,,Other/Unknown,4,3,,2026,04,2026/04/09 00:00:00+00
1439216.99993689,574515.000112727,22,22,20260406-0213-01,58,Female,Black,Cleared by Arrest by Another Agency,Intimate Partner,Firearm,5700 CARDINGTON CT,1439217,574515,35.313995,-80.879949,North,211,2026/04/06 00:00:00+00,Domestic,2,2,,2026,04,2026/04/06 00:00:00+00
1480192.00000772,552328.999865398,23,23,20260401-1200-01,76,Male,Black,Open,,Unknown,6900 THE PLAZA,1480192,552329,35.255099,-80.74131,North Tryon,17,,Other/Unknown,5,3,,2026,04,2026/04/01 00:00:00+00
1467227.00001913,580021.999925479,24,24,20260327-0922-01,35,Female,Black,Open,,Firearm,3100 HIGH GLEN DR,1467227,580022,35.330545,-80.786402,University City,264,,Other/Unknown,2,3,,2026,03,2026/03/27 00:00:00+00
1478817.00013305,510101.000003979,25,25,20260324-1525-01,85,Male,White,Open,,Knife,1200 MAPLE SHADE LN,1478817,510101,35.139022,-80.743431,Independence,36,2026/03/25 00:00:00+00,Domestic,6,5,,2026,03,2026/03/24 00:00:00+00
1457418.99995014,588470.000089809,26,26,20260322-1939-04,20,Male,Black,Open,,Rifle,5900 HUCKS RD,1457419,588470,35.353263,-80.8198,North,276,2026/05/16 00:00:00+00,Other/Unknown,4,1,,2026,03,2026/03/22 00:00:00+00
1478383.00001681,533545.000031888,27,27,20260322-0212-00,31,Male,Hispanic,Cleared by Arrest by Another Agency,,Handgun,5800 ALBEMARLE RD,1478383,533545,35.203408,-80.746262,Hickory Grove,135,2026/03/26 00:00:00+00,Argument,5,4,CENTRAL/ALBEMARLE,2026,03,2026/03/22 00:00:00+00
1405580.99995181,569446.000080138,28,28,20260317-1016-01,24,Male,Black,Open,,Handgun,700 BELMEADE DR,1405581,569446,35.298268,-80.992338,Freedom,73,2026/03/20 00:00:00+00,Other/Unknown,0,2,,2026,03,2026/03/17 00:00:00+00
1459304.00011714,540507.999885395,29,29,20260312-2212-00,23,Female,White,Open,,"	Vehicle/Vess",1400 THE PLAZA,1459304,540508,35.221598,-80.810546,Eastway,378,2026/03/23 00:00:00+00,Other/Unknown,1,4,,2026,03,2026/03/12 00:00:00+00
1470498.0000388,537696.999929979,30,30,20260310-1637-00,26,Female,Hispanic,Open,Intimate Partner,Firearm,4300 CENTRAL AV,1470498,537697,35.21443,-80.772902,Eastway,90,2026/03/11 00:00:00+00,Domestic,5,4,CENTRAL/ALBEMARLE,2026,03,2026/03/10 00:00:00+00
1451601.00010322,556952.000133812,31,31,20260306-1554-02,26,Male,Hispanic,Cleared by Arrest by Another Agency,,Handgun,2100 ALMA CT,1451601,556952,35.266384,-80.837353,Metro,363,2026/03/08 00:00:00+00,Argument,1,3,,2026,03,2026/03/06 00:00:00+00
1481731.99988048,553458.99990198,32,32,20260219-1626-00,38,Male,Black,Open,,Handgun,7400 THE PLAZA,1481732,553459,35.258278,-80.736219,Hickory Grove,39,2026/02/19 00:00:00+00,Argument,5,3,,2026,02,2026/02/19 00:00:00+00
1438368.99999247,560297.000005484,33,33,20260215-0606-00,33,Female,Black,Open,Intimate Partner,Firearm,700 LAWTON RD,1438369,560297,35.274892,-80.881887,Freedom,158,2026/02/16 00:00:00+00,Domestic,2,2,,2026,02,2026/02/15 00:00:00+00
1459587.99987721,551527.000157058,34,34,20260209-1616-02,37,Male,Black,Open,,Firearm,100 ATANDO AV,1459588,551527,35.251883,-80.810268,North Tryon,21,,Other/Unknown,1,3,GRAHAM STREET/NORTH TRYON,2026,02,2026/02/09 00:00:00+00
1466120.99993455,581323.999946147,35,35,20260209-0033-01,45,Male,Black,Open,,Handgun,3500 DAVID COX RD,1466121,581324,35.334067,-80.790188,University City,275,2026/02/19 00:00:00+00,Robbery,4,3,,2026,02,2026/02/09 00:00:00+00
1470498.0000388,537696.999929979,36,36,20260208-1415-02,22,Female,Black,Open,,Handgun,3000 TIMBER HOLLOW DR,1470498,537697,35.21443,-80.772902,Eastway,90,2026/02/08 00:00:00+00,Drugs,5,4,CENTRAL/ALBEMARLE,2026,02,2026/02/08 00:00:00+00
1420430.00010939,579826.999987394,37,37,20260206-1032-01,50,Female,White,Open,,Handgun,9700 CALLABRIDGE CT,1420430,579827,35.327594,-80.943262,North,109,2026/02/06 00:00:00+00,Other/Unknown,0,1,,2026,02,2026/02/06 00:00:00+00
1496070.0000758,537211.999915734,38,38,20260204-0920-02,37,Female,Hispanic,Open,,Physical,7400 HARRISBURG RD,1496070,537212,35.214323,-80.68727,Hickory Grove,229,2026/02/27 00:00:00+00,Drugs,5,4,,2026,02,2026/02/04 00:00:00+00
1432319.99995139,537588.000147983,39,39,20260125-2037-00,26,Male,Hispanic,Cleared by Arrest by Another Agency,,Firearm,2400 ELMIN ST,1432320,537588,35.21219,-80.900694,Westover,120,2026/01/27 00:00:00+00,Other/Unknown,3,2,WEST BOULEVARD,2026,01,2026/01/25 00:00:00+00
1484597.00005597,586224.999986649,40,40,20260124-1324-00,23,Female,Black,Open,Intimate Partner,"	Handgun",14000 WHISTLING TEAL DR,1484597,586225,35.348431,-80.728534,University City,336,2026/01/25 00:00:00+00,Domestic,4,3,,2026,01,2026/01/24 00:00:00+00
1470498.0000388,537696.999929979,41,41,20260124-0337-03,34,Male,Hispanic,Open,,"	Handgun",4300 CENTRAL AV,1470498,537697,35.21443,-80.772902,Eastway,164,2026/03/31 00:00:00+00,Other/Unknown,5,4,CENTRAL/ALBEMARLE,2026,01,2026/01/24 00:00:00+00
1453529.99985413,544401.99997139,42,42,20260114-1533-02,23,Male,Black,Open,,Handgun,300 ALPHA MILL LN,1453530,544402,35.232004,-80.830116,Central,476,2026/01/23 00:00:00+00,Other/Unknown,1,4,,2026,01,2026/01/14 00:00:00+00
1440059.99989131,536901.999879554,43,43,20260111-0004-00,20,Male,Black,Open,,Handgun,700 REMOUNT RD,1440060,536902,35.21071,-80.874742,Westover,388,,Other/Unknown,3,2,,2026,01,2026/01/11 00:00:00+00
1440481.00003356,548427.000123471,44,44,20260105-1904-00,24,Male,Black,Open,,Handgun,3000 CAROL AV,1440481,548427,35.242393,-80.874061,Metro,293,2026/01/27 00:00:00+00,Drugs,2,2,,2026,01,2026/01/05 00:00:00+00
1470380.99994472,545516.00003998,45,45,20260104-0238-01,18,Male,Hispanic,Open,,"	Vehicle/Vessel",3200 SHAMROCK DR,1470381,545516,35.235905,-80.773762,Eastway,389,2026/03/06 00:00:00+00,Other/Unknown,1,4,,2026,01,2026/01/04 00:00:00+00
1445019.00014389,552294.999933392,46,46,20251223-2322-00,33,Male,Black,Cleared by Arrest by Another Agency,,Knife,2400 BOOKER AV,1445019,552295,35.253254,-80.859108,Metro,85,2025/12/29 00:00:00+00,Argument,2,2,BEATTIES FORD/ROZZELLES FERRY,2025,12,2025/12/23 00:00:00+00
1482558.99986689,564839.00010781,47,47,20251223-0750-06,16,Male,Hispanic,Cleared by Arrest by Another Agency,,Knife,1500 KIRK FARM LN,1482559,564839,35.289581,-80.734115,University City,221,2025/12/23 00:00:00+00,Argument,4,3,,2025,12,2025/12/23 00:00:00+00
1434056.0000883,513686.000051811,48,48,20251220-0335-01,18,Male,Hispanic,Open,,"	Handgun",800 FARMHURST DR,1434056,513686,35.146618,-80.893357,Steele Creek,53,2026/01/08 00:00:00+00,Argument,3,2,,2025,12,2025/12/20 00:00:00+00
1434056.0000883,513686.000051811,49,49,20251220-0335-01,16,Male,Hispanic,Open,,"	Handgun",800 FARMHURST DR,1434056,513686,35.146618,-80.893357,Steele Creek,53,2026/01/08 00:00:00+00,Argument,3,2,,2025,12,2025/12/20 00:00:00+00
1497505.00015855,538653.999984473,50,50,20251216-0740-03,6,Female,Black,Cleared by Arrest by Another Agency,,"	Other Weapon",7600 GWYNNE HILL RD,1497505,538654,35.218351,-80.682548,Hickory Grove,229,2026/02/04 00:00:00+00,Domestic,5,4,,2025,12,2025/12/16 00:00:00+00
1471157.00003314,529466.999985814,51,51,20251215-0303-00,44,Male,Black,Open,,Firearm,2300 N SHARON AMITY RD,1471157,529467,35.191853,-80.770205,Providence,240,2025/12/18 00:00:00+00,Other/Unknown,5,4,,2025,12,2025/12/15 00:00:00+00
1445419.99999805,551888.000091225,52,52,20251211-0935-00,31,Female,Black,Open,Intimate Partner,,2300 SANDERS AV,1445420,551888,35.252156,-80.857739,Metro,85,2025/12/12 00:00:00+00,Domestic,2,2,BEATTIES FORD/ROZZELLES FERRY,2025,12,2025/12/11 00:00:00+00
1461188.99995606,560159.999951392,53,53,20251210-1648-00,34,Male,Black,Cleared by Arrest by Another Agency,,Knife,5100 REAGAN DR,1461189,560160,35.27568,-80.805432,North Tryon,138,2025/12/19 00:00:00+00,Argument,1,3,SUGAR CREEK/I-85,2025,12,2025/12/10 00:00:00+00
1430765.00010864,550650.999940559,54,54,20251204-0816-01,28,Male,Black,Open,,Firearm,4800 TUCKASEEGEE RD,1430765,550651,35.247994,-80.906739,Freedom,258,,Other/Unknown,2,2,,2025,12,2025/12/04 00:00:00+00
1459587.99987721,551527.000157058,55,55,20251130-0447-02,26,Male,Black,Exceptionally Cleared,,Handgun,100 ATANDO AV,1459588,551527,35.251883,-80.810268,North Tryon,21,2025/11/30 00:00:00+00,Argument,1,3,GRAHAM STREET/NORTH TRYON,2025,11,2025/11/30 00:00:00+00
1432022.99988922,553756.999962151,56,56,20251125-2116-03,34,Male,Asian,Open,,Handgun,1600 THRIFTWOOD DR,1432023,553757,35.256593,-80.902726,Freedom,385,,Drugs,2,2,,2025,11,2025/11/25 00:00:00+00
1436296.99987139,525776.00014998,57,57,20251122-0204-00,39,Male,Black,Cleared by Arrest by Another Agency,,Handgun,200 W WOODLAWN RD,1436297,525776,35.179949,-80.88663,Westover,290,2025/12/22 00:00:00+00,Other/Unknown,3,2,,2025,11,2025/11/22 00:00:00+00
1452528.99988763,541783.999958068,58,58,20251114-2247-04,31,Male,Black,Open,,Handgun,400 N ALEXANDER ST,1452529,541784,35.224762,-80.833306,Central,476,2026/04/29 00:00:00+00,Other/Unknown,1,4,,2025,11,2025/11/14 00:00:00+00
1456615.99991572,540521.999857396,59,59,20251106-2111-01,68,Female,White,Open,,Knife,1100 CENTRAL AV,1456616,540522,35.221501,-80.819546,Eastway,367,2025/11/07 00:00:00+00,Other/Unknown,1,4,,2025,11,2025/11/06 00:00:00+00
1434056.0000883,513686.000051811,60,60,20251102-2153-03,0,Male,Hispanic,Open,,Physical,800 FARMHURST DR,1434056,513686,35.146618,-80.893357,Steele Creek,53,2025/11/06 00:00:00+00,Domestic,3,2,,2025,11,2025/11/02 00:00:00+00
1455276.99996905,566812.00009881,61,61,20251102-1424-00,,Male,Black,Cleared by Arrest by Another Agency,,Handgun,4200 OAKWOOD RD,1455277,566812,35.293657,-80.825647,North,237,2025/11/06 00:00:00+00,Other/Unknown,2,3,,2025,11,2025/11/02 00:00:00+00
1455276.99996905,566812.00009881,62,62,20251102-1424-00,23,Male,Black,Cleared by Arrest by Another Agency,,Handgun,4200 OAKWOOD RD,1455277,566812,35.293657,-80.825647,North,237,2025/11/06 00:00:00+00,Other/Unknown,2,3,,2025,11,2025/11/02 00:00:00+00
1433069.0000938,564892.999999806,63,63,20251101-0026-03,17,Female,Black,Open,,Handgun,6100 OLD PLANK RD,1433069,564893,35.287241,-80.899937,North,113,,Other/Unknown,2,2,,2025,11,2025/11/01 00:00:00+00
1439189.99999088,515802.000084892,64,64,20251027-1833-01,23,Male,White,Open,,Firearm,6100 SOUTH BV,1439190,515802,35.152699,-80.876319,Westover,71,,Argument,3,2,,2025,10,2025/10/27 00:00:00+00
1464095.00004955,539099.000078723,65,65,20251025-1601-01,54,Male,White,Cleared by Arrest by Another Agency,,Blunt Trauma,3000 CENTRAL AV,1464095,539099,35.217966,-80.794421,Eastway,86,2025/10/31 00:00:00+00,Argument,1,4,,2025,10,2025/10/25 00:00:00+00
1439140.00009088,557569.999882057,66,66,20251023-1607-01,34,Male,Black,Exceptionally Cleared,,Handgun,300 N HOSKINS RD,1439140,557570,35.267441,-80.879131,Freedom,141,2025/10/31 00:00:00+00,Other/Unknown,2,2,,2025,10,2025/10/23 00:00:00+00
1439140.00009088,557569.999882057,67,67,20251023-1607-01,38,Male,Black,Exceptionally Cleared,,Handgun,300 N HOSKINS RD,1439140,557570,35.267441,-80.879131,Freedom,141,2025/10/31 00:00:00+00,Other/Unknown,2,2,,2025,10,2025/10/23 00:00:00+00
1428316.00008538,543493.000148982,68,68,20251019-0125-00,41,Male,Black,Open,,Firearm,4600 WILKINSON BV,1428316,543493,35.228201,-80.914478,Freedom,387,2025/10/19 00:00:00+00,Argument,3,2,FREEDOM DRIVE/WILKINSON,2025,10,2025/10/19 00:00:00+00
1427493.00009097,556576.999899566,69,69,20251018-1701-00,30,Male,Black,Cleared by Arrest by Another Agency,,Handgun,100 PARK FAIRFAX DR,1427493,556577,35.264101,-80.91808,Freedom,346,2026/01/20 00:00:00+00,Other/Unknown,2,2,,2025,10,2025/10/18 00:00:00+00
1462971.00000097,564682.000093728,70,70,20251018-1649-00,68,Male,White,Open,,Handgun,5600 N GRAHAM ST,1462971,564682,35.288192,-80.799737,North Tryon,328,2025/10/18 00:00:00+00,Argument,1,3,,2025,10,2025/10/18 00:00:00+00
1464587.0000498,537207.999923721,71,71,20251018-0157-01,50,Male,Hispanic,Open,,Blunt trauma,1300 WEMBLEY DR,1464587,537208,35.212795,-80.79266,Eastway,86,2025/12/02 00:00:00+00,Other/Unknown,1,4,,2025,10,2025/10/18 00:00:00+00
1438309.00011247,555935.999869227,72,72,20251014-2246-05,37,Male,Black,Open,,Handgun,100 N CRIGLER ST,1438309,555936,35.262909,-80.881811,Freedom,141,2025/11/06 00:00:00+00,Other/Unknown,2,2,,2025,10,2025/10/14 00:00:00+00
1451223.99987297,515960.000096977,73,73,20251013-0657-01,45,Female,Black,Open,,Handgun,4400 BARCLAY DOWNS DR,1451224,515960,35.153751,-80.836076,Providence,358,,Other/Unknown,6,5,,2025,10,2025/10/13 00:00:00+00
1446195.00008847,570138.000008479,74,74,20251012-1907-00,19,Male,Black,Exceptionally Cleared,,Handgun,5000 BEATTIES FORD RD,1446195,570138,35.302332,-80.856287,North,123,2025/10/28 00:00:00+00,Other/Unknown,0,2,,2025,10,2025/10/12 00:00:00+00
1437212.00000989,526130.000098139,75,75,20251010-1732-00,53,Male,Black,Cleared by Arrest by Another Agency,,Handgun,4800 WALLINGFORD ST,1437212,526130,35.180969,-80.883591,Westover,290,2025/10/21 00:00:00+00,Robbery,3,2,,2025,10,2025/10/10 00:00:00+00
1442160.99995439,564066.000013396,76,76,20251008-2251-01,51,Male,Hispanic,Open,,Handgun,1300 WINDING BRANCH CT,1442161,564066,35.285443,-80.869422,North,158,2025/11/25 00:00:00+00,Other/Unknown,2,2,,2025,10,2025/10/08 00:00:00+00
1478818.00013106,549952.000026226,77,77,20251006-1602-02,32,Male,Hispanic,Open,,"Cutting Instrument, Handg",6300 BARRINGTON DR,1478818,549952,35.248503,-80.745772,North Tryon,249,2025/10/14 00:00:00+00,Other/Unknown,1,3,,2025,10,2025/10/06 00:00:00+00
1433646.99992205,551979.999907225,78,78,20251002-1316-01,54,Male,White,Cleared by Arrest by Another Agency,,Handgun,4400 EDDLEMAN RD,1433647,551980,35.251797,-80.897173,Freedom,385,2025/10/03 00:00:00+00,Argument,2,2,,2025,10,2025/10/02 00:00:00+00
1433646.99992205,551979.999907225,79,79,20251002-1316-01,54,Male,Hispanic,Cleared by Arrest by Another Agency,,Handgun,4400 EDDLEMAN RD,1433647,551980,35.251797,-80.897173,Freedom,385,2025/10/03 00:00:00+00,Argument,2,2,,2025,10,2025/10/02 00:00:00+00
1452008.99994339,538012.999954149,80,80,20251001-1954-03,16,Male,Hispanic,Open,,Handgun,900 METROPOLITAN AV,1452009,538013,35.214375,-80.834814,Central,476,2025/10/02 00:00:00+00,Other/Unknown,1,4,,2025,10,2025/10/01 00:00:00+00
1482748.00014505,594805.999884978,81,81,20250927-0208-00,31,Male,Black,Open,,Firearm,8800 HOLLOW CREEK CR,1482748,594806,35.371915,-80.735237,University City,195,,Other/Unknown,0,1,,2025,09,2025/09/27 00:00:00+00
1427460.00015697,511743.000000805,82,82,20250926-0921-01,,Female,Black,Cleared by Arrest by Another Agency,,Handgun,1600 DEBOER AV,1427460,511743,35.140933,-80.915293,Steele Creek,93,2025/09/26 00:00:00+00,Argument,3,2,,2025,09,2025/09/26 00:00:00+00
1431956.00002322,561622.99997814,83,83,20250921-0341-02,16,Male,Hispanic,Open,,Handgun,400 EAST TODD LN,1431956,561623,35.278199,-80.903456,Freedom,190,2025/09/26 00:00:00+00,Other/Unknown,2,2,,2025,09,2025/09/21 00:00:00+00
1451148.00002497,541738.000050068,84,84,20250921-0042-01,26,Male,Black,Open,,Handgun,200 N CALDWELL ST,1451148,541738,35.224565,-80.837927,Central,476,,Other/Unknown,1,4,,2025,09,2025/09/21 00:00:00+00
1448600.99986963,542181.000148311,85,85,20250918-1333-12,20,Male,Black,Open,,Handgun,100 BREVARD CT,1448601,542181,35.225652,-80.846481,Central,476,2025/09/18 00:00:00+00,Argument,2,4,,2025,09,2025/09/18 00:00:00+00
1412930.00001755,505004.000027388,86,86,20250917-0602-01,4,Male,Black,Cleared by Arrest,,Handgun,2200 CIGAR CT,1412930,505004,35.121639,-80.963441,Steele Creek,68,2025/10/28 00:00:00+00,Other/Unknown,3,6,,2025,09,2025/09/17 00:00:00+00
1475603.99999739,533601.999917895,87,87,20250916-0142-00,35,Male,Black,Open,,Handgun,5600 ALBEMARLE RD,1475604,533602,35.20343,-80.755567,Independence,16,2025/09/16 00:00:00+00,Other/Unknown,5,4,CENTRAL/ALBEMARLE,2025,09,2025/09/16 00:00:00+00
1459587.99987721,551527.000157058,88,88,20250907-0249-00,20,Male,Hispanic,Open,,Handgun,200 ATANDO AV,1459588,551527,35.251883,-80.810268,North Tryon,21,,Other/Unknown,1,3,GRAHAM STREET/NORTH TRYON,2025,09,2025/09/07 00:00:00+00
1443889.0001073,574822.000154898,89,89,20250902-0638-00,29,Male,Black,Open,,Handgun,4100 HYDE PARK DR,1443889,574822,35.315081,-80.864309,North,260,2025/10/15 00:00:00+00,Other/Unknown,2,2,,2025,09,2025/09/02 00:00:00+00
1437372.00001797,556403.999917477,90,90,20250828-0037-00,48,Male,Black,Open,,Handgun,200 HOSKINS MILL LN,1437372,556404,35.264145,-80.884979,Freedom,385,2025/08/30 00:00:00+00,Drugs,2,2,,2025,08,2025/08/28 00:00:00+00
1444824.99987572,537491.000013888,91,91,20250822-2155-02,,,,Open,,,1800 CAMDEN RD,1444825,537491,35.212574,-80.858829,Central,388,,,3,2,,2025,08,2025/08/22 00:00:00+00
1467456.99988721,554503.000110567,92,92,20250817-0345-01,16,Male,Black,Cleared by Arrest,,Firearms,4900 HILLSBORO AV,1467457,554503,35.260451,-80.784093,North Tryon,371,2025/09/05 00:00:00+00,Other/Unknown,1,3,,2025,08,2025/08/17 00:00:00+00
1445386.00006606,591884.00015156,93,93,20250807-0519-01,34,Female,Black,Cleared by Arrest by Another Agency,,Firearm,10200 REINDEER WAY LN,1445386,591884,35.362029,-80.860364,North,72,2025/08/20 00:00:00+00,Argument,0,1,,2025,08,2025/08/07 00:00:00+00
1467063.00001906,547928.000137225,94,94,20250803-0307-03,44,Male,Black,Open,,Knife,1900 TERRYBROOK LN,1467063,547928,35.242368,-80.785017,Eastway,10,2025/08/11 00:00:00+00,Drugs,1,3,,2025,08,2025/08/03 00:00:00+00
1439189.99999088,515802.000084892,95,95,20250802-2355-00,39,Male,Black,Open,,Handgun,6200 SOUTH BV,1439190,515802,35.152699,-80.876319,Westover,383,2025/08/03 00:00:00+00,Argument,6,5,,2025,08,2025/08/02 00:00:00+00
1473759.00007847,531595.999992892,96,96,20250728-1055-01,65,Male,White,Cleared by Arrest by Another Agency,,Physical,4600 CORONADO DR,1473759,531596,35.197829,-80.761623,Independence,16,2025/07/28 00:00:00+00,Argument,5,4,,2025,07,2025/07/28 00:00:00+00
1450627.00008272,542939.999942645,97,97,20250713-0200-00,37,Male,Black,Cleared by Arrest by Another Agency,,Firearms,300 N COLLEGE ST,1450627,542940,35.227841,-80.839745,Central,476,2025/07/17 00:00:00+00,Argument,1,4,,2025,07,2025/07/13 00:00:00+00
1472810.00000797,561927.000026315,98,98,20250707-1022-01,0,Female,White,Open,,Drugs,300 ORCHARD TRACE LN,1472810,561927,35.281109,-80.766606,North Tryon,103,2025/09/02 00:00:00+00,Other/Unknown,1,3,,2025,07,2025/07/07 00:00:00+00
1451148.00002497,541738.000050068,99,99,20250705-0130-00,18,Male,White,Open,,Handgun,200 N CALDWELL ST,1451148,541738,35.224565,-80.837927,Central,476,,Other/Unknown,1,4,,2025,07,2025/07/05 00:00:00+00
1451148.00002497,541738.000050068,100,100,20250705-0130-00,27,Male,Black,Open,,Handgun,200 N CALDWELL ST,1451148,541738,35.224565,-80.837927,Central,476,,Other/Unknown,1,4,,2025,07,2025/07/05 00:00:00+00
1478167.00012071,518868.999856398,101,101,20250702-1218-01,35,Female,Black,Exceptionally Cleared,Intimate Partner,Handgun,7300 PEBBLESTONE DR,1478167,518869,35.163079,-80.746121,Independence,246,2025/07/08 00:00:00+00,Domestic,5,4,,2025,07,2025/07/02 00:00:00+00
1469808.00010647,555250.999926895,102,102,20250626-2321-01,15,Male,Black,Cleared by Arrest,,Handgun,1000 MERRICK ST,1469808,555251,35.262621,-80.776264,North Tryon,371,2025/08/26 00:00:00+00,Other/Unknown,1,3,,2025,06,2025/06/26 00:00:00+00
1476794.99991196,549331.999953896,103,103,20250624-1928-00,24,Male,Black,Cleared by Arrest by Another Agency,,Firearm,1900 MILTON RD,1476795,549332,35.246702,-80.75251,North Tryon,223,2025/07/17 00:00:00+00,Other/Unknown,1,3,,2025,06,2025/06/24 00:00:00+00
1471059.99989906,542998.000154734,104,104,20250614-2043-00,47,Female,Black,Cleared by Arrest by Another Agency,,Handgun,3300 MAGNOLIA HILL DR,1471060,542998,35.229021,-80.771338,Eastway,389,2025/07/10 00:00:00+00,Argument,5,4,,2025,06,2025/06/14 00:00:00+00
1482338.99997881,579506.999971226,105,105,20250611-2326-03,18,Male,Black,Cleared by Arrest by Another Agency,,Handgun,11100 HYDE POINTE CT,1482339,579507,35.329867,-80.735711,University City,67,2025/07/18 00:00:00+00,Other/Unknown,4,3,,2025,06,2025/06/11 00:00:00+00
1458640.0001328,558243.999846399,106,106,20250531-0159-00,17,Female,Black,Cleared by Arrest,,Firearm,4000 N GRAHAM ST,1458640,558244,35.270289,-80.813854,North Tryon,138,2025/11/19 00:00:00+00,Gang,1,3,GRAHAM STREET/NORTH TRYON,2025,05,2025/05/31 00:00:00+00
1464597.0000298,595806.99985148,107,107,20250531-0011-00,25,Male,Black,Open,,Handgun,9300 BROKEN PINE LN,1464597,595807,35.373778,-80.796176,North,232,2025/05/31 00:00:00+00,Argument,4,1,,2025,05,2025/05/31 00:00:00+00
1458640.0001328,558243.999846399,108,108,20250524-2030-04,46,Male,Black,Cleared by Arrest by Another Agency,,Shotgun,4000 N GRAHAM ST,1458640,558244,35.270289,-80.813854,North Tryon,138,2025/05/29 00:00:00+00,Argument,1,3,GRAHAM STREET/NORTH TRYON,2025,05,2025/05/24 00:00:00+00
1450277.00012656,550331.999922395,109,109,20250523-1714-02,16,Male,Black,Open,,Handgun,1800 STROUD PARK CT,1450277,550332,35.24813,-80.841376,Metro,295,2025/05/24 00:00:00+00,Argument,1,2,,2025,05,2025/05/23 00:00:00+00
1449420.99987005,549383.999849901,110,110,20250518-1621-00,17,Male,Black,Cleared by Arrest,,Handgun,1200 SPRING ST,1449421,549384,35.245482,-80.844184,Metro,182,2025/08/26 00:00:00+00,Drugs,1,2,,2025,05,2025/05/18 00:00:00+00
1454806.99992481,542244.000022307,111,111,20250518-0303-04,17,Male,Black,Open,,Rifle,100 WINDING PATH WY,1454807,542244,35.226141,-80.825708,Eastway,200,,Other/Unknown,1,4,,2025,05,2025/05/18 00:00:00+00
1439762.00015922,545057.999971732,112,112,20250517-0240-03,27,Male,Black,Open,,Handgun,2400 FREEDOM DR,1439762,545058,35.2331,-80.876256,Metro,6,,Argument,2,2,,2025,05,2025/05/17 00:00:00+00
1477808.99985246,548092.000137314,113,113,20250515-2053-02,67,Male,Black,Open,,Handgun,2200 BRIARGROVE DR,1477809,548092,35.243344,-80.749041,North Tryon,312,,Other/Unknown,1,3,,2025,05,2025/05/15 00:00:00+00
1433564.00008805,551197.000160888,114,114,20250512-1750-01,24,Male,Black,Open,,Handgun,1200 LUCKY PENNY ST,1433564,551197,35.249642,-80.897401,Freedom,385,2025/05/14 00:00:00+00,Other/Unknown,2,2,,2025,05,2025/05/12 00:00:00+00
1464749.00005388,559971.000001311,115,115,20250508-0525-00,29,Male,Black,Cleared by Arrest by Another Agency,,Handgun,1100 W SUGAR CREEK RD,1464749,559971,35.275338,-80.793494,North Tryon,138,2025/05/09 00:00:00+00,Argument,1,3,SUGAR CREEK/I-85,2025,05,2025/05/08 00:00:00+00
1434118.9999623,514344.000048146,116,116,20250505-1551-00,26,Male,Black,Open,,Handgun,300 ARCHDALE DR,1434119,514344,35.148429,-80.893188,Steele Creek,53,2025/06/26 00:00:00+00,Argument,3,2,,2025,05,2025/05/05 00:00:00+00
1433137.9999558,554248.999962389,117,117,20250503-1550-00,18,Male,Black,Open,,Handgun,1100 BROWNS AV,1433138,554249,35.258004,-80.899023,Freedom,385,,Other/Unknown,2,2,,2025,05,2025/05/03 00:00:00+00
1461269.00012414,553969.999864221,118,118,20250503-1130-01,18,Male,Black,Cleared by Arrest by Another Agency,,Handgun,200 DRURY DR,1461269,553970,35.258679,-80.804787,North Tryon,21,2025/06/02 00:00:00+00,Other/Unknown,1,3,GRAHAM STREET/NORTH TRYON,2025,05,2025/05/03 00:00:00+00
1436317.00015947,509989.999897897,119,119,20250503-0322-00,28,Male,Hispanic,Open,,Handgun,500 BRANCH WAY CT,1436317,509990,35.136583,-80.88556,Steele Creek,116,,Argument,3,2,,2025,05,2025/05/03 00:00:00+00
1476706.00008997,565643.00014022,120,120,20250423-0257-00,22,Male,Black,Open,,Handgun,7800 UNIVERSITY CITY BV,1476706,565643,35.291507,-80.753773,University City,219,2025/04/24 00:00:00+00,Argument,4,3,,2025,04,2025/04/23 00:00:00+00
1432642.99996156,523391.999996722,121,121,20250419-2001-00,25,Male,Hispanic,Open,,Rifle,5300 S TRYON ST,1432643,523392,35.173208,-80.898704,Westover,178,2025/06/13 00:00:00+00,Argument,3,2,,2025,04,2025/04/19 00:00:00+00
1469306.00012623,553295.999899894,122,122,20250413-0603-02,23,Male,Hispanic,Open,,Firearm,200 EASTWAY DR,1469306,553296,35.257226,-80.777828,North Tryon,371,2025/08/18 00:00:00+00,Argument,1,3,,2025,04,2025/04/13 00:00:00+00
1436296.99987139,525776.00014998,123,123,20250413-0151-00,37,Male,Black,Cleared by Arrest,,Knife,200 W WOODLAWN RD,1436297,525776,35.179949,-80.88663,Westover,290,2025/04/29 00:00:00+00,Argument,3,2,,2025,04,2025/04/13 00:00:00+00
1476960.99990806,523536.000036806,124,124,20250410-1219-01,21,Male,Black,Open,,Handgun,7100 WALLACE RD,1476961,523536,35.175842,-80.750431,Independence,245,2025/04/16 00:00:00+00,Argument,5,4,,2025,04,2025/04/10 00:00:00+00
1438068.9999363,545659.000082061,125,125,20250330-1319-01,20,Male,Black,Open,,Firearm,2600 ROYSTON RD,1438069,545659,35.234663,-80.881962,Metro,124,2025/04/03 00:00:00+00,Drugs,2,2,FREEDOM DRIVE/WILKINSON,2025,03,2025/03/30 00:00:00+00
1470498.0000388,537696.999929979,126,126,20250325-2153-02,33,Male,Black,Open,,Handgun,3000 TIMBER HOLLOW DR,1470498,537697,35.21443,-80.772902,Eastway,90,,Argument,5,4,CENTRAL/ALBEMARLE,2025,03,2025/03/25 00:00:00+00
1461023.99995796,531153.999892637,127,127,20250324-0150-01,20,Male,Black,Open,Intimate Partner,Knife,3400 BURKLAND DR,1461024,531154,35.195986,-80.804218,Providence,370,2025/03/24 00:00:00+00,Domestic,1,4,,2025,03,2025/03/24 00:00:00+00
1433564.00008805,551197.000160888,128,128,20250301-2109-02,28,Female,Black,Cleared by Arrest by Another Agency,,Handgun,1200 LUCKY PENNY ST,1433564,551197,35.249642,-80.897401,Freedom,385,2025/03/16 00:00:00+00,Argument,2,2,,2025,03,2025/03/01 00:00:00+00
1454138.99994847,551547.000117064,129,129,20250220-2109-00,28,Male,Black,Cleared by Arrest by Another Agency,,Firearm,2400 LUCENA ST,1454139,551547,35.251664,-80.828518,Metro,363,2025/04/22 00:00:00+00,Drugs,1,3,,2025,02,2025/02/20 00:00:00+00
1449951.00012238,542371.000096396,130,130,20250220-1305-04,20,Male,Black,Cleared by Arrest,,Knife,300 E TRADE ST,1449951,542371,35.226243,-80.841973,Central,476,2025/02/28 00:00:00+00,Other/Unknown,1,4,,2025,02,2025/02/20 00:00:00+00
1434246.00003639,550161.999934316,131,131,20250208-1741-02,34,Male,Black,Cleared by Arrest by Another Agency,,Handgun,3400 FREEDOM DR,1434246,550162,35.246834,-80.895051,Metro,6,2025/02/08 00:00:00+00,Argument,2,2,FREEDOM DRIVE/WILKINSON,2025,02,2025/02/08 00:00:00+00
1446668.00012672,552665.999847561,132,132,20250208-1329-00,20,Female,Hispanic,Cleared by Arrest,,Handgun,2000 VINTON ST,1446668,552666,35.254357,-80.853608,Metro,311,2025/05/09 00:00:00+00,Drugs,1,2,,2025,02,2025/02/08 00:00:00+00
1470198.99998064,554113.999904305,133,133,20250207-0953-03,27,Female,Black,Open,,Handgun,400 STITT RD,1470199,554114,35.259517,-80.774886,North Tryon,371,2025/02/07 00:00:00+00,Argument,1,3,,2025,02,2025/02/07 00:00:00+00
1456236.00001955,551076.000074804,134,134,20250122-2159-00,61,Male,Black,Open,,Shotgun,2500 CATALINA AV,1456236,551076,35.250476,-80.821466,Metro,369,2025/05/06 00:00:00+00,Other/Unknown,1,3,GRAHAM STREET/NORTH TRYON,2025,01,2025/01/22 00:00:00+00
1450072.99987839,544771.999887556,135,135,20250122-1846-00,15,Male,Black,Cleared by Arrest by Another Agency,,Handgun,400 W 8TH ST,1450073,544772,35.232845,-80.841714,Central,476,2025/01/23 00:00:00+00,Other/Unknown,2,4,,2025,01,2025/01/22 00:00:00+00
1427293.00016288,536008.00002715,136,136,20250121-2208-00,28,Male,Black,Cleared by Arrest by Another Agency,Intimate Partner,Handgun,5700 LEAKE ST,1427293,536008,35.207584,-80.917419,Westover,306,2025/01/22 00:00:00+00,Domestic,3,2,,2025,01,2025/01/21 00:00:00+00
1482129.00007072,594781.999932975,137,137,20250118-1612-02,,Male,Black,Cleared by Arrest,,Handgun,8700 HOLLOW CREEK CR,1482129,594782,35.37182,-80.737311,University City,195,2025/03/12 00:00:00+00,Drugs,0,1,,2025,01,2025/01/18 00:00:00+00
1434550.00008455,561834.999882221,138,138,20250114-1938-00,19,Male,Black,Cleared by Arrest,,Handgun,5600 BROOKSHIRE BV,1434550,561835,35.278918,-80.894779,North,158,2025/01/27 00:00:00+00,Drugs,2,2,,2025,01,2025/01/14 00:00:00+00
1484981.99994214,537448.000099897,139,139,20250111-2123-00,40,Female,White,Open,,Vehicle,7700 E W T HARRIS BV,1484982,537448,35.214447,-80.724402,Hickory Grove,183,2025/02/26 00:00:00+00,Other/Unknown,5,4,,2025,01,2025/01/11 00:00:00+00
1475329.99988922,573133.999921978,140,140,20250109-2158-03,29,Male,Hispanic,Cleared by Arrest by Another Agency,,Handgun,26000 S I-85 HY,1475330,573134,35.31202,-80.758829,University City,331,2025/01/16 00:00:00+00,Other/Unknown,4,3,,2025,01,2025/01/09 00:00:00+00
1475247.00005522,563894.000029311,141,141,20241230-2121-03,,,,Open,,,8200 DAVE MCKINNEY AV,1475247,563894,35.286632,-80.758558,University City,234,,,4,3,,2024,12,2024/12/30 00:00:00+00
1476706.00008997,565643.00014022,142,142,20241229-2249-00,35,Male,Black,Open,,Handgun,7800 UNIVERSITY CITY BV,1476706,565643,35.291507,-80.753773,University City,219,,Robbery,4,3,,2024,12,2024/12/29 00:00:00+00
1528658.9998583,536144.000083223,143,143,20241229-2212-00,31,Male,White,Cleared by Arrest,,Rifle,10300 OLD CAMDEN RD,1528659,536144,35.212861,-80.578117,Hickory Grove,396,2025/02/14 00:00:00+00,Argument,0,6,,2024,12,2024/12/29 00:00:00+00
1427370.00000888,536859.999963567,144,144,20241229-1244-02,18,Male,Black,Open,,Firearm,3200 NOBLES AV,1427370,536860,35.209929,-80.917217,Westover,306,2025/01/15 00:00:00+00,Other/Unknown,3,2,,2024,12,2024/12/29 00:00:00+00
1478660.00011897,541424.00002189,145,145,20241225-2320-00,19,Female,Black,Cleared by Arrest by Another Agency,,Handgun,4800 SHAMROCK DR,1478660,541424,35.225067,-80.745799,Hickory Grove,167,2025/01/23 00:00:00+00,Drugs,5,4,,2024,12,2024/12/25 00:00:00+00
1477042.00007413,583639.999907315,146,146,20241222-0114-00,65,Male,White,Cleared by Arrest by Another Agency,,Physical,2000 ARBOR CREST CT,1477042,583640,35.340965,-80.753713,University City,153,2024/12/22 00:00:00+00,Domestic,4,3,,2024,12,2024/12/22 00:00:00+00
1462180.99994056,553199.000093892,147,147,20241217-1128-02,28,Male,Black,Open,,Handgun,3800 PERENNIAL TERRACE DR,1462181,553199,35.256606,-80.801685,North Tryon,21,2024/12/18 00:00:00+00,Drugs,1,3,SUGAR CREEK/I-85,2024,12,2024/12/17 00:00:00+00
1434118.9999623,514344.000048146,148,148,20241213-1002-02,43,Female,Black,Cleared by Arrest by Another Agency,,Handgun,300 ARCHDALE DR,1434119,514344,35.148429,-80.893188,Steele Creek,53,2024/12/14 00:00:00+00,Argument,3,2,,2024,12,2024/12/13 00:00:00+00
1435337.00015096,515982.000052974,149,149,20241209-0551-02,25,Male,Hispanic,Open,,"Handgun, Rifle",600 ARCHDALE DR,1435337,515982,35.152993,-80.889219,Steele Creek,212,2024/12/10 00:00:00+00,Other/Unknown,3,2,,2024,12,2024/12/09 00:00:00+00
1445294.99991997,546159.00006631,150,150,20241207-1845-00,25,Male,Black,Open,,Handgun,1400 W TRADE ST,1445295,546159,35.236411,-80.857799,Metro,51,2024/12/13 00:00:00+00,Drugs,2,4,,2024,12,2024/12/07 00:00:00+00
1439189.99999088,515802.000084892,151,151,20241201-2006-01,17,Male,Hispanic,Open,,Handgun,6200 SOUTH BV,1439190,515802,35.152699,-80.876319,Westover,383,,Other/Unknown,3,2,,2024,12,2024/12/01 00:00:00+00
1446234.00001048,541665.999865979,152,152,20241201-0212-01,23,Male,White,Open,,Vehicle,400 W MOREHEAD ST,1446234,541666,35.224116,-80.854374,Providence,3,2024/12/02 00:00:00+00,Other/Unknown,1,4,,2024,12,2024/12/01 00:00:00+00
1435861.00008722,531789.999932975,153,153,20241130-0017-00,19,Male,Hispanic,Open,,Firearm,4100 REVOLUTION PARK DR,1435861,531790,35.196448,-80.888472,Westover,290,,Other/Unknown,3,2,,2024,11,2024/11/30 00:00:00+00
1432309.99997139,537326.00001581,154,154,20241128-1823-00,44,Male,Black,Cleared by Arrest by Another Agency,,Physical,2300 WEST BV,1432310,537326,35.21147,-80.900711,Westover,120,2024/11/29 00:00:00+00,Argument,3,2,WEST BOULEVARD,2024,11,2024/11/28 00:00:00+00
1465926.99999447,560906.000099808,155,155,20241119-1732-01,53,Male,Black,Open,,Handgun,1400 TOM HUNTER RD,1465927,560906,35.277965,-80.789604,North Tryon,371,2024/12/24 00:00:00+00,Other/Unknown,1,3,,2024,11,2024/11/19 00:00:00+00
1471707.99991539,558377.99990648,156,156,20241119-1051-01,29,Male,Black,Cleared by Arrest by Another Agency,,Handgun,400 W ARROWHEAD DR,1471708,558378,35.271305,-80.770086,North Tryon,101,2024/12/13 00:00:00+00,Argument,1,3,,2024,11,2024/11/19 00:00:00+00
1480478.00009188,593285.999972224,157,157,20241113-1524-04,33,Female,Black,Cleared by Arrest by Another Agency,Intimate Partner,Handgun,5400 STRIVE ST,1480478,593286,35.367631,-80.742761,University City,195,2024/11/13 00:00:00+00,Domestic,0,1,,2024,11,2024/11/13 00:00:00+00
1425255.99997181,515160.000056565,158,158,20241112-0339-00,22,Male,Black,Cleared by Arrest by Another Agency,,Firearm,2200 YORKHILLS DR,1425256,515160,35.150203,-80.922886,Steele Creek,307,2025/03/14 00:00:00+00,Other/Unknown,3,2,,2024,11,2024/11/12 00:00:00+00
1464004.99990147,537276.000115812,159,159,20241110-1527-00,17,Male,Hispanic,Open,,Firearm,1600 EASTCREST DR,1464005,537276,35.212953,-80.794612,Eastway,86,,Robbery,1,4,,2024,11,2024/11/10 00:00:00+00
1448440.99986155,542361.000116393,160,160,20241102-2151-01,17,Male,Black,Open,,Handgun,300 S CHURCH ST,1448441,542361,35.226138,-80.847028,Central,476,,Other/Unknown,2,4,,2024,11,2024/11/02 00:00:00+00
1460889.99989788,473588.999865398,161,161,20241025-2352-05,18,Male,White,Cleared by Arrest by Another Agency,,Handgun,12800 JAMES BLAKENEY AV,1460890,473589,35.037834,-80.801171,South,204,2024/10/28 00:00:00+00,Drugs,7,6,,2024,10,2024/10/25 00:00:00+00
1450684.99996673,549758.000086144,162,162,20241023-1547-01,25,Male,Hispanic,Cleared by Arrest,,Handgun,1100 OAKLAWN AV,1450685,549758,35.246574,-80.839974,Metro,295,2025/04/14 00:00:00+00,Drugs,1,2,,2024,10,2024/10/23 00:00:00+00
1476209.00009972,564718.000021726,163,163,20241016-2211-00,25,Male,Black,Cleared by Arrest by Another Agency,,Knife,400 FALLING WATERS CT,1476209,564718,35.288942,-80.755384,University City,219,2024/10/25 00:00:00+00,Argument,4,3,,2024,10,2024/10/16 00:00:00+00
1432918.00006773,537340.999985814,164,164,20241015-0056-01,56,Male,Black,Open,,Handgun,2900 REID AV,1432918,537341,35.211543,-80.898677,Westover,159,,Other/Unknown,3,2,WEST BOULEVARD,2024,10,2024/10/15 00:00:00+00
1475038.00014514,535483.000092894,165,165,20241014-0700-00,25,Male,Hispanic,Cleared by Arrest by Another Agency,,Handgun,3600 N SHARON AMITY RD,1475038,535483,35.20857,-80.757573,Eastway,164,2024/10/19 00:00:00+00,Other/Unknown,5,4,CENTRAL/ALBEMARLE,2024,10,2024/10/14 00:00:00+00
1454806.99992481,542244.000022307,166,166,20241008-0910-00,32,Male,Black,Cleared by Arrest by Another Agency,,Firearm,100 WINDING PATH WY,1454807,542244,35.226141,-80.825708,Eastway,200,2024/11/05 00:00:00+00,Argument,1,4,,2024,10,2024/10/08 00:00:00+00
1435475.99987297,566139.000132471,167,167,20241007-1055-02,24,Male,Black,Cleared by Arrest by Another Agency,,Handgun,400 PEACHTREE DR,1435476,566139,35.29079,-80.891952,Westover,121,2024/11/12 00:00:00+00,Argument,3,2,,2024,10,2024/10/07 00:00:00+00
1472855.99991597,560430.000067562,168,168,20241003-2255-04,22,Male,Black,Cleared by Arrest by Another Agency,,Handgun,100 TOM HUNTER RD,1472856,560430,35.276999,-80.766363,North Tryon,103,2024/10/24 00:00:00+00,Other/Unknown,1,3,,2024,10,2024/10/03 00:00:00+00
1464004.99990147,537276.000115812,169,169,20240926-0731-01,25,Male,Black,Open,,Handgun,1700 EASTCREST DR,1464005,537276,35.212953,-80.794612,Eastway,86,2024/12/24 00:00:00+00,Other/Unknown,1,4,,2024,09,2024/09/26 00:00:00+00
1476356.0001338,518412.000114232,170,170,20240915-0121-01,19,Male,Black,Open,,Firearm,1600 HOLLOW DR,1476356,518412,35.161735,-80.752153,Independence,246,,Other/Unknown,5,4,,2024,09,2024/09/15 00:00:00+00
1422648.99993648,510715.000088304,171,171,20240913-1319-00,62,Female,Black,Exceptionally Cleared,Intimate Partner,Handgun,9200 KINGS PARADE BV,1422649,510715,35.137852,-80.931316,Steele Creek,92,2025/08/23 00:00:00+00,Domestic,3,2,,2024,09,2024/09/13 00:00:00+00
1490955.00013521,531841.000159055,172,172,20240912-2222-00,23,Male,Hispanic,Open,,Handgun,1000 TIMBER LAKE DR,1490955,531841,35.199327,-80.704084,Hickory Grove,146,,Other/Unknown,5,4,,2024,09,2024/09/12 00:00:00+00
1436080.99997531,512704.000047311,173,173,20240910-1055-06,15,Male,Black,Cleared by Arrest,,Handgun,600 SILVERLEAF RD,1436081,512704,35.144026,-80.886522,Steele Creek,71,2024/10/22 00:00:00+00,Other/Unknown,3,2,,2024,09,2024/09/10 00:00:00+00
1483011.99994513,516632.000065312,174,174,20240906-0153-00,23,Female,Black,Cleared by Arrest by Another Agency,Intimate Partner,Handgun,8100 WOODWAY OAK CR,1483012,516632,35.157166,-80.729782,Independence,107,2024/09/18 00:00:00+00,Domestic,5,4,,2024,09,2024/09/06 00:00:00+00
1459422.99987914,560791.999999732,175,175,20240817-2315-01,47,Female,Black,Cleared by Arrest by Another Agency,,Blunt Trauma,4200 TRAILER DR,1459423,560792,35.277328,-80.811387,North,160,2024/08/18 00:00:00+00,Other/Unknown,1,3,,2024,08,2024/08/17 00:00:00+00
1440800.00005172,479584.000014484,176,176,20240813-0809-01,17,Male,White,Cleared by Arrest by Another Agency,,Firearm,14300 WYNHOLLOW DOWNS LN,1440800,479584,35.053283,-80.868653,South,355,2024/10/11 00:00:00+00,Drugs,7,6,,2024,08,2024/08/13 00:00:00+00
1434091.0000183,535757.999870971,177,177,20240811-1302-02,37,Male,Black,Cleared by Arrest by Another Agency,,Handgun,2200 CARONIA ST,1434091,535758,35.207256,-80.894649,Westover,120,2024/08/11 00:00:00+00,Drugs,3,2,,2024,08,2024/08/11 00:00:00+00
1520569.99996021,528599.00008139,178,178,20240810-1621-00,23,Male,Hispanic,Open,,Handgun,8900 ARLINGTON CHURCH RD,1520570,528599,35.191776,-80.604787,Hickory Grove,396,,Gang,0,6,,2024,08,2024/08/10 00:00:00+00
1471970.00004755,544868.000023648,179,179,20240802-2345-01,57,Male,Hispanic,Cleared by Arrest by Another Agency,,Handgun,3500 SHAMROCK DR,1471970,544868,35.234203,-80.768402,North Tryon,128,2024/09/03 00:00:00+00,Robbery,1,3,,2024,08,2024/08/02 00:00:00+00
1443306.99995898,525838.000025973,180,180,20240729-0154-00,27,Male,Hispanic,Open,,Knife,800 SHADOW ELM DR,1443307,525838,35.180483,-80.863178,Westover,226,2024/08/01 00:00:00+00,Argument,1,5,,2024,07,2024/07/29 00:00:00+00
1458964.00014096,544665.000101566,181,181,20240726-1943-02,38,Male,Black,Open,,Handgun,1300 PARKWOOD AV,1458964,544665,35.233001,-80.811938,Eastway,386,,Other/Unknown,1,3,,2024,07,2024/07/26 00:00:00+00
1464817.99991588,529176.999909639,182,182,20240724-1338-00,79,Male,Black,Cleared by Arrest by Another Agency,,Knife,1000 BOBBY LN,1464818,529177,35.190744,-80.791401,Providence,394,2024/07/25 00:00:00+00,Domestic,5,5,,2024,07,2024/07/24 00:00:00+00
1409898.99984597,520046.000127062,183,183,20240722-0133-00,21,Male,Black,Open,,Handgun,8900 RACHEL FREEMAN WY,1409899,520046,35.162797,-80.974576,Steele Creek,45,2024/10/04 00:00:00+00,Other/Unknown,3,2,,2024,07,2024/07/22 00:00:00+00
1497599.99996856,551880.000107229,184,184,20240718-1319-01,18,Male,Black,Open,,Firearm,8300 FOUR SISTERS LN,1497600,551880,35.254691,-80.682981,Hickory Grove,242,2024/12/30 00:00:00+00,Other/Unknown,5,4,,2024,07,2024/07/18 00:00:00+00
1447236.99997297,516574.999851227,185,185,20240714-1328-00,32,Female,White,Open,,Knife,5500 WERBURGH ST,1447237,516575,35.155237,-80.849451,Providence,8,2025/03/24 00:00:00+00,Other/Unknown,6,5,,2024,07,2024/07/14 00:00:00+00
1461557.99987422,571616.00000523,186,186,20240709-1729-01,19,Male,Black,Open,,Handgun,6100 CARVER BV,1461558,571616,35.30717,-80.804894,University City,283,2024/08/29 00:00:00+00,Drugs,2,3,,2024,07,2024/07/09 00:00:00+00
1451559.99985714,558154.00002639,187,187,20240709-0116-01,58,Male,Black,Cleared by Arrest,,Firearm,3800 STATESVILLE AV,1451560,558154,35.269684,-80.837565,Metro,363,2024/07/11 00:00:00+00,Other/Unknown,1,3,,2024,07,2024/07/09 00:00:00+00
1438308.00011447,540521.999857396,188,188,20240708-2044-00,29,Male,Black,Cleared by Arrest by Another Agency,,Handgun,1500 PARKER DR,1438308,540522,35.220564,-80.880836,Westover,317,2024/11/19 00:00:00+00,Drugs,3,2,,2024,07,2024/07/08 00:00:00+00
1442529.99987255,585697.000058398,189,189,20240708-1731-00,37,Male,Hispanic,Cleared by Arrest by Another Agency,,Handgun,8900 CINNABAY DR,1442530,585697,35.344885,-80.869551,North,191,2024/07/08 00:00:00+00,Domestic,4,1,,2024,07,2024/07/08 00:00:00+00
1456408.00000364,483725.999932557,190,190,20240708-0522-01,36,Male,Black,Cleared by Arrest by Another Agency,,Handgun,7300 REA RD,1456408,483726,35.065458,-80.816762,South,262,2024/07/17 00:00:00+00,Other/Unknown,7,6,,2024,07,2024/07/08 00:00:00+00
1457743.99995631,568585.000161722,191,191,20240702-1744-00,63,Female,Black,Exceptionally Cleared,Intimate Partner,Handgun,4000 JOHN DALE LN,1457744,568585,35.298652,-80.81749,North,150,2025/01/14 00:00:00+00,Domestic,2,3,,2024,07,2024/07/02 00:00:00+00
1499014.00009331,553135.999891818,192,192,20240623-1109-00,24,Male,Black,Cleared by Arrest by Another Agency,,Handgun,9000 FAIRES RD,1499014,553136,35.258207,-80.678316,University City,324,2024/06/25 00:00:00+00,Argument,0,3,,2024,06,2024/06/23 00:00:00+00
1439066.9999088,503022.000054389,193,193,20240621-1825-02,,Female,Other/Unknown,Open,,Arson,1600 SHARON RD WEST,1439067,503022,35.117583,-80.875923,Steele Creek,142,,Other/Unknown,6,5,,2024,06,2024/06/21 00:00:00+00
1460482.00005773,560046.999849305,194,194,20240620-0356-00,35,Male,Black,Cleared by Arrest by Another Agency,,Handgun,4300 OLD INTERSTATE RD,1460482,560047,35.275334,-80.807793,North Tryon,138,2024/07/11 00:00:00+00,Robbery,1,3,,2024,06,2024/06/20 00:00:00+00
1435954.99989922,553068.000027806,195,195,20240616-2221-02,27,Female,Hispanic,Cleared by Arrest by Another Agency,,Handgun,4100 GLENWOOD DR,1435955,553068,35.254907,-80.889513,Metro,6,2024/07/02 00:00:00+00,Other/Unknown,2,2,,2024,06,2024/06/16 00:00:00+00
1449789.0001183,545090.99990572,196,196,20240614-1408-03,36,Male,Black,Cleared by Arrest by Another Agency,,Physical,500 N GRAHAM ST,1449789,545091,35.233707,-80.842685,Central,476,2024/07/05 00:00:00+00,Argument,2,4,,2024,06,2024/06/14 00:00:00+00
1434056.0000883,513686.000051811,197,197,20240613-1241-00,32,Male,Black,Cleared by Arrest by Another Agency,,Knife,800 FARMHURST DR,1434056,513686,35.146618,-80.893357,Steele Creek,53,2024/06/15 00:00:00+00,Other/Unknown,3,2,,2024,06,2024/06/13 00:00:00+00
1451519.99993713,544290.999865308,198,198,20240608-0147-01,30,Male,Black,Cleared by Arrest by Another Agency,,Handgun,600 N TRYON ST,1451520,544291,35.231598,-80.836839,Central,476,2024/08/02 00:00:00+00,Argument,1,4,,2024,06,2024/06/08 00:00:00+00
1467489.00015131,558470.00005056,199,199,20240602-0304-02,18,Male,Hispanic,Open,,Handgun,1000 ECHO GLEN RD,1467489,558470,35.27135,-80.784225,North Tryon,371,,Other/Unknown,1,3,,2024,06,2024/06/02 00:00:00+00
1472855.99991597,560430.000067562,200,200,20240602-0146-03,39,Male,Black,Cleared by Arrest by Another Agency,,Firearm,100 TOM HUNTER RD,1472856,560430,35.276999,-80.766363,North Tryon,103,2024/07/23 00:00:00+00,Argument,1,3,,2024,06,2024/06/02 00:00:00+00
1434809.99989264,510329.999874055,201,201,20240527-2245-03,54,Male,Hispanic,Open,,Firearm,100 KINGSFORD DR,1434810,510330,35.137438,-80.890621,Steele Creek,79,,Other/Unknown,3,2,,2024,05,2024/05/27 00:00:00+00
1477230.00002623,531732.00004898,202,202,20240526-0503-02,23,Male,Hispanic,Cleared by Arrest by Another Agency,,Handgun,6100 WINGED ELM CT,1477230,531732,35.198371,-80.750014,Independence,135,2024/06/03 00:00:00+00,Argument,5,4,,2024,05,2024/05/26 00:00:00+00
1474966.99995905,558192.999948397,203,203,20240522-1643-01,14,Male,Black,Cleared by Arrest,,Handgun,200 ANN ELIZABETH DR,1474967,558193,35.270956,-80.759158,North Tryon,234,2024/05/23 00:00:00+00,Argument,4,3,,2024,05,2024/05/22 00:00:00+00
1475435.0000073,564956.999871805,204,204,20240522-0058-00,20,Male,Black,Open,,Firearm,7500 N TRYON ST,1475435,564957,35.289561,-80.757992,University City,331,,Other/Unknown,4,3,,2024,05,2024/05/22 00:00:00+00
1453467.99997814,583389.000081226,205,205,20240521-1032-03,,Male,Other/Unknown,Exceptionally Cleared,Intimate Partner,Handgun,8600 HANKINS RD,1453468,583389,35.339105,-80.832734,North,38,2024/05/24 00:00:00+00,Domestic,4,1,,2024,05,2024/05/21 00:00:00+00
1470670.00002289,542037.000108227,206,206,20240512-0449-00,,Male,Hispanic,Cleared by Arrest by Another Agency,,Handgun,2200 KILBORNE DR,1470670,542037,35.226362,-80.772586,Eastway,389,2024/09/01 00:00:00+00,Argument,5,4,,2024,05,2024/05/12 00:00:00+00
1497478.99988247,535947.000149146,207,207,20240505-1752-04,51,Male,Black,Cleared by Arrest by Another Agency,,Handgun,9600 ALBEMARLE RD,1497479,535947,35.210913,-80.682482,Hickory Grove,323,2024/10/09 00:00:00+00,Argument,5,4,,2024,05,2024/05/05 00:00:00+00
1458587.99990872,567385.999935061,208,208,20240502-2244-01,26,Male,Black,Cleared by Arrest by Another Agency,,Handgun,5100 HOOVER DR,1458588,567386,35.295401,-80.814588,North,150,2024/05/04 00:00:00+00,Argument,2,3,,2024,05,2024/05/02 00:00:00+00
1475576.00005339,548028.999935225,209,209,20240429-1333-00,42,Unknown,Other/Unknown,Exceptionally Cleared,,Rifle,5500 GALWAY DR,1475576,548029,35.243063,-80.756515,North Tryon,223,2024/04/29 00:00:00+00,Other/Unknown,1,3,,2024,04,2024/04/29 00:00:00+00
1475576.00005339,548028.999935225,210,210,20240429-1333-00,48,Unknown,Other/Unknown,Exceptionally Cleared,,Rifle,5500 GALWAY DR,1475576,548029,35.243063,-80.756515,North Tryon,223,2024/04/29 00:00:00+00,Other/Unknown,1,3,,2024,04,2024/04/29 00:00:00+00
1475576.00005339,548028.999935225,211,211,20240429-1333-00,46,Unknown,Other/Unknown,Exceptionally Cleared,,Rifle,5500 GALWAY DR,1475576,548029,35.243063,-80.756515,North Tryon,223,2024/04/29 00:00:00+00,Other/Unknown,1,3,,2024,04,2024/04/29 00:00:00+00
1475576.00005339,548028.999935225,212,212,20240429-1333-00,31,Unknown,Other/Unknown,Exceptionally Cleared,,Rifle,5500 GALWAY DR,1475576,548029,35.243063,-80.756515,North Tryon,223,2024/04/29 00:00:00+00,Other/Unknown,1,3,,2024,04,2024/04/29 00:00:00+00
1420550.99986738,527411.000160813,213,213,20240428-0229-01,21,Male,White,Cleared by Arrest by Another Agency,Intimate Partner,Handgun,7800 DOUGLAS DR,1420551,527411,35.183607,-80.939423,Steele Creek,174,2024/05/28 00:00:00+00,Domestic,3,2,,2024,04,2024/04/28 00:00:00+00
1435506.00014105,526075.999878064,214,214,20240419-0308-00,45,Male,Black,Cleared by Arrest by Another Agency,Intimate Partner,Handgun,4800 S TRYON ST,1435506,526076,35.180732,-80.889296,Westover,178,2024/04/19 00:00:00+00,Domestic,3,2,,2024,04,2024/04/19 00:00:00+00
1498079.9999928,538377.999880314,215,215,20240412-1841-01,17,Male,Black,Cleared by Arrest,,Handgun,7500 BOSWELL RD,1498080,538378,35.21762,-80.680608,Hickory Grove,229,2024/05/28 00:00:00+00,Drugs,5,4,,2024,04,2024/04/12 00:00:00+00
1491061.99992122,538481.000002399,216,216,20240412-1703-02,21,Male,Hispanic,Cleared by Arrest by Another Agency,,Handgun,8000 HOLLY HILL RD,1491062,538481,35.217574,-80.704108,Hickory Grove,323,2024/05/09 00:00:00+00,Other/Unknown,5,4,,2024,04,2024/04/12 00:00:00+00
1449576.99988614,549789.00002414,217,217,20240411-0108-01,37,Male,Black,Open,,Handgun,1400 FONTANA AV,1449577,549789,35.246603,-80.843687,Metro,182,,Other/Unknown,1,2,,2024,04,2024/04/11 00:00:00+00
1453817.9999343,553012.000139818,218,218,20240407-1859-03,21,Male,Hispanic,Cleared by Arrest,,Handgun,2600 DRUID HILLS WY,1453818,553012,35.255672,-80.829683,Metro,363,2026/02/24 00:00:00+00,Robbery,1,3,,2024,04,2024/04/07 00:00:00+00
1485609.99999847,570711.99984473,219,219,20240331-1627-00,25,Male,Black,Cleared by Arrest by Another Agency,,Handgun,9600 UNIVERSITY CITY BV,1485610,570712,35.305861,-80.724234,University City,299,2024/04/18 00:00:00+00,Drugs,4,3,,2024,03,2024/03/31 00:00:00+00
1438289.00015247,557286.000121981,220,220,20240329-1421-03,17,Male,Black,Cleared by Arrest,,Handgun,200 N HOSKINS RD,1438289,557286,35.266616,-80.881964,Freedom,141,2024/03/30 00:00:00+00,Robbery,2,2,,2024,03,2024/03/29 00:00:00+00
1486165.99987072,530709.000126481,221,221,20240328-2246-01,26,Male,Black,Cleared by Arrest by Another Agency,,Handgun,7400 BLYTHWOOD LN,1486166,530709,35.19599,-80.720047,Independence,268,2024/03/29 00:00:00+00,Argument,5,4,,2024,03,2024/03/28 00:00:00+00
1424613.99994346,553039.000085816,222,222,20240326-0520-03,36,Male,Black,Cleared by Arrest by Another Agency,,Firearm,2300 TODDVILLE RD,1424614,553039,35.254228,-80.927493,Freedom,258,2024/04/06 00:00:00+00,Robbery,2,2,,2024,03,2024/03/26 00:00:00+00
1438309.00011247,555935.999869227,223,223,20240322-0203-02,44,Male,Black,Cleared by Arrest by Another Agency,,Handgun,100 N CRIGLER ST,1438309,555936,35.262909,-80.881811,Freedom,385,2024/06/21 00:00:00+00,Robbery,2,2,,2024,03,2024/03/22 00:00:00+00
1409942.00008805,548978.000005722,224,224,20240321-1837-00,53,Male,Black,Cleared by Arrest by Another Agency,,Handgun,8000 SCOTTVIEW DR,1409942,548978,35.242279,-80.97636,Freedom,286,2024/03/22 00:00:00+00,Domestic,0,2,,2024,03,2024/03/21 00:00:00+00
1433710.00012414,554304.999850392,225,225,20240317-0508-02,31,Male,Black,Cleared by Arrest by Another Agency,,Handgun,300 BRADFORD DR,1433710,554305,35.258187,-80.897111,Freedom,385,2024/08/17 00:00:00+00,Argument,2,2,,2024,03,2024/03/17 00:00:00+00
1445614.99993613,571120.000012979,226,226,20240317-0508-01,26,Female,Black,Cleared by Arrest by Another Agency,,Handgun,4300 SUNSET RD,1445615,571120,35.305,-80.858292,North,260,2024/03/18 00:00:00+00,Argument,2,2,,2024,03,2024/03/17 00:00:00+00
1438923.99986672,555994.000081316,227,227,20240316-0339-04,58,Male,Black,Cleared by Arrest by Another Agency,,Vehicle,3800 BROOKSHIRE BV,1438924,555994,35.2631,-80.879755,Freedom,141,2024/11/05 00:00:00+00,Other/Unknown,2,2,,2024,03,2024/03/16 00:00:00+00
1472810.00000797,561927.000026315,228,228,20240315-1439-02,4,Female,Black,Cleared by Arrest by Another Agency,Intimate Partner,Unknown,400 ORCHARD TRACE LN,1472810,561927,35.281109,-80.766606,North Tryon,103,2024/03/16 00:00:00+00,Domestic,1,3,,2024,03,2024/03/15 00:00:00+00
1472810.00000797,561927.000026315,229,229,20240315-1439-02,22,Female,Black,Cleared by Arrest by Another Agency,Intimate Partner,Unknown,400 ORCHARD TRACE LN,1472810,561927,35.281109,-80.766606,North Tryon,103,2024/03/16 00:00:00+00,Domestic,1,3,,2024,03,2024/03/15 00:00:00+00
1472810.00000797,561927.000026315,230,230,20240315-1439-02,0,Male,Black,Cleared by Arrest by Another Agency,Intimate Partner,Unknown,400 ORCHARD TRACE LN,1472810,561927,35.281109,-80.766606,North Tryon,103,2024/03/16 00:00:00+00,Domestic,1,3,,2024,03,2024/03/15 00:00:00+00
1448719.99995972,570719.000158817,231,231,20240314-1354-00,20,Male,Black,Cleared by Arrest by Another Agency,,Handgun,4500 TANAGER PARK DR,1448720,570719,35.304057,-80.847862,North,125,2024/12/24 00:00:00+00,Drugs,2,3,,2024,03,2024/03/14 00:00:00+00
1413200.00013372,513292.999853566,232,232,20240312-1202-00,23,Male,Black,Cleared by Arrest by Another Agency,,Handgun,11600 RED HICKORY LN,1413200,513293,35.144425,-80.963087,Steele Creek,313,2024/04/01 00:00:00+00,Other/Unknown,3,2,,2024,03,2024/03/12 00:00:00+00
1440833.99998371,533884.000010058,233,233,20240309-1928-01,21,Male,Black,Cleared by Arrest,,Firearm,400 FAIRWOOD AV,1440834,533884,35.202459,-80.871961,Westover,30,2024/04/02 00:00:00+00,Robbery,3,2,,2024,03,2024/03/09 00:00:00+00
1450626.00008471,543546.000042975,234,234,20240304-0601-00,46,Female,White,Cleared by Arrest,,Knife,400 N TRYON ST,1450626,543546,35.229505,-80.839786,Central,476,2024/03/04 00:00:00+00,Argument,2,4,,2024,03,2024/03/04 00:00:00+00
1445294.99991997,546159.00006631,235,235,20240229-0842-01,24,Male,White,Open,,Handgun,1400 W TRADE ST,1445295,546159,35.236411,-80.857799,Metro,51,,Other/Unknown,2,4,,2024,02,2024/02/29 00:00:00+00
1431301.00002089,542256.999996305,236,236,20240215-0023-00,24,Male,Black,Cleared by Arrest,,Handgun,3800 WILKINSON BV,1431301,542257,35.224963,-80.904405,Freedom,387,2024/03/07 00:00:00+00,Other/Unknown,3,2,FREEDOM DRIVE/WILKINSON,2024,02,2024/02/15 00:00:00+00
1406533.0000163,491707.000046641,237,237,20240214-2149-01,32,Female,White,Cleared by Arrest by Another Agency,,Handgun,13900 CASTLE NOOK DR,1406533,491707,35.084761,-80.983942,Steele Creek,289,2024/02/20 00:00:00+00,Other/Unknown,3,6,,2024,02,2024/02/14 00:00:00+00
1421736.00012206,550027.999874234,238,238,20240214-1434-00,21,Male,Black,Cleared by Arrest,,Rifle,2500 LITTLE ROCK RD,1421736,550028,35.245803,-80.936935,Freedom,119,2024/02/26 00:00:00+00,Other/Unknown,3,2,,2024,02,2024/02/14 00:00:00+00
1419857.99994105,511220.000062555,239,239,20240213-1218-00,39,Male,Black,Exceptionally Cleared,,Firearm,8800 CAMDEN CREEK LN,1419858,511220,35.13909,-80.940683,Steele Creek,95,2024/04/10 00:00:00+00,Other/Unknown,3,2,,2024,02,2024/02/13 00:00:00+00
1439553.99991906,526495.000024304,240,240,20240211-0112-04,26,Male,Black,Cleared by Arrest by Another Agency,,Handgun,4500 SOUTH BV,1439554,526495,35.182094,-80.875778,Westover,13,2024/02/11 00:00:00+00,Argument,1,5,,2024,02,2024/02/11 00:00:00+00
1439501.00002505,554410.999966472,241,241,20240204-2341-03,47,Male,Black,Cleared by Arrest by Another Agency,,Handgun,3500 ODUM AV,1439501,554411,35.258781,-80.877722,Metro,292,2024/02/05 00:00:00+00,Argument,2,2,BEATTIES FORD/ROZZELLES FERRY,2024,02,2024/02/04 00:00:00+00
1483201.99989322,522119.999916062,242,242,20240201-0335-01,21,Female,Hispanic,Cleared by Arrest by Another Agency,Intimate Partner,Physical,8400 STRIDER DR,1483202,522120,35.172252,-80.729466,Independence,186,2024/02/20 00:00:00+00,Domestic,5,4,,2024,02,2024/02/01 00:00:00+00
1443684.99985914,552676.000155643,243,243,20240201-0112-03,17,Male,Black,Cleared by Arrest,,Firearm,1100 MAYFIELD TERRACE DR,1443685,552676,35.254231,-80.863599,Metro,85,2024/03/09 00:00:00+00,Other/Unknown,2,2,BEATTIES FORD/ROZZELLES FERRY,2024,02,2024/02/01 00:00:00+00
1436486.00014955,510848.000150397,244,244,20240127-0308-00,32,Male,Black,Exceptionally Cleared,,"Handgun, Rifle",8500 LODGE SOUTH CR,1436486,510848,35.138948,-80.885049,Steele Creek,71,2024/01/30 00:00:00+00,Argument,3,2,,2024,01,2024/01/27 00:00:00+00
1436486.00014955,510848.000150397,245,245,20240127-0308-00,25,Male,Black,Exceptionally Cleared,,"Handgun, Rifle",8500 LODGE SOUTH CR,1436486,510848,35.138948,-80.885049,Steele Creek,71,2024/01/30 00:00:00+00,Argument,3,2,,2024,01,2024/01/27 00:00:00+00
1436486.00014955,510848.000150397,246,246,20240127-0308-00,26,Male,Hispanic,Exceptionally Cleared,,"Handgun, Rifle",8500 LODGE SOUTH CR,1436486,510848,35.138948,-80.885049,Steele Creek,71,2024/01/30 00:00:00+00,Argument,3,2,,2024,01,2024/01/27 00:00:00+00
1437990.00009431,514769.999852315,247,247,20240125-2239-00,21,Female,Hispanic,Cleared by Arrest by Another Agency,,Handgun,1100 LAKEMIST DR,1437990,514770,35.149801,-80.880268,Steele Creek,71,2024/02/12 00:00:00+00,Argument,3,2,,2024,01,2024/01/25 00:00:00+00
1488413.99996789,548743.000147641,248,248,20240119-0554-00,26,Female,Hispanic,Cleared by Arrest by Another Agency,,Handgun,7900 TURQUOISE DR,1488414,548743,35.245641,-80.713565,Hickory Grove,244,2024/08/29 00:00:00+00,Robbery,5,3,,2024,01,2024/01/19 00:00:00+00
1469091.99989806,547044.999934733,249,249,20240116-1438-00,17,Male,Black,Cleared by Arrest,,Firearm,1200 EASTWAY DR,1469092,547045,35.240042,-80.778169,North Tryon,128,2024/02/28 00:00:00+00,Other/Unknown,1,3,,2024,01,2024/01/16 00:00:00+00
1438563.99993056,565612.999872148,250,250,20240104-1916-00,54,Male,Black,Cleared by Arrest,,Physical,5200 SWEARNGAN RD,1438564,565613,35.289506,-80.881572,North,158,2024/01/05 00:00:00+00,Argument,2,2,,2024,01,2024/01/04 00:00:00+00
1465154.99989806,559256.000118971,251,251,20231227-0916-01,16,Female,Black,Exceptionally Cleared,,Handgun,4400 MERLANE DR,1465155,559256,35.273394,-80.792091,North Tryon,371,2024/06/25 00:00:00+00,Other/Unknown,1,3,SUGAR CREEK/I-85,2023,12,2023/12/27 00:00:00+00
1403655.9998648,489283.99997139,252,252,20231227-0232-00,17,Male,Black,Open,,Firearm,16200 LONG TALON WY,1403656,489284,35.077946,-80.993394,Steele Creek,76,2024/03/09 00:00:00+00,Other/Unknown,0,6,,2023,12,2023/12/27 00:00:00+00
1432385.00014947,568568.999865651,253,253,20231224-1045-01,40,Male,Black,Open,,Firearm,1600 FLAGLER LN,1432385,568569,35.297303,-80.902464,North,113,,Other/Unknown,2,2,,2023,12,2023/12/24 00:00:00+00
1404719.00003539,520899.000061482,254,254,20231223-1110-01,19,Female,Hispanic,Open,Intimate Partner,Knife,6400 HERMSLEY RD,1404719,520899,35.164856,-80.991962,Steele Creek,45,2023/12/23 00:00:00+00,Domestic,3,2,,2023,12,2023/12/23 00:00:00+00
1428831.00003964,534004.000098139,255,255,20231219-0149-03,,Male,Hispanic,Open,,Handgun,3900 W TYVOLA RD,1428831,534004,35.20216,-80.912142,Westover,159,,Other/Unknown,3,2,,2023,12,2023/12/19 00:00:00+00
1449209.99996397,494985.000052318,256,256,20231212-2116-01,36,Female,White,Exceptionally Cleared,,Handgun,4000 MEADOWRIDGE DR,1449210,494985,35.096025,-80.841511,South,177,2024/02/20 00:00:00+00,Argument,6,5,,2023,12,2023/12/12 00:00:00+00
1437282.99986789,542569.000028476,257,257,20231209-0208-00,52,Male,Black,Cleared by Arrest,,Firearm,2200 CAMP GREENE ST,1437283,542569,35.226134,-80.884398,Metro,124,2023/12/09 00:00:00+00,Argument,2,2,FREEDOM DRIVE/WILKINSON,2023,12,2023/12/09 00:00:00+00
1484255.0000838,531042.000116646,258,258,20231203-1934-01,64,Male,Black,Cleared by Arrest by Another Agency,,Handgun,7100 SNOW LN,1484255,531042,35.196814,-80.726462,Independence,58,2023/12/26 00:00:00+00,Argument,5,4,,2023,12,2023/12/03 00:00:00+00
1427532.00001296,511862.000090897,259,259,20231120-0417-02,32,Male,Black,Cleared by Arrest,,Handgun,1500 W ARROWOOD RD,1427532,511862,35.141263,-80.91506,Steele Creek,93,2023/11/20 00:00:00+00,Argument,3,2,,2023,11,2023/11/20 00:00:00+00
1430104.0001183,539224.000156805,260,260,20231120-0013-04,21,Male,Black,Open,,Handgun,2600 MAYFAIR AV,1430104,539224,35.216568,-80.908217,Westover,321,,Other/Unknown,3,2,,2023,11,2023/11/20 00:00:00+00
1420909.00013563,510535.000120223,261,261,20231117-0926-02,41,Male,White,Open,,Unknown,8900 S TRYON ST,1420909,510535,35.137265,-80.937123,Steele Creek,95,,Other/Unknown,3,2,,2023,11,2023/11/17 00:00:00+00
1462294.00004263,530163.999904141,262,262,20231116-2351-02,25,Male,Black,Cleared by Arrest,,Handgun,800 VILLA CT,1462294,530164,35.19333,-80.799908,Providence,370,2023/12/19 00:00:00+00,Other/Unknown,1,4,,2023,11,2023/11/16 00:00:00+00
1464749.00005388,559971.000001311,263,263,20231113-1653-00,34,Female,Black,Cleared by Arrest,,Handgun,1100 W SUGAR CREEK RD,1464749,559971,35.275338,-80.793494,North Tryon,138,2023/12/11 00:00:00+00,Drugs,1,3,SUGAR CREEK/I-85,2023,11,2023/11/13 00:00:00+00
1455037.00012097,542055.000072226,264,264,20231112-0218-01,26,Male,Black,Open,,Handgun,800 SEIGLE AV,1455037,542055,35.225633,-80.824926,Eastway,200,2023/12/18 00:00:00+00,Argument,1,3,,2023,11,2023/11/12 00:00:00+00
1476094.99999964,522896.00000447,265,265,20231031-2209-02,22,Male,Black,Open,,Firearm,1000 EAGLEWOOD AV,1476095,522896,35.174042,-80.753291,Independence,245,2024/02/26 00:00:00+00,Other/Unknown,5,4,,2023,10,2023/10/31 00:00:00+00
1455901.00003339,573959.999910399,266,266,20231029-0301-00,19,Male,Black,Open,,Firearm,5000 ACORN FOREST LN,1455901,573960,35.313326,-80.823996,North,117,2024/01/05 00:00:00+00,Other/Unknown,2,3,,2023,10,2023/10/29 00:00:00+00
1446608.99991664,558776.000094727,267,267,20231024-2344-00,27,Male,Black,Cleared by Arrest,,Handgun,2600 BEATTIES FORD RD,1446609,558776,35.27114,-80.854188,Metro,374,2023/10/27 00:00:00+00,Gang,2,3,,2023,10,2023/10/24 00:00:00+00
1446608.99991664,558776.000094727,268,268,20231024-2344-00,19,Male,Black,Cleared by Arrest,,Handgun,2600 BEATTIES FORD RD,1446609,558776,35.27114,-80.854188,Metro,374,2023/10/27 00:00:00+00,Gang,2,3,,2023,10,2023/10/24 00:00:00+00
1479124.99984513,542865.000092641,269,269,20231019-1433-03,20,Male,Black,Cleared by Arrest,,Handgun,5200 N SHARON AMITY RD,1479125,542865,35.229048,-80.744327,Hickory Grove,167,2023/10/30 00:00:00+00,Argument,5,4,,2023,10,2023/10/19 00:00:00+00
1471059.99989906,542998.000154734,270,270,20231015-1324-00,54,Male,Black,Cleared by Arrest,,Handgun,3300 MAGNOLIA HILL DR,1471060,542998,35.229021,-80.771338,Eastway,389,2023/12/11 00:00:00+00,Argument,5,4,,2023,10,2023/10/15 00:00:00+00
1480763.99984796,527126.00007464,271,271,20231011-0455-00,34,Male,Black,Cleared by Arrest,,Handgun,6600 WENDA PL,1480764,527126,35.185888,-80.737917,Independence,202,2023/10/14 00:00:00+00,Robbery,5,4,,2023,10,2023/10/11 00:00:00+00
1489090.99992622,573526.000122234,272,272,20231010-2201-04,22,Male,Black,Cleared by Arrest,,Handgun,1900 PAVILION BV,1489091,573526,35.313758,-80.71273,University City,60,2023/10/11 00:00:00+00,Argument,4,3,,2023,10,2023/10/10 00:00:00+00
1440236.99986538,534472.000146389,273,273,20231007-2112-02,30,Male,Black,Cleared by Arrest,,"Handgun, Rifle",2900 BALTIMORE AV,1440237,534472,35.204043,-80.873996,Westover,30,2023/11/22 00:00:00+00,Other/Unknown,3,2,,2023,10,2023/10/07 00:00:00+00
1440970.0000398,497720.000159726,274,274,20231007-1738-00,21,Female,Black,Cleared by Arrest,Intimate Partner,Handgun,10500 PARK CROSSING DR,1440970,497720,35.103116,-80.869226,South,129,2023/10/17 00:00:00+00,Domestic,6,5,,2023,10,2023/10/07 00:00:00+00
1465230.00007613,580931.000075981,275,275,20231006-1731-01,19,Male,Black,Cleared by Arrest,,Handgun,3700 W W T HARRIS BV,1465230,580931,35.332943,-80.793151,University City,275,2023/10/06 00:00:00+00,Argument,4,3,,2023,10,2023/10/06 00:00:00+00
1432319.99995139,537588.000147983,276,276,20230924-1757-00,18,Male,Black,Open,,Handgun,2500 EDDINGTON ST,1432320,537588,35.21219,-80.900694,Westover,120,,Robbery,3,2,,2023,09,2023/09/24 00:00:00+00
1427493.00009097,556576.999899566,277,277,20230921-0538-01,24,Male,Black,Open,,Handgun,100 PARK FAIRFAX DR,1427493,556577,35.264101,-80.91808,Freedom,346,,Gang,2,2,,2023,09,2023/09/21 00:00:00+00
1449563.99991214,545974.000108227,278,278,20230912-1508-02,56,Male,Black,Cleared by Arrest,,Handgun,700 W 9TH ST,1449564,545974,35.236121,-80.843493,Central,476,2023/09/14 00:00:00+00,Drugs,2,4,,2023,09,2023/09/12 00:00:00+00
1454431.00002064,552011.999843225,279,279,20230909-0634-00,46,Male,Black,Cleared by Arrest,,Firearm,900 MORETZ AV,1454431,552012,35.252956,-80.827569,Metro,363,2023/12/11 00:00:00+00,Argument,1,3,,2023,09,2023/09/09 00:00:00+00
1465926.99999447,560906.000099808,280,280,20230909-0117-01,24,Male,Hispanic,Open,,Handgun,2000 PROSPECT DR,1465927,560906,35.277965,-80.789604,North Tryon,291,,Argument,1,3,,2023,09,2023/09/09 00:00:00+00
1472810.00000797,561927.000026315,281,281,20230902-0554-00,64,Female,Black,Open,,Handgun,200 ORCHARD TRACE LN,1472810,561927,35.281109,-80.766606,North Tryon,103,2024/01/05 00:00:00+00,Robbery,1,3,,2023,09,2023/09/02 00:00:00+00
1438891.99993072,506872.999898314,282,282,20230824-2052-01,27,Male,Hispanic,Open,,Handgun,7600 SHARON LAKES RD,1438892,506873,35.128154,-80.876751,Steele Creek,12,,Other/Unknown,6,5,,2023,08,2023/08/24 00:00:00+00
1452288.00004156,490302.999901891,283,283,20230806-2209-02,33,Female,Black,Cleared by Arrest,,Vehicle,6600 PINEVILLE-MATTHEWS RD,1452288,490303,35.083319,-80.830934,South,201,2023/08/16 00:00:00+00,Other/Unknown,7,5,,2023,08,2023/08/06 00:00:00+00
1425646.99984597,513065.999979481,284,284,20230805-1923-02,17,Male,Hispanic,Cleared by Arrest,,Vehicle,2000 W ARROWOOD RD,1425647,513066,35.144471,-80.921442,Steele Creek,307,2023/10/26 00:00:00+00,Other/Unknown,3,2,,2023,08,2023/08/05 00:00:00+00
1474423.00006281,545284.999845818,285,285,20230805-1454-01,40,Male,Hispanic,Cleared by Arrest,,Handgun,3700 TIPPERARY PL,1474423,545285,35.235468,-80.760214,North Tryon,128,2023/08/09 00:00:00+00,Domestic,1,3,,2023,08,2023/08/05 00:00:00+00
1405580.99995181,569446.000080138,286,286,20230805-0109-01,63,Female,Black,Open,,Firearm,600 BELMEADE DR,1405581,569446,35.298268,-80.992338,Freedom,376,,Other/Unknown,0,2,,2023,08,2023/08/05 00:00:00+00
1495521.99985947,552576.000027567,287,287,20230727-0218-00,26,Male,Black,Cleared by Arrest,,Handgun,8400 HOOD RD,1495522,552576,35.256506,-80.68998,Hickory Grove,242,2023/07/28 00:00:00+00,Other/Unknown,5,4,,2023,07,2023/07/27 00:00:00+00
1476313.99988972,567054.999940887,288,288,20230723-1444-01,25,Male,Black,Cleared by Arrest,,Handgun,5700 UNIVERSITY POINTE BV,1476314,567055,35.295367,-80.755171,University City,331,2023/07/31 00:00:00+00,Drugs,4,3,,2023,07,2023/07/23 00:00:00+00
1435070.0000288,557686.999976143,289,289,20230718-0521-02,25,Female,Black,Cleared by Arrest,,Handgun,500 PORTER ST,1435070,557687,35.26755,-80.892772,Freedom,385,2023/07/18 00:00:00+00,Argument,2,2,,2023,07,2023/07/18 00:00:00+00
1476547.00007989,532139.99988915,290,290,20230717-2141-02,40,Male,Hispanic,Cleared by Arrest,,Firearm,5600 PACES GLEN AV,1476547,532140,35.199459,-80.752324,Independence,16,2023/07/24 00:00:00+00,Drugs,5,4,,2023,07,2023/07/17 00:00:00+00
1476623.99992588,568210.999925479,291,291,20230708-2024-02,35,Male,Black,Cleared by Arrest,,Handgun,8200 N TRYON ST,1476624,568211,35.298558,-80.7542,University City,219,2023/07/10 00:00:00+00,Argument,4,3,,2023,07,2023/07/08 00:00:00+00
1496769.99998814,577198.999994054,292,292,20230708-1845-01,17,Male,Black,Cleared by Arrest,,Firearm,2400 TURTLE POINT RD,1496770,577199,35.32421,-80.687202,University City,155,2023/07/13 00:00:00+00,Robbery,4,3,,2023,07,2023/07/08 00:00:00+00
1468978.00012605,552880.000075728,293,293,20230708-1659-00,19,Male,Black,Cleared by Arrest,,Handgun,300 EASTWAY DR,1468978,552880,35.256067,-80.778901,North Tryon,371,2023/07/17 00:00:00+00,Robbery,1,3,,2023,07,2023/07/08 00:00:00+00
1473690.99988639,546040.999974221,294,294,20230707-1054-01,44,Female,Black,Cleared by Arrest,,Handgun,3800 FOXFORD PL,1473691,546041,35.23751,-80.762709,North Tryon,128,2023/07/07 00:00:00+00,Domestic,1,3,,2023,07,2023/07/07 00:00:00+00
1432764.00004764,515266.999842554,295,295,20230624-0354-00,63,Female,White,Open,,Rifle,1100 NATIONS DR,1432764,515267,35.150894,-80.897779,Steele Creek,54,,Other/Unknown,3,2,,2023,06,2023/06/24 00:00:00+00
1456737.99999981,588598.000161901,296,296,20230620-1153-02,32,Male,Black,Open,,Firearm,9800 ARTHUR DAVIS RD,1456738,588598,35.353581,-80.822092,North,276,,Other/Unknown,4,1,,2023,06,2023/06/20 00:00:00+00
1477293.99989823,523505.00009881,297,297,20230617-0207-02,33,Male,Black,Cleared by Arrest,,Handgun,6400 E INDEPENDENCE BV,1477294,523505,35.175773,-80.749315,Independence,245,2023/06/19 00:00:00+00,Argument,5,4,,2023,06,2023/06/17 00:00:00+00
1450767.0001308,567747.999867231,298,298,20230615-2333-01,12,Male,Black,Cleared by Arrest,,Blunt Trauma,5600 SUNWALK CT,1450767,567748,35.296,-80.840817,North,125,2023/08/08 00:00:00+00,Domestic,2,3,,2023,06,2023/06/15 00:00:00+00
1417257.99989171,577000.000063971,299,299,20230614-1411-01,21,Male,Black,Cleared by Arrest,,Firearm,2900 MT HOLLY-HUNTERSVILLE RD,1417258,577000,35.319657,-80.953708,North,376,2023/06/14 00:00:00+00,Argument,2,1,,2023,06,2023/06/14 00:00:00+00
1445219.00007197,556173.000051394,300,300,20230611-2147-02,36,Male,Black,Cleared by Arrest,,Firearm,2600 SOUTHWEST BV,1445219,556173,35.263917,-80.858681,Metro,70,2023/06/15 00:00:00+00,Argument,2,2,BEATTIES FORD/ROZZELLES FERRY,2023,06,2023/06/11 00:00:00+00
1447442.99988906,484788.000105143,301,301,20230611-0429-01,29,Male,Black,Cleared by Arrest,,Firearm,12600 ATKINS CIRCLE DR,1447443,484788,35.067922,-80.846783,South,233,2023/06/13 00:00:00+00,Argument,7,5,,2023,06,2023/06/11 00:00:00+00
1433423.00004198,508828.999923304,302,302,20230610-1219-02,33,Male,Black,Cleared by Arrest,,Firearm,500 PEPPERVINE LN,1433423,508829,35.133242,-80.895164,Steele Creek,94,2023/06/12 00:00:00+00,Argument,3,2,,2023,06,2023/06/10 00:00:00+00
1470618.00012688,577661.000054315,303,303,20230605-1935-04,31,Male,Black,Cleared by Arrest,,Handgun,2200 PRESTIGIOUS LN,1470618,577661,35.324226,-80.774893,University City,274,2023/06/09 00:00:00+00,Robbery,2,3,,2023,06,2023/06/05 00:00:00+00
1451205.99990897,542317.999874309,304,304,20230601-0238-00,26,Male,Black,Cleared by Arrest by Another Agency,,Handgun,300 N BREVARD ST,1451206,542318,35.226161,-80.837768,Central,476,2023/06/09 00:00:00+00,Argument,1,4,,2023,06,2023/06/01 00:00:00+00
1447821.0001173,543423.999958888,305,305,20230527-0118-01,26,Male,Black,Cleared by Arrest,,Handgun,500 W 3RD ST,1447821,543424,35.229027,-80.84917,Central,476,2023/05/29 00:00:00+00,Other/Unknown,2,4,,2023,05,2023/05/27 00:00:00+00
1451110.00010097,557373.999945983,306,306,20230519-0926-02,54,Male,Black,Open,,Handgun,2400 JULIA AV,1451110,557374,35.267518,-80.839024,Metro,363,,Other/Unknown,1,3,,2023,05,2023/05/19 00:00:00+00
1429793.00008413,571100.000052974,307,307,20230518-1745-01,17,Male,Black,Cleared by Arrest,,Handgun,7300 LARWILL LN,1429793,571100,35.304119,-80.911313,North,113,2023/07/06 00:00:00+00,Other/Unknown,2,2,,2023,05,2023/05/18 00:00:00+00
1477224.00003822,547923.000147223,308,308,20230515-0100-01,24,Male,Hispanic,Cleared by Arrest by Another Agency,,Firearm,2100 MILTON RD,1477224,547923,35.242852,-80.75099,North Tryon,223,2023/06/28 00:00:00+00,Argument,1,3,,2023,05,2023/05/15 00:00:00+00
1437488.00011405,539884.000149146,309,309,20230513-0116-02,38,Male,White,Cleared by Arrest,,Handgun,2700 WATSON DR,1437488,539884,35.218768,-80.883541,Westover,294,2023/05/18 00:00:00+00,Other/Unknown,3,2,WEST BOULEVARD,2023,05,2023/05/13 00:00:00+00
1466447.99993671,508212.999842972,310,310,20230506-2110-01,43,Male,Black,Open,,Handgun,5800 OLD PROVIDENCE RD,1466448,508213,35.133231,-80.784685,South,198,,Other/Unknown,6,5,,2023,05,2023/05/06 00:00:00+00
1459587.99987721,551527.000157058,311,311,20230429-0245-02,26,Male,Black,Cleared by Arrest,,Handgun,100 ATANDO AV,1459588,551527,35.251883,-80.810268,North Tryon,21,2023/05/30 00:00:00+00,Argument,1,3,GRAHAM STREET/NORTH TRYON,2023,04,2023/04/29 00:00:00+00
1439262.99984489,553097.999967813,312,312,20230417-2134-02,26,Male,Black,Cleared by Arrest by Another Agency,,Handgun,300 LAKEWOOD AV,1439263,553098,35.255162,-80.878436,Metro,88,2023/04/24 00:00:00+00,Other/Unknown,2,2,,2023,04,2023/04/17 00:00:00+00
1477315.99985422,531016.999838561,313,313,20230409-1004-01,35,Female,White,Cleared by Arrest,Intimate Partner,"Table Leg, Knife",900 SOUTHWOOD OAKS LN,1477316,531017,35.196411,-80.749684,Independence,16,2023/04/09 00:00:00+00,Domestic,5,4,,2023,04,2023/04/09 00:00:00+00
1479224.99997322,511277.999946564,314,314,20230404-1536-04,28,Male,Black,Cleared by Arrest,,Handgun,9500 LUCY JANE LN,1479225,511278,35.142275,-80.742136,Independence,36,2023/04/04 00:00:00+00,Domestic,6,5,,2023,04,2023/04/04 00:00:00+00
1434307.99991238,571335.999909058,315,315,20230326-1807-01,24,Female,Other/Unknown,Cleared by Arrest,Intimate Partner,Rifle,1000 TERESA LN,1434308,571336,35.305005,-80.896198,North,49,2023/03/26 00:00:00+00,Domestic,2,2,,2023,03,2023/03/26 00:00:00+00
1437314.00013398,514638.000116304,316,316,20230325-2248-00,20,Male,Black,Cleared by Arrest,,Firearms,5000 CHERRYCREST LN,1437314,514638,35.149404,-80.88252,Steele Creek,71,2023/04/03 00:00:00+00,Argument,3,2,,2023,03,2023/03/25 00:00:00+00
1449563.99991214,545974.000108227,317,317,20230324-1826-02,37,Male,Black,Open,,Firearms,700 W 9TH ST,1449564,545974,35.236121,-80.843493,Central,476,,Other/Unknown,2,4,,2023,03,2023/03/24 00:00:00+00
1470147.00008464,551212.000130892,318,318,20230321-1919-00,25,Male,White,Open,,"Knife, Physical",4900 MALIBU DR,1470147,551212,35.251542,-80.774886,North Tryon,100,2024/03/05 00:00:00+00,Argument,1,3,,2023,03,2023/03/21 00:00:00+00
1468299.99984163,550506.999900475,319,319,20230319-2128-01,21,Male,Black,Cleared by Arrest,,Firearms,4400 THE PLAZA,1468300,550507,35.249514,-80.781029,North Tryon,40,2023/03/24 00:00:00+00,Drugs,1,3,,2023,03,2023/03/19 00:00:00+00
1468299.99984163,550506.999900475,320,320,20230319-2128-01,16,Male,Black,Cleared by Arrest,,Firearms,4400 THE PLAZA,1468300,550507,35.249514,-80.781029,North Tryon,40,2023/03/24 00:00:00+00,Drugs,1,3,,2023,03,2023/03/19 00:00:00+00
1434809.99989264,510329.999874055,321,321,20230319-0538-00,34,Male,Hispanic,Cleared by Arrest,,Knife,100 KINGSFORD DR,1434810,510330,35.137438,-80.890621,Steele Creek,79,2023/05/23 00:00:00+00,Argument,3,2,,2023,03,2023/03/19 00:00:00+00
1439028.9999848,511133.99990648,322,322,20230311-2238-01,23,Male,Black,Open,,Handgun,7000 SOUTH BV,1439029,511134,35.139867,-80.876563,Westover,383,,Argument,6,5,,2023,03,2023/03/11 00:00:00+00
1476442.9999598,539359.999884814,323,323,20230301-1934-02,68,Male,Asian,Cleared by Arrest,,Vehicle,4300 N SHARON AMITY RD,1476443,539360,35.219289,-80.753099,Hickory Grove,127,2023/05/11 00:00:00+00,Other/Unknown,5,4,,2023,03,2023/03/01 00:00:00+00
1476849.00013205,548511.999953479,324,324,20230224-0530-00,43,Female,Black,Cleared by Arrest,Intimate Partner,Knife,4600 PERTH CT,1476849,548512,35.244452,-80.752281,North Tryon,249,2023/05/18 00:00:00+00,Domestic,1,3,,2023,02,2023/02/24 00:00:00+00
1434735.00004263,553282.999925897,325,325,20230219-1557-01,17,Male,Black,Cleared by Arrest,,Firearm,900 LYNN ST,1434735,553283,35.255434,-80.893613,Freedom,385,2023/02/23 00:00:00+00,Robbery,2,2,,2023,02,2023/02/19 00:00:00+00
1450027.99996838,544195.00005731,326,326,20230217-1025-00,,Male,Black,Cleared by Arrest,,Cutting Instrument,400 N POPLAR ST,1450028,544195,35.231258,-80.841829,Central,476,2023/02/17 00:00:00+00,Robbery,2,4,,2023,02,2023/02/17 00:00:00+00
1445132.99991588,539222.000160813,327,327,20230213-2347-01,23,Female,Black,Exceptionally Cleared,Intimate Partner,Shotgun,100 W SUMMIT AV,1445133,539222,35.217345,-80.857907,Central,339,2023/02/23 00:00:00+00,Domestic,3,2,,2023,02,2023/02/13 00:00:00+00
1426903.99995664,531071.000058651,328,328,20230212-1513-00,30,Male,Black,Cleared by Arrest,,Handgun,2300 BILLY GRAHAM PY,1426904,531071,35.194001,-80.918402,Westover,178,2023/02/13 00:00:00+00,Argument,3,2,,2023,02,2023/02/12 00:00:00+00
1433177.9998758,555076.999946818,329,329,20230208-0342-01,50,Male,Black,Cleared by Arrest,,Knife,4600 WILLARD ST,1433178,555077,35.26028,-80.898942,Freedom,385,2023/02/10 00:00:00+00,Argument,2,2,,2023,02,2023/02/08 00:00:00+00
1475183.99985313,516495.000011221,330,330,20230201-2254-00,37,Male,Black,Cleared by Arrest,,Handgun,6000 PINEBURR RD,1475184,516495,35.156412,-80.75596,Independence,23,2023/02/24 00:00:00+00,Other/Unknown,6,5,,2023,02,2023/02/01 00:00:00+00
1457633.99984822,546704.99995856,331,331,20230131-0806-03,32,Male,Black,Open,,Handgun,600 E 24TH ST,1457634,546705,35.238538,-80.816516,Eastway,386,2024/05/15 00:00:00+00,Other/Unknown,1,3,,2023,01,2023/01/31 00:00:00+00
1431598.00008306,514975.000098482,332,332,20230129-1401-00,29,Male,Hispanic,Open,,Firearm,1300 CHOYCE AV,1431598,514975,35.15003,-80.901661,Steele Creek,54,,Other/Unknown,3,2,,2023,01,2023/01/29 00:00:00+00
1464253.00006163,556492.000069559,333,333,20230124-2217-01,30,Male,Black,Cleared by Arrest,,Handgun,500 W SUGAR CREEK RD,1464253,556492,35.265756,-80.794945,North Tryon,371,2023/01/25 00:00:00+00,Argument,1,3,SUGAR CREEK/I-85,2023,01,2023/01/24 00:00:00+00
1478376.0000308,550967.999962732,334,334,20230115-2137-03,18,Male,Hispanic,Open,,Rifle,6100 BARRINGTON DR,1478376,550968,35.251273,-80.747312,North Tryon,249,,Other/Unknown,1,3,,2023,01,2023/01/15 00:00:00+00
1461777.00009239,581789.000000387,335,335,20230113-1903-01,28,Male,Black,Cleared by Arrest,,Handgun,6400 HACKBERRY CREEK TL,1461777,581789,35.335128,-80.80478,North,278,2023/01/18 00:00:00+00,Drugs,2,3,,2023,01,2023/01/13 00:00:00+00
1469078.99992405,549772.000058144,336,336,20230113-1028-00,21,Male,Black,Cleared by Arrest,,Handgun,3600 CITISIDE DR,1469079,549772,35.247533,-80.778376,North Tryon,40,2023/01/13 00:00:00+00,Drugs,1,3,,2023,01,2023/01/13 00:00:00+00
1454486.99990864,549924.000082225,337,337,20230104-1622-01,46,Male,Black,Cleared by Arrest,,Handgun,600 W 24TH ST,1454487,549924,35.247223,-80.827252,Metro,369,2023/01/05 00:00:00+00,Drugs,1,3,GRAHAM STREET/NORTH TRYON,2023,01,2023/01/04 00:00:00+00
1427782.99983905,532325.999845222,338,338,20230101-1315-02,28,Male,Black,Cleared by Arrest,,Handgun,3500 W TYVOLA RD,1427783,532326,35.197495,-80.915541,Westover,159,2023/01/05 00:00:00+00,Drugs,3,2,,2023,01,2023/01/01 00:00:00+00
1471850.99995747,559119.000064895,339,339,20230101-0250-03,38,Male,Hispanic,Open,,Handgun,300 BLACKHAWK RD,1471851,559119,35.273348,-80.769651,North Tryon,101,,Other/Unknown,1,3,,2023,01,2023/01/01 00:00:00+00
1451950.00006139,558225.9998824,340,340,20221229-0301-02,33,Male,Black,Cleared by Arrest,,Firearm,3100 JEFF ADAMS DR,1451950,558226,35.269901,-80.836263,Metro,363,2023/01/16 00:00:00+00,Other/Unknown,1,3,,2022,12,2022/12/29 00:00:00+00
1479155.00011322,594197.000118732,341,341,20221225-0757-00,30,Male,Hispanic,Open,,Unknown,3000 BEARD RD,1479155,594197,35.370069,-80.747252,University City,195,,Other/Unknown,4,1,,2022,12,2022/12/25 00:00:00+00
1453145.99996597,517242.000157639,342,342,20221224-0351-00,32,Male,Hispanic,Cleared by Arrest,,Handgun,2200 REXFORD RD,1453146,517242,35.157371,-80.829726,Providence,358,2022/12/24 00:00:00+00,Domestic,6,5,,2022,12,2022/12/24 00:00:00+00
1486718.00007905,574530.000082731,343,343,20221221-1048-02,28,Male,Black,Open,,Handgun,10000 UNIVERSITY VILLAGE BV,1486718,574530,35.316403,-80.720742,University City,60,2022/12/22 00:00:00+00,Drugs,4,3,,2022,12,2022/12/21 00:00:00+00
1455748.00001131,561852.99984622,344,344,20221217-1656-01,20,Female,Black,Cleared by Arrest,,Handgun,4300 VALEVIEW LN,1455748,561853,35.280058,-80.823764,North,160,2023/10/12 00:00:00+00,Other/Unknown,1,3,,2022,12,2022/12/17 00:00:00+00
1488096.99994572,566807.000108808,345,345,20221214-1041-00,20,Male,Black,Cleared by Arrest,,Handgun,2300 KATHERINE KIKER RD,1488097,566807,35.295252,-80.715673,University City,301,2022/12/16 00:00:00+00,Other/Unknown,4,3,,2022,12,2022/12/14 00:00:00+00
1472932.00009206,560885.000141814,346,346,20221211-1940-01,,Male,Hispanic,Cleared by Arrest,,Knife,6700 N TRYON ST,1472932,560885,35.278252,-80.766135,North Tryon,103,2022/12/13 00:00:00+00,Other/Unknown,1,3,,2022,12,2022/12/11 00:00:00+00
1472855.99991597,560430.000067562,347,347,20221210-2212-00,32,Male,Black,Cleared by Arrest,,Handgun,100 TOM HUNTER RD,1472856,560430,35.276999,-80.766363,North Tryon,103,2022/12/15 00:00:00+00,Argument,1,3,,2022,12,2022/12/10 00:00:00+00
1493823.99997464,547721.999893054,348,348,20221130-1435-02,17,Male,Black,Cleared by Arrest,,Handgun,2000 LANZA DR,1493824,547722,35.243091,-80.69539,Hickory Grove,243,2023/02/06 00:00:00+00,Argument,5,4,,2022,11,2022/11/30 00:00:00+00
1406109.99987805,534034.000038147,349,349,20221129-1802-01,20,Male,Black,Cleared by Arrest,,Handgun,4500 SADLER RD,1406110,534034,35.201016,-80.988189,Freedom,83,2022/11/29 00:00:00+00,Domestic,0,2,,2022,11,2022/11/29 00:00:00+00
1453480.99995214,551813.999911144,350,350,20221129-1242-01,21,Male,Black,Cleared by Arrest,,Handgun,2300 RACHEL ST,1453481,551814,35.252364,-80.830738,Metro,363,2023/06/02 00:00:00+00,Other/Unknown,1,3,,2022,11,2022/11/29 00:00:00+00
1433318.99992189,523390.999998733,351,351,20221126-2221-00,42,Male,White,Cleared by Arrest,,Handgun,500 SKIPWITH PL,1433319,523391,35.173241,-80.896442,Westover,121,2022/12/01 00:00:00+00,Argument,3,2,,2022,11,2022/11/26 00:00:00+00
1436724.00000164,527793.000052974,352,352,20221122-1229-05,29,Male,Black,Cleared by Arrest,,Firearm,4400 S TRYON ST,1436724,527793,35.185512,-80.88533,Westover,290,2022/11/23 00:00:00+00,Other/Unknown,3,2,,2022,11,2022/11/22 00:00:00+00
1444936.99997981,563099.999976888,353,353,20221115-1900-00,17,Male,Hispanic,Cleared by Arrest,,Firearm,1800 GRIERS GROVE RD,1444937,563100,35.282932,-80.860061,Metro,123,2022/11/28 00:00:00+00,Other/Unknown,2,2,,2022,11,2022/11/15 00:00:00+00
1444936.99997981,563099.999976888,354,354,20221115-1900-00,18,Male,Hispanic,Cleared by Arrest,,Firearm,1800 GRIERS GROVE RD,1444937,563100,35.282932,-80.860061,Metro,123,2022/11/28 00:00:00+00,Other/Unknown,2,2,,2022,11,2022/11/15 00:00:00+00
1461392.99987614,554846.000080734,355,355,20221107-0836-51,34,Male,Black,Cleared by Arrest,,Handgun,400 DRURY DR,1461393,554846,35.261092,-80.804425,North Tryon,21,2022/11/07 00:00:00+00,Argument,1,3,GRAHAM STREET/NORTH TRYON,2022,11,2022/11/07 00:00:00+00
1470498.0000388,537696.999929979,356,356,20221106-0259-53,29,Male,Hispanic,Cleared by Arrest by Another Agency,,Handgun,4300 CENTRAL AV,1470498,537697,35.21443,-80.772902,Eastway,164,2022/11/23 00:00:00+00,Argument,5,4,CENTRAL/ALBEMARLE,2022,11,2022/11/06 00:00:00+00
1484255.0000838,531042.000116646,357,357,20221023-1028-02,32,Female,Other/Unknown,Cleared by Arrest,,Handgun,7100 SNOW LN,1484255,531042,35.196814,-80.726462,Independence,58,2022/11/28 00:00:00+00,Other/Unknown,5,4,,2022,10,2022/10/23 00:00:00+00
1440120.00009939,505780.000115812,358,358,20221016-0235-01,21,Male,Hispanic,Exceptionally Cleared,,Handgun,7900 SHADY OAK TL,1440120,505780,35.125215,-80.872576,Steele Creek,12,2022/11/30 00:00:00+00,Argument,6,5,,2022,10,2022/10/16 00:00:00+00
1447084.99994889,587516.000029311,359,359,20221004-2306-05,21,Male,Black,Cleared by Arrest by Another Agency,,Handgun,9300 CENTER LAKE DR,1447085,587516,35.350117,-80.854392,North,72,2022/12/08 00:00:00+00,Argument,4,1,,2022,10,2022/10/04 00:00:00+00
1451559.99985714,558154.00002639,360,360,20221003-2334-01,32,Male,Black,Open,,Handgun,3800 STATESVILLE AV,1451560,558154,35.269684,-80.837565,Metro,363,,Other/Unknown,1,3,,2022,10,2022/10/03 00:00:00+00
1435435.99995297,514988.000072479,361,361,20221002-2016-01,30,Male,Black,Cleared by Arrest,Intimate Partner,Handgun,8700 GREEN IVY LN,1435436,514988,35.150267,-80.888824,Steele Creek,71,2022/10/02 00:00:00+00,Domestic,3,2,,2022,10,2022/10/02 00:00:00+00
1478834.00009905,594457.999924809,362,362,20220923-2152-01,56,Male,Black,Open,,Handgun,12900 DEATON HILL DR,1478834,594458,35.370771,-80.748344,University City,372,,Other/Unknown,4,1,,2022,09,2022/09/23 00:00:00+00
1480624.00012797,533354.000085816,363,363,20220923-1413-00,31,Male,Black,Cleared by Arrest,,Shotgun,6400 ALBEMARLE RD,1480624,533354,35.202991,-80.73875,Hickory Grove,316,2022/12/09 00:00:00+00,Argument,5,4,CENTRAL/ALBEMARLE,2022,09,2022/09/23 00:00:00+00
1407645.00008889,499612.99998264,364,364,20220922-2318-01,29,Male,White,Open,,Handgun,12400 S TRYON ST,1407645,499613,35.106541,-80.980752,University City,155,,Other/Unknown,4,3,,2022,09,2022/09/22 00:00:00+00
1434390.00007647,531714.000084981,365,365,20220830-1945-02,20,Male,Hispanic,Open,,Handgun,4500 ROSE RIDGE PL,1434390,531714,35.196162,-80.89339,Westover,362,2022/09/15 00:00:00+00,Drugs,3,2,,2022,08,2022/08/30 00:00:00+00
1434390.00007647,531714.000084981,366,366,20220830-1945-02,18,Male,Hispanic,Open,,Handgun,4500 ROSE RIDGE PL,1434390,531714,35.196162,-80.89339,Westover,362,2022/09/15 00:00:00+00,Drugs,3,2,,2022,08,2022/08/30 00:00:00+00
1437951.99984223,503579.999922648,367,367,20220829-1413-01,,Male,White,Cleared by Arrest,,Handgun,1400 SHARON RD W,1437952,503580,35.119058,-80.879686,Steele Creek,185,2022/08/30 00:00:00+00,Robbery,6,5,,2022,08,2022/08/29 00:00:00+00
1437314.00013398,514638.000116304,368,368,20220827-0743-02,25,Male,Black,Cleared by Arrest,,Handgun,5000 CHERRYCREST LN,1437314,514638,35.149404,-80.88252,Steele Creek,71,2023/08/28 00:00:00+00,Other/Unknown,3,2,,2022,08,2022/08/27 00:00:00+00
1464749.00005388,559971.000001311,369,369,20220824-0015-00,33,Male,Black,Open,,Handgun,1100 W SUGAR CREEK RD,1464749,559971,35.275338,-80.793494,North Tryon,138,2022/08/24 00:00:00+00,Argument,1,3,SUGAR CREEK/I-85,2022,08,2022/08/24 00:00:00+00
1492117.00010781,584127.999915555,370,370,20220823-1524-00,25,Male,Black,Open,,Handgun,600 SAWYERS MILL RD,1492117,584128,35.343027,-80.703198,University City,336,2022/08/24 00:00:00+00,Other/Unknown,0,3,,2022,08,2022/08/23 00:00:00+00
1462465.00002871,529818.999937981,371,371,20220822-1919-00,35,Male,Black,Open,,Firearm,3800 MARVIN RD,1462465,529819,35.192391,-80.799315,Providence,370,,Argument,1,4,,2022,08,2022/08/22 00:00:00+00
1423546.00011097,512985.000141472,372,372,20220818-0158-01,26,Male,Black,Open,,Firearm,8000 S TRYON ST,1423546,512985,35.144136,-80.928464,Steele Creek,96,,Other/Unknown,3,2,,2022,08,2022/08/18 00:00:00+00
1424332.9998493,514244.999918059,373,373,20220813-0204-00,22,Male,Black,Open,,Handgun,7700 S TRYON ST,1424333,514245,35.14764,-80.925913,Steele Creek,96,,Other/Unknown,3,2,,2022,08,2022/08/13 00:00:00+00
1444247.00004748,547595.00014706,374,374,20220813-0141-00,27,Male,Black,Open,,Handgun,1700 SUMTER AV,1444247,547595,35.240302,-80.861398,Metro,347,,Other/Unknown,2,2,,2022,08,2022/08/13 00:00:00+00
1448656.00008772,586978.000121057,375,375,20220813-0112-03,23,Male,Black,Open,,Firearm,7300 W W T HARRIS BV,1448656,586978,35.34872,-80.849091,North,207,,Other/Unknown,4,1,,2022,08,2022/08/13 00:00:00+00
1442664.99993064,556267.999861389,376,376,20220811-1414-00,,Male,Black,Cleared by Arrest,,Handgun,3100 SOUTHWEST BV,1442665,556268,35.264047,-80.867242,Metro,292,2022/09/19 00:00:00+00,Other/Unknown,2,2,BEATTIES FORD/ROZZELLES FERRY,2022,08,2022/08/11 00:00:00+00
1485253.0000563,564462.99987556,377,377,20220805-0135-00,25,Male,Black,Cleared by Arrest,,Handgun,8900 AVEBURY DR,1485253,564463,35.288677,-80.725066,University City,192,2023/03/06 00:00:00+00,Robbery,4,3,,2022,08,2022/08/05 00:00:00+00
1428353.00001138,536714.999925479,378,378,20220803-1743-02,31,Male,White,Exceptionally Cleared,,Handgun,3100 NOBLES AV,1428353,536715,35.209582,-80.913917,Westover,114,2022/08/05 00:00:00+00,Domestic,3,2,,2022,08,2022/08/03 00:00:00+00
1455720.00006731,581962.999980479,379,379,20220801-1851-00,28,Male,White,Open,,Handgun,8300 OLD STATESVILLE RD,1455720,581963,35.335302,-80.825096,North,280,,Other/Unknown,2,3,,2022,08,2022/08/01 00:00:00+00
1437212.00000989,526130.000098139,380,380,20220731-2022-00,28,Male,Black,Open,,Handgun,4800 WALLINGFORD ST,1437212,526130,35.180969,-80.883591,Westover,290,2022/09/14 00:00:00+00,Argument,3,2,,2022,07,2022/07/31 00:00:00+00
1481468.00008039,580882.999843895,381,381,20220727-2130-02,24,Male,Black,Cleared by Arrest by Another Agency,,Firearm,2200 MALLARD HIGHLANDS DR,1481468,580883,35.333605,-80.738712,University City,80,2022/08/22 00:00:00+00,Drugs,4,3,,2022,07,2022/07/27 00:00:00+00
1461895.99985439,524633.0001394,382,382,20220724-0856-02,60,Male,White,Open,,Physical,4400 RANDOLPH RD,1461896,524633,35.178115,-80.800904,Providence,28,,Argument,6,5,,2022,07,2022/07/24 00:00:00+00
1426473.00016247,547961.000071228,383,383,20220724-0118-02,35,Male,Black,Open,,Handgun,3400 QUEEN CITY DR,1426473,547961,35.240377,-80.920938,Freedom,140,2022/07/26 00:00:00+00,Robbery,3,2,,2022,07,2022/07/24 00:00:00+00
1481020.99999014,544410.999953389,384,384,20220722-0505-01,22,Male,Black,Cleared by Arrest by Another Agency,,Firearm,5600 SHARON POINTE RD,1481021,544411,35.233387,-80.738069,Hickory Grove,247,2022/07/23 00:00:00+00,Domestic,5,3,,2022,07,2022/07/22 00:00:00+00
1432988.99992572,536500.000027388,385,385,20220719-1354-02,48,Male,Black,Open,,Handgun,3000 REID AV,1432989,536500,35.209236,-80.898385,Westover,159,2022/07/20 00:00:00+00,Robbery,3,2,,2022,07,2022/07/19 00:00:00+00
1480170.00005172,518663.999938309,386,386,20220717-0059-01,29,Male,Black,Open,,Handgun,7300 E INDEPENDENCE BV,1480170,518664,35.162612,-80.739408,Independence,186,,Other/Unknown,5,4,,2022,07,2022/07/17 00:00:00+00
1485609.99999847,570711.99984473,387,387,20220716-0249-02,22,Male,Black,Open,,Handgun,9500 UNIVERSITY CITY BV,1485610,570712,35.305861,-80.724234,University City,60,,Other/Unknown,4,3,,2022,07,2022/07/16 00:00:00+00
1472707.99988389,559635.000017151,388,388,20220716-0000-00,38,Male,Black,Cleared by Arrest,,Handgun,6400 N TRYON ST,1472708,559635,35.274807,-80.766811,North Tryon,234,2023/05/30 00:00:00+00,Other/Unknown,4,3,,2022,07,2022/07/16 00:00:00+00
1414641.99987438,571121.000010982,389,389,20220714-1739-02,23,Male,Black,Open,,,1100 LONG PAW LN,1414642,571121,35.303365,-80.962087,Freedom,332,,Other/Unknown,2,2,,2022,07,2022/07/14 00:00:00+00
1485609.99999847,570711.99984473,390,390,20220713-0548-00,48,Female,White,Cleared by Arrest,,Handgun,9600 UNIVERSITY CITY BV,1485610,570712,35.305861,-80.724234,University City,299,2022/12/27 00:00:00+00,Robbery,4,3,,2022,07,2022/07/13 00:00:00+00
1462278.00007464,555833.000075221,391,391,20220707-0654-00,17,Male,Hispanic,Cleared by Arrest,,Handgun,3900 SOFLEY RD,1462278,555833,35.263847,-80.801521,North Tryon,21,2022/11/23 00:00:00+00,Drugs,1,3,SUGAR CREEK/I-85,2022,07,2022/07/07 00:00:00+00
1438495.00006856,546109.999836221,392,392,20220705-1645-00,19,Male,Black,Cleared by Arrest,,Handgun,1700 CAMP GREENE ST,1438495,546110,35.235925,-80.880565,Metro,124,2022/07/26 00:00:00+00,Robbery,2,2,FREEDOM DRIVE/WILKINSON,2022,07,2022/07/05 00:00:00+00
1481087.99985614,578630.000084817,393,393,20220705-0116-01,27,Male,Black,Open,,Handgun,9200 WRIGHT HILL RD,1481088,578630,35.327397,-80.739853,University City,65,,Other/Unknown,4,3,,2022,07,2022/07/05 00:00:00+00
1463305.99998714,569942.00007239,394,394,20220627-2156-00,18,Male,Black,Open,,Handgun,6000 BENNETTSVILLE LN,1463306,569942,35.302659,-80.798934,University City,259,,Other/Unknown,2,3,,2022,06,2022/06/27 00:00:00+00
1466562.00003681,538362.99991031,395,395,20220627-0533-00,34,Male,White,Open,,Firearm,1600 MERRY OAKS RD,1466562,538363,35.216066,-80.786118,Eastway,87,,Other/Unknown,1,4,CENTRAL/ALBEMARLE,2022,06,2022/06/27 00:00:00+00
1468110.99989155,566567.99993065,396,396,20220626-0255-00,30,Male,Hispanic,Exceptionally Cleared,,Handgun,7300 NEAL RD,1468111,566568,35.293628,-80.782628,University City,331,2022/10/13 00:00:00+00,Argument,4,3,,2022,06,2022/06/26 00:00:00+00
1465781.99995638,550338.999908388,397,397,20220625-0144-04,61,Female,Black,Cleared by Arrest,,Handgun,4100 DINGLEWOOD AV,1465782,550339,35.248928,-80.789452,North Tryon,344,2022/11/09 00:00:00+00,Other/Unknown,1,3,,2022,06,2022/06/25 00:00:00+00
1446437.99993056,545180.000055805,398,398,20220624-2048-01,19,Male,Black,Cleared by Arrest,,Handgun,1000 MARGARET BROWN ST,1446438,545180,35.23378,-80.85391,Central,476,2022/07/19 00:00:00+00,Argument,2,4,,2022,06,2022/06/24 00:00:00+00
1434809.99989264,510329.999874055,399,399,20220621-2019-01,16,Male,Hispanic,Cleared by Arrest,,Handgun,300 BRANCHVIEW DR,1434810,510330,35.137438,-80.890621,Steele Creek,79,2022/08/18 00:00:00+00,Argument,3,2,,2022,06,2022/06/21 00:00:00+00
1452363.99988955,507067.9998364,400,400,20220620-2154-03,35,Male,White,Cleared by Arrest,,Physical,3100 HEATHSTEAD PL,1452364,507068,35.129381,-80.831714,South,42,2022/08/11 00:00:00+00,Other/Unknown,6,5,,2022,06,2022/06/20 00:00:00+00
1435954.99989922,553068.000027806,401,401,20220611-0900-02,55,Male,White,Cleared by Arrest by Another Agency,,Handgun,4100 GLENWOOD DR,1435955,553068,35.254907,-80.889513,Metro,6,2022/06/13 00:00:00+00,Argument,2,2,,2022,06,2022/06/11 00:00:00+00
1423187.99984272,549474.999995977,402,402,20220608-0130-00,33,Male,Black,Cleared by Arrest by Another Agency,,Handgun,6400 TUCKASEEGEE RD,1423188,549475,35.244361,-80.932037,Freedom,140,2023/03/10 00:00:00+00,Other/Unknown,3,2,,2022,06,2022/06/08 00:00:00+00
1427293.00016288,536008.00002715,403,403,20220604-1148-00,17,Male,Hispanic,Cleared by Arrest,,Firearm,5700 LEAKE ST,1427293,536008,35.207584,-80.917419,Westover,306,2022/06/08 00:00:00+00,Drugs,3,2,,2022,06,2022/06/04 00:00:00+00
1453932.00003439,541794.999936059,404,404,20220604-0009-00,20,Male,Black,Open,,Handgun,900 BROOKSHIRE FR,1453932,541795,35.224863,-80.82861,Central,476,,Other/Unknown,1,4,,2022,06,2022/06/04 00:00:00+00
1445760.99997222,588369.999961734,405,405,20220603-0548-00,26,Male,Black,Cleared by Arrest,,Handgun,7900 PHILADELPHIA CT,1445761,588370,35.352395,-80.858885,North,72,2022/09/19 00:00:00+00,Domestic,4,1,,2022,06,2022/06/03 00:00:00+00
1447649.00013322,571754.00005731,406,406,20220601-0707-02,67,Male,Black,Open,,Blunt Trauma,4500 SUNSET RD,1447649,571754,35.306846,-80.851515,North,139,,Other/Unknown,2,2,,2022,06,2022/06/01 00:00:00+00
1475173.99987313,535953.00013715,407,407,20220530-2341-01,21,Male,Black,Cleared by Arrest,,Rifle,5200 CENTRAL AV,1475174,535953,35.209868,-80.757146,Eastway,127,2022/07/27 00:00:00+00,Argument,5,4,CENTRAL/ALBEMARLE,2022,05,2022/05/30 00:00:00+00
1434810.99989064,509535.000151724,408,408,20220530-2305-00,33,Male,Black,Open,,Handgun,1100 DEEP ROCK CR,1434811,509535,35.135254,-80.890567,Steele Creek,116,,Argument,3,2,,2022,05,2022/05/30 00:00:00+00
1497778.99993864,543222.000034809,409,409,20220529-1735-02,16,Male,Hispanic,Cleared by Arrest,,Handgun,8900 FIRST RUN CT,1497779,543222,35.230913,-80.68189,Hickory Grove,98,2022/12/01 00:00:00+00,Drugs,5,4,,2022,05,2022/05/29 00:00:00+00
1471850.99995747,559119.000064895,410,410,20220519-0047-01,26,Male,Hispanic,Open,,Handgun,300 BLACKHAWK RD,1471851,559119,35.273348,-80.769651,North Tryon,101,,Other/Unknown,1,3,,2022,05,2022/05/19 00:00:00+00
1464499.99989572,552918.99999772,411,411,20220518-1457-01,44,Male,Black,Open,,Cutting Instrument,200 E SUGAR CREEK RD,1464500,552919,35.255953,-80.793901,North Tryon,21,,Other/Unknown,1,4,SUGAR CREEK/I-85,2022,05,2022/05/18 00:00:00+00
1462465.00002871,529818.999937981,412,412,20220515-2039-00,18,Male,Black,Cleared by Arrest,,Handgun,3800 MARVIN RD,1462465,529819,35.192391,-80.799315,Providence,370,2022/05/24 00:00:00+00,Other/Unknown,1,4,,2022,05,2022/05/15 00:00:00+00
1459302.00012113,586214.000008643,413,413,20220514-1817-00,18,Male,Black,Cleared by Arrest,,Handgun,4700 BEECH CREST PL,1459302,586214,35.34716,-80.813348,North,276,2022/05/23 00:00:00+00,Robbery,4,1,,2022,05,2022/05/14 00:00:00+00
1441717.99985614,536181.000009224,414,414,20220513-1134-01,,Unknown,Other/Unknown,Open,,Handgun,500 BROOKHILL RD,1441718,536181,35.208815,-80.869147,Westover,338,,Other/Unknown,3,2,,2022,05,2022/05/13 00:00:00+00
1437115.9998738,550056.000146315,415,415,20220512-1743-00,26,Male,Black,Cleared by Arrest,,Firearm,3600 AVALON AV,1437116,550056,35.246693,-80.885433,Metro,6,2022/09/01 00:00:00+00,Other/Unknown,2,2,,2022,05,2022/05/12 00:00:00+00
1434810.99989064,509535.000151724,416,416,20220508-0021-03,29,Male,Black,Open,,Handgun,1100 DEEP ROCK CR,1434811,509535,35.135254,-80.890567,Steele Creek,116,,Drugs,3,2,,2022,05,2022/05/08 00:00:00+00
1471850.99995747,559119.000064895,417,417,20220504-1615-02,41,Male,Hispanic,Cleared by Arrest,,Physical,6300 COUNTRYSIDE DR,1471851,559119,35.273348,-80.769651,North Tryon,304,2022/07/25 00:00:00+00,Argument,1,3,,2022,05,2022/05/04 00:00:00+00
1435756.99996714,525981.000068054,418,418,20220430-1750-00,,Male,Black,Cleared by Arrest,,Firearm,300 W WOODLAWN RD,1435757,525981,35.180484,-80.88845,Westover,362,2022/05/19 00:00:00+00,Other/Unknown,3,2,,2022,04,2022/04/30 00:00:00+00
1440676.99996963,556976.000085816,419,419,20220429-1915-00,21,Male,Black,Exceptionally Cleared,,Firearm,700 MONTANA DR,1440677,556976,35.265889,-80.873945,Metro,292,2022/07/05 00:00:00+00,Argument,2,2,BEATTIES FORD/ROZZELLES FERRY,2022,04,2022/04/29 00:00:00+00
1440676.99996963,556976.000085816,420,420,20220429-1915-00,23,Male,Black,Exceptionally Cleared,,Firearm,700 MONTANA DR,1440677,556976,35.265889,-80.873945,Metro,292,2022/07/05 00:00:00+00,Argument,2,2,BEATTIES FORD/ROZZELLES FERRY,2022,04,2022/04/29 00:00:00+00
1429179.99999781,538895.000158638,421,421,20220421-2243-01,29,Male,Black,Open,,Handgun,3000 MARKLAND DR,1429180,538895,35.215615,-80.911289,Westover,321,,Other/Unknown,3,2,,2022,04,2022/04/21 00:00:00+00
1482789.00006305,531292.99994272,422,422,20220421-0633-00,20,Male,Black,Cleared by Arrest,,Handgun,7800 RIDING TRAIL RD,1482789,531293,35.197433,-80.731383,Hickory Grove,316,2022/05/25 00:00:00+00,Argument,5,4,,2022,04,2022/04/21 00:00:00+00
1446331.00014456,587500.000061303,423,423,20220420-2023-01,19,Male,Black,Cleared by Arrest,,Handgun,9900 NORTHLAKE CENTRE PY,1446331,587500,35.350035,-80.85692,North,72,2022/04/30 00:00:00+00,Argument,4,1,,2022,04,2022/04/20 00:00:00+00
1460244.99987556,558893.999858722,424,424,20220417-2112-02,39,Male,White,Cleared by Arrest,,Handgun,1400 METALS DR,1460245,558894,35.272155,-80.808517,North Tryon,138,2023/04/15 00:00:00+00,Other/Unknown,1,3,,2022,04,2022/04/17 00:00:00+00
1426438.99990238,548498.999979481,425,425,20220415-1327-03,62,Female,White,Cleared by Arrest,,Screwdriver,3100 SLOAN DR,1426439,548499,35.241853,-80.921087,Freedom,140,2022/04/19 00:00:00+00,Argument,3,2,,2022,04,2022/04/15 00:00:00+00
1436524.00007355,514194.000020057,426,426,20220410-0201-03,33,Male,Black,Open,,Firearm,6800 FARTHINGTON CR,1436524,514194,35.148143,-80.885135,Steele Creek,71,,Other/Unknown,3,2,,2022,04,2022/04/10 00:00:00+00
1479067.99995914,543988.00014323,427,427,20220409-1847-00,54,Male,Black,Cleared by Arrest,,Knife,4500 SHARON CHASE DR,1479068,543988,35.23213,-80.744584,Hickory Grove,168,2022/05/27 00:00:00+00,Other/Unknown,1,4,,2022,04,2022/04/09 00:00:00+00
1454138.99994847,551547.000117064,428,428,20220329-1135-03,17,Male,Black,Cleared by Arrest,,Handgun,900 FRANKLIN AV,1454139,551547,35.251664,-80.828518,Metro,363,2022/03/31 00:00:00+00,Other/Unknown,1,3,,2022,03,2022/03/29 00:00:00+00
1483047.99987313,515524.99998273,429,429,20220325-0349-01,39,Male,Hispanic,Open,,Handgun,2700 CROSS POINT CR,1483048,515525,35.154126,-80.729597,Independence,107,,Other/Unknown,5,4,,2022,03,2022/03/25 00:00:00+00
1462294.00004263,530163.999904141,430,430,20220321-1427-02,35,Male,Black,Cleared by Arrest,,Firearm,3600 MARVIN RD,1462294,530164,35.19333,-80.799908,Providence,370,2022/04/01 00:00:00+00,Other/Unknown,1,4,,2022,03,2022/03/21 00:00:00+00
1481289.0001103,546134.000116304,431,431,20220319-1851-01,48,Male,Hispanic,Cleared by Arrest,,Physical,5700 E W T HARRIS BV,1481289,546134,35.238133,-80.737273,Hickory Grove,247,2022/03/23 00:00:00+00,Argument,5,3,,2022,03,2022/03/19 00:00:00+00
1440236.99986538,534472.000146389,432,432,20220315-1816-00,14,Male,Black,Open,,Handgun,2900 BALTIMORE AV,1440237,534472,35.204043,-80.873996,Westover,30,,Other/Unknown,3,2,,2022,03,2022/03/15 00:00:00+00
1439452.00012305,548766.000101641,433,433,20220314-1916-03,58,Male,Black,Cleared by Arrest,,Handgun,3100 AVALON AV,1439452,548766,35.243271,-80.877529,Metro,5,2022/03/22 00:00:00+00,Argument,2,2,,2022,03,2022/03/14 00:00:00+00
1447422.99992906,515237.999900565,434,434,20220312-0909-01,2,Male,Other/Unknown,Cleared by Arrest,,Physical,6200 PARK RD,1447423,515238,35.151574,-80.848745,South,8,2022/08/16 00:00:00+00,Domestic,6,5,,2022,03,2022/03/12 00:00:00+00
1410006.99995805,514671.000050306,435,435,20220305-0309-03,48,Male,White,Cleared by Arrest,,Handgun,10700 HILLGROVE LN,1410007,514671,35.148037,-80.973857,Steele Creek,111,2022/09/13 00:00:00+00,Other/Unknown,3,2,,2022,03,2022/03/05 00:00:00+00
1419476.00004889,560879.00015381,436,436,20220224-1209-05,66,Male,White,Cleared by Arrest,,Handgun,600 GLASGOW RD,1419476,560879,35.27549,-80.945215,Freedom,333,2022/02/24 00:00:00+00,Domestic,3,2,,2022,02,2022/02/24 00:00:00+00
1464601.0000218,571363.99985306,437,437,20220218-2239-01,15,Male,Other/Unknown,Cleared by Arrest,,Handgun,6700 MALLARD PARK DR,1464601,571364,35.30663,-80.79468,University City,259,2022/04/05 00:00:00+00,Drugs,2,3,,2022,02,2022/02/18 00:00:00+00
1449276.00016005,555115.99986881,438,438,20220215-1133-00,,Male,Black,Cleared by Arrest,,Rifle,1500 LASALLE ST,1449276,555116,35.261222,-80.845026,Metro,374,2022/03/10 00:00:00+00,Argument,2,3,,2022,02,2022/02/15 00:00:00+00
1414983.99984655,565944.99986431,439,439,20220213-1858-04,36,Male,Black,Open,,Handgun,1900 MARITA DR,1414984,565945,35.289164,-80.960598,Freedom,348,2022/09/19 00:00:00+00,Other/Unknown,2,2,,2022,02,2022/02/13 00:00:00+00
1431591.00009705,576421.999907643,440,440,20220213-0622-00,,Female,Black,Cleared by Arrest,Intimate Partner,Shotgun,1600 SWAN DR,1431591,576422,35.318834,-80.90563,North,112,2022/02/16 00:00:00+00,Domestic,0,2,,2022,02,2022/02/13 00:00:00+00
1448473.00012563,543981.000157222,441,441,20220211-2134-03,41,Male,Hispanic,Cleared by Arrest,,Handgun,500 W TRADE ST,1448473,543981,35.230591,-80.847022,Central,476,2022/03/17 00:00:00+00,Argument,2,4,,2022,02,2022/02/11 00:00:00+00
1485977.99991864,570111.000062481,442,442,20220207-1856-00,24,Male,Black,Cleared by Arrest,,Vehicle,10300 OLD CONCORD RD,1485978,570111,35.304228,-80.722965,University City,299,2022/02/25 00:00:00+00,Other/Unknown,4,3,,2022,02,2022/02/07 00:00:00+00
1459735.9999093,547416.999846891,443,443,20220129-2340-03,23,Male,Black,Open,,Firearms,800 LEIGH AV,1459736,547417,35.2406,-80.809521,Eastway,386,2022/09/14 00:00:00+00,Drugs,1,4,,2022,01,2022/01/29 00:00:00+00
1461503.99998222,552360.000131473,444,444,20220129-2323-04,50,Male,Black,Cleared by Arrest,,Handgun,3700 N TRYON ST,1461504,552360,35.254268,-80.803902,North Tryon,21,2022/01/30 00:00:00+00,Argument,1,4,GRAHAM STREET/NORTH TRYON,2022,01,2022/01/29 00:00:00+00
1423187.99984272,549474.999995977,445,445,20220111-2053-03,47,Male,Black,Cleared by Arrest,,Vehicle,6400 TUCKASEEGEE RD,1423188,549475,35.244361,-80.932037,Freedom,140,2022/01/12 00:00:00+00,Other/Unknown,3,2,,2022,01,2022/01/11 00:00:00+00
1452526.99989164,561248.000071973,446,446,20220103-1720-00,28,Female,Black,Cleared by Arrest,,Vehicle,4300 STATESVILLE RD,1452527,561248,35.278233,-80.834517,North,125,2022/02/02 00:00:00+00,Other/Unknown,2,3,,2022,01,2022/01/03 00:00:00+00
1446559.00001663,556663.000055641,447,447,20211225-0213-00,28,Male,Black,Cleared by Arrest,,Firearm,2200 BEATTIES FORD RD,1446559,556663,35.265332,-80.854224,Metro,374,2022/02/10 00:00:00+00,Argument,2,3,BEATTIES FORD/ROZZELLES FERRY,2021,12,2021/12/25 00:00:00+00
1489283.9998683,574686.00009881,448,448,20211223-0612-00,18,Male,Hispanic,Cleared by Arrest,,Firearm,1600 DEERGREEN LN,1489284,574686,35.316954,-80.712151,University City,60,2022/01/13 00:00:00+00,Robbery,4,3,,2021,12,2021/12/23 00:00:00+00
1437688.00004214,566572.999920651,449,449,20211220-1346-00,47,Female,Black,Cleared by Arrest,Intimate Partner,Handgun,1300 LONG GRASS CT,1437688,566573,35.292098,-80.884568,North,158,2021/12/20 00:00:00+00,Domestic,0,2,,2021,12,2021/12/20 00:00:00+00
1487089.99999122,572789.999953806,450,450,20211220-0008-03,19,Male,Black,Cleared by Arrest,,Firearm,1100 GOLD RUSH BV,1487090,572790,35.311641,-80.719394,University City,60,2022/12/14 00:00:00+00,Other/Unknown,4,3,,2021,12,2021/12/20 00:00:00+00
1414386.00005831,578815.0000429,451,451,20211217-2159-03,0,Male,Black,Cleared by Arrest,,Physical,9600 CORBETT SQUARE LN,1414386,578815,35.324487,-80.963455,North,136,2021/12/22 00:00:00+00,Domestic,2,1,,2021,12,2021/12/17 00:00:00+00
1439000.00004281,531181.999836639,452,452,20211214-1712-05,46,Male,Black,Cleared by Arrest,,Firearm,3500 S TRYON ST,1439000,531182,35.194941,-80.877928,Westover,290,2022/01/03 00:00:00+00,Argument,3,2,,2021,12,2021/12/14 00:00:00+00
1429795.00008014,520360.000155225,453,453,20211210-1704-00,30,Male,Black,Cleared by Arrest by Another Agency,,Handgun,5900 QUERCUS COVE CT,1429795,520360,35.164729,-80.908038,Steele Creek,121,2022/02/03 00:00:00+00,Drugs,3,2,,2021,12,2021/12/10 00:00:00+00
1446282.99991247,591984.99994956,454,454,20211207-0021-02,29,Male,Black,Cleared by Arrest,,Handgun,8600 SWANK PL,1446283,591985,35.362353,-80.857362,North,72,2022/01/26 00:00:00+00,Other/Unknown,0,1,,2021,12,2021/12/07 00:00:00+00
1461408.99984413,562381.000102565,455,455,20211206-0157-01,41,Male,Hispanic,Cleared by Arrest,,Handgun,4900 N GRAHAM ST,1461409,562381,35.281793,-80.80483,North Tryon,328,2022/01/25 00:00:00+00,Other/Unknown,1,3,,2021,12,2021/12/06 00:00:00+00
1429885.99989814,570814.999966815,456,456,20211128-0449-03,34,Male,Black,Cleared by Arrest,,Handgun,1700 HARLAND ST,1429886,570815,35.303341,-80.910983,North,113,2021/11/30 00:00:00+00,Argument,2,2,,2021,11,2021/11/28 00:00:00+00
1454272.00001055,574373.00006865,457,457,20211124-2159-01,21,Female,Black,Cleared by Arrest,Intimate Partner,Handgun,6200 ROBUR CT,1454272,574373,35.314378,-80.829482,North,117,2021/11/30 00:00:00+00,Domestic,2,3,,2021,11,2021/11/24 00:00:00+00
1453764.0000423,546340.000032395,458,458,20211112-2114-01,30,Male,Black,Cleared by Arrest,,Firearm,1500 N TRYON ST,1453764,546340,35.23734,-80.829452,Metro,157,2021/12/09 00:00:00+00,Argument,1,3,GRAHAM STREET/NORTH TRYON,2021,11,2021/11/12 00:00:00+00
1464749.00005388,559971.000001311,459,459,20211108-2320-00,35,Male,Hispanic,Cleared by Arrest,,Handgun,1100 W SUGAR CREEK RD,1464749,559971,35.275338,-80.793494,North Tryon,138,2021/11/11 00:00:00+00,Other/Unknown,1,3,SUGAR CREEK/I-85,2021,11,2021/11/08 00:00:00+00
1477488.99983631,569898.000160396,460,460,20211106-0047-00,17,Male,Hispanic,Open,,Firearm,8500 N TRYON ST,1477489,569898,35.303235,-80.751401,University City,219,,Other/Unknown,4,3,,2021,11,2021/11/06 00:00:00+00
1490203.99999681,529750.000075981,461,461,20211103-0514-01,17,Male,Hispanic,Cleared by Arrest,,Handgun,5100 MCALPINE GLEN DR,1490204,529750,35.193547,-80.706478,Independence,91,2021/11/24 00:00:00+00,Other/Unknown,5,4,,2021,11,2021/11/03 00:00:00+00
1478441.99989881,566388.999960557,462,462,20211030-0006-04,33,Male,Black,Cleared by Arrest,,Firearm,8200 UNIVERSITY CITY BV,1478442,566389,35.293641,-80.748001,University City,219,2021/10/30 00:00:00+00,Argument,4,3,,2021,10,2021/10/30 00:00:00+00
1446364.00007856,540669.999889478,463,463,20211024-0217-02,41,Male,Black,Cleared by Arrest,,Handgun,300 W CARSON BV,1446364,540670,35.221387,-80.853876,Central,476,2021/10/25 00:00:00+00,Argument,2,4,,2021,10,2021/10/24 00:00:00+00
1447414.99994506,538666.99995847,464,464,20211021-2216-02,46,Male,Black,Cleared by Arrest,,Handgun,1200 S CALDWELL ST,1447415,538667,35.215938,-80.850233,Providence,3,2021/10/22 00:00:00+00,Argument,1,4,,2021,10,2021/10/21 00:00:00+00
1449420.99987005,549383.999849901,465,465,20211020-1244-02,40,Female,Other/Unknown,Cleared by Arrest,,Handgun,1400 SPRING ST,1449421,549384,35.245482,-80.844184,Metro,182,2021/12/01 00:00:00+00,Argument,1,2,,2021,10,2021/10/20 00:00:00+00
1437719.99997814,538540.9998824,466,466,20211017-1941-01,21,Male,Black,Cleared by Arrest,,Handgun,1500 REMOUNT RD,1437720,538541,35.215091,-80.882679,Westover,326,2021/12/09 00:00:00+00,Other/Unknown,3,2,WEST BOULEVARD,2021,10,2021/10/17 00:00:00+00
1457464.99985814,562037.000134394,467,467,20211017-1106-03,29,Male,Black,Open,,Handgun,4500 WYNBROOK WY,1457465,562037,35.28065,-80.818023,North,160,,Other/Unknown,1,3,,2021,10,2021/10/17 00:00:00+00
1456650.99984571,573954.999920398,468,468,20211017-0016-03,42,Male,Black,Cleared by Arrest,,Handgun,6900 AULTON LINK CT,1456651,573955,35.31335,-80.821482,North,117,2021/12/08 00:00:00+00,Robbery,2,3,,2021,10,2021/10/17 00:00:00+00
1486579.00002897,532835.000139564,469,469,20211013-2031-02,30,Female,Black,Cleared by Arrest,Intimate Partner,Cutting Instrument,7200 WINERY LN,1486579,532835,35.20185,-80.718788,Hickory Grove,147,2021/11/02 00:00:00+00,Domestic,5,4,CENTRAL/ALBEMARLE,2021,10,2021/10/13 00:00:00+00
1440236.99986538,534472.000146389,470,470,20211012-2358-02,15,Male,Black,Cleared by Arrest,,Handgun,600 FAIRWOOD AV,1440237,534472,35.204043,-80.873996,Westover,30,2021/11/16 00:00:00+00,Other/Unknown,3,2,,2021,10,2021/10/12 00:00:00+00
1430765.00010864,550650.999940559,471,471,20211012-0715-05,30,Female,White,Cleared by Arrest,,"Cutting Instrument, Stran",1800 J JULIAN LN,1430765,550651,35.247994,-80.906739,Freedom,199,2021/10/13 00:00:00+00,Robbery,3,2,,2021,10,2021/10/12 00:00:00+00
1470965.00008905,575127.999870971,472,472,20211010-2225-03,20,Male,Black,Cleared by Arrest,,Handgun,1700 FLAT RIVER DR,1470965,575128,35.317284,-80.773578,University City,254,2021/10/11 00:00:00+00,Drugs,4,3,,2021,10,2021/10/10 00:00:00+00
1429945.00010823,501794.999883726,473,473,20211009-2254-03,46,Male,Hispanic,Open,,Handgun,10800 SOUTHERN LOOP BV,1429945,501795,35.113735,-80.906343,Steele Creek,116,,Robbery,3,6,,2021,10,2021/10/09 00:00:00+00
1498559.00001906,569159.999995977,474,474,20211005-2155-00,19,Male,Black,Cleared by Arrest,,Firearm,3900 FARMINGTON RIDGE PY,1498559,569160,35.302208,-80.680749,University City,273,2021/10/18 00:00:00+00,Drugs,4,3,,2021,10,2021/10/05 00:00:00+00
1446668.00012672,552665.999847561,475,475,20211004-1259-01,56,Female,Black,Cleared by Arrest,,Cutting Instrument,2000 VINTON ST,1446668,552666,-80.853608,-80.853608,Metro,311,2021/10/05 00:00:00+00,Drugs,1,2,,2021,10,2021/10/04 00:00:00+00
1441119.00006989,548062.999867231,476,476,20211001-1721-01,35,Female,Black,Cleared by Arrest,,Handgun,2600 CLYDESDALE TR,1441119,548063,35.241426,-80.871902,Metro,293,2021/12/02 00:00:00+00,Other/Unknown,2,2,,2021,10,2021/10/01 00:00:00+00
1427379.99998888,549642.999988064,477,477,20210918-0215-01,33,Male,Black,Open,,Handgun,2900 FORESTBROOK DR,1427380,549643,35.245046,-80.91801,Freedom,199,,Other/Unknown,3,2,,2021,09,2021/09/18 00:00:00+00
1434796.99991864,531927.999985054,478,478,20210912-1126-00,17,Male,Black,Open,,Shotgun,1500 PRESSLEY RD,1434797,531928,35.196771,-80.892042,Westover,362,,Other/Unknown,3,2,,2021,09,2021/09/12 00:00:00+00
1436996.0001138,538813.999992564,479,479,20210908-1455-01,18,Male,Other/Unknown,Exceptionally Cleared,,Firearm,1700 WEST BV,1436996,538814,35.215803,-80.88512,Westover,326,2021/09/23 00:00:00+00,Drugs,3,2,WEST BOULEVARD,2021,09,2021/09/08 00:00:00+00
1412727.00009547,582078.000078559,480,480,20210907-2344-02,3,Male,Black,Cleared by Arrest,,Firearms,2400 RICHARD ROZZELLE DR,1412727,582078,35.33336,-80.969233,North,337,2021/11/24 00:00:00+00,Other/Unknown,2,1,,2021,09,2021/09/07 00:00:00+00
1480624.00012797,533354.000085816,481,481,20210906-1833-01,27,Male,White,Cleared by Arrest,,Cutting Instrument,6300 ALBEMARLE RD,1480624,533354,35.202991,-80.73875,Hickory Grove,316,2021/09/10 00:00:00+00,Other/Unknown,5,4,CENTRAL/ALBEMARLE,2021,09,2021/09/06 00:00:00+00
1456368.00008364,546773.000150651,482,482,20210906-0529-01,29,Female,White,Exceptionally Cleared,,Blunt Trauma,400 E 22ND ST,1456368,546773,-80.82076,-80.82076,Eastway,22,2021/12/29 00:00:00+00,Other/Unknown,1,3,,2021,09,2021/09/06 00:00:00+00
1445689.00011621,579172.999983057,483,483,20210905-1815-00,16,Male,Black,Cleared by Arrest,,Firearm,9600 TRINITY RD,1445689,579173,35.327126,-80.858549,North,260,2021/09/05 00:00:00+00,Other/Unknown,2,2,,2021,09,2021/09/05 00:00:00+00
1453402.00011013,559471.000017062,484,484,20210828-1752-00,58,Male,Black,Cleared by Arrest,,Rifle,20000 S I-85 HY,1453402,559471,35.273395,-80.831476,North,160,2021/08/28 00:00:00+00,Argument,1,3,,2021,08,2021/08/28 00:00:00+00
1471905.99984747,523940.999882981,485,485,20210823-0651-00,21,Male,Black,Cleared by Arrest,,Handgun,1800 TARTAN CT,1471906,523941,35.176708,-80.767369,Independence,99,2021/08/26 00:00:00+00,Robbery,5,4,,2021,08,2021/08/23 00:00:00+00
1426029.00006622,537669.999983981,486,486,20210821-2317-08,54,Male,Black,Cleared by Arrest,,Handgun,2100 BROOKSVALE ST,1426029,537670,35.212083,-80.921758,Westover,114,2021/09/08 00:00:00+00,Argument,3,2,,2021,08,2021/08/21 00:00:00+00
1464749.00005388,559971.000001311,487,487,20210814-0320-00,18,Male,Black,Cleared by Arrest,,Handgun,1100 W SUGAR CREEK RD,1464749,559971,35.275338,-80.793494,North Tryon,138,2021/09/15 00:00:00+00,Other/Unknown,1,3,SUGAR CREEK/I-85,2021,08,2021/08/14 00:00:00+00
1424870.00008763,514828.000064388,488,488,20210806-1756-02,22,Male,Black,Cleared by Arrest,,Rifle,7600 HOLLISWOOD CT,1424870,514828,35.14927,-80.924155,Steele Creek,307,2021/09/21 00:00:00+00,Drugs,3,2,,2021,08,2021/08/06 00:00:00+00
1439452.00012305,548766.000101641,489,489,20210726-0039-00,18,Male,Black,Open,,Firearm,3100 AVALON AV,1439452,548766,35.243271,-80.877529,Metro,5,,Other/Unknown,2,2,,2021,07,2021/07/26 00:00:00+00
1434390.00007647,531714.000084981,490,490,20210721-2318-01,33,Male,Black,Cleared by Arrest,,Handgun,1400 PRESSLEY RD,1434390,531714,35.196162,-80.89339,Westover,362,2023/08/31 00:00:00+00,Drugs,3,2,,2021,07,2021/07/21 00:00:00+00
1464749.00005388,559971.000001311,491,491,20210718-2222-03,34,Male,Black,Cleared by Arrest,,Handgun,1100 W SUGAR CREEK RD,1464749,559971,35.275338,-80.793494,North Tryon,138,2021/07/30 00:00:00+00,Other/Unknown,1,3,SUGAR CREEK/I-85,2021,07,2021/07/18 00:00:00+00
1434429.99999647,509645.999929726,492,492,20210715-1425-02,25,Male,Black,Open,,Handgun,9000 NATIONS FORD RD,1434430,509646,35.135539,-80.891849,Steele Creek,116,,Other/Unknown,3,2,,2021,07,2021/07/15 00:00:00+00
1483988.99995963,559341.999946982,493,493,20210713-1208-02,27,Male,Black,Cleared by Arrest,,Handgun,8000 HARRIS STATION BV,1483989,559342,35.274548,-80.729002,University City,192,2021/09/29 00:00:00+00,Drugs,4,3,,2021,07,2021/07/13 00:00:00+00
1490748.99989106,537567.999859899,494,494,20210707-2344-03,18,Male,Black,Cleared by Arrest,,Handgun,6200 TURTLE NECK LN,1490749,537568,35.215051,-80.705103,Hickory Grove,323,2021/07/29 00:00:00+00,Argument,5,4,,2021,07,2021/07/07 00:00:00+00
1435756.99996714,525981.000068054,495,495,20210707-0329-02,32,Female,Black,Open,,Rifle,300 W WOODLAWN RD,1435757,525981,35.180484,-80.88845,Westover,362,,Other/Unknown,3,2,,2021,07,2021/07/07 00:00:00+00
1427963.00013521,557485.000052065,496,496,20210704-2331-03,,Male,Black,Cleared by Arrest,,Rifle,5100 BROOKTREE DR,1427963,557485,35.26662,-80.916565,Freedom,346,2021/07/14 00:00:00+00,Argument,2,2,,2021,07,2021/07/04 00:00:00+00
1439717.99991913,533442.999907807,497,497,20210704-1541-00,17,Male,Black,Cleared by Arrest,,Handgun,3100 BANK ST,1439718,533443,35.20119,-80.875668,Westover,30,2021/07/05 00:00:00+00,Gang,3,2,,2021,07,2021/07/04 00:00:00+00
1443684.99985914,552676.000155643,498,498,20210629-2245-00,20,Male,Black,Cleared by Arrest,,Firearm,1100 MAYFIELD TERRACE DR,1443685,552676,35.254231,-80.863599,Metro,85,2021/06/30 00:00:00+00,Other/Unknown,2,2,BEATTIES FORD/ROZZELLES FERRY,2021,06,2021/06/29 00:00:00+00
1474226.00012872,527827.999982983,499,499,20210627-0223-01,31,Male,Black,Cleared by Arrest,,Handgun,5300 E INDEPENDENCE BV,1474226,527828,35.1875,-80.759837,Independence,57,2021/06/29 00:00:00+00,Argument,5,4,,2021,06,2021/06/27 00:00:00+00
1435650.99985105,518378.999852151,500,500,20210626-0046-00,31,Male,White,Cleared by Arrest,,Handgun,5800 WESTPARK DR,1435651,518379,35.159594,-80.888321,Steele Creek,212,2021/06/28 00:00:00+00,Robbery,3,2,,2021,06,2021/06/26 00:00:00+00
1464004.99990147,537276.000115812,501,501,20210620-0149-01,43,Male,Hispanic,Open,,Handgun,1700 EASTCREST DR,1464005,537276,35.212953,-80.794612,Eastway,86,,Robbery,1,4,,2021,06,2021/06/20 00:00:00+00
1472624.00005189,551908.00005123,502,502,20210615-0223-00,26,Male,Black,Cleared by Arrest,,Handgun,5300 WATERWOOD ST,1472624,551908,35.253575,-80.766632,North Tryon,100,2025/06/13 00:00:00+00,Other/Unknown,1,3,,2021,06,2021/06/15 00:00:00+00
1454793.9999508,551722.000095144,503,503,20210612-0332-01,34,Male,Black,Cleared by Arrest,,Handgun,2500 N GRAHAM ST,1454794,551722,35.252178,-80.826335,Metro,369,2021/08/10 00:00:00+00,Argument,1,3,,2021,06,2021/06/12 00:00:00+00
1461584.00015031,530453.999980316,504,504,20210606-0041-01,42,Male,Black,Open,,Handgun,3500 ELLINGTON ST,1461584,530454,35.194091,-80.802302,Providence,370,,Argument,1,4,,2021,06,2021/06/06 00:00:00+00
1445749.99999422,563051.000074893,505,505,20210603-0829-00,57,Male,Black,Cleared by Arrest,,Vehicle,3600 BEATTIES FORD RD,1445750,563051,35.28284,-80.857334,Metro,139,2021/06/03 00:00:00+00,Robbery,2,2,,2021,06,2021/06/03 00:00:00+00
1455581.00001723,573225.000068054,506,506,20210531-0027-00,21,Female,Black,Cleared by Arrest,,Rifle,5500 TWIN BROOK DR,1455581,573225,35.31129,-80.825024,North,117,2023/02/16 00:00:00+00,Other/Unknown,2,3,,2021,05,2021/05/31 00:00:00+00
1468953.99984597,536768.000147566,507,507,20210529-1614-00,29,Female,Hispanic,Cleared by Arrest,Intimate Partner,Unknown,3300 BISCAYNE DR,1468954,536768,35.211802,-80.778015,Eastway,164,2021/07/16 00:00:00+00,Domestic,5,4,,2021,05,2021/05/29 00:00:00+00
1475165.99988914,562615.999960646,508,508,20210524-1715-00,26,Male,Black,Cleared by Arrest,,Firearm,300 CHARGER CT,1475166,562616,35.283117,-80.758754,University City,234,2021/05/26 00:00:00+00,Argument,4,3,,2021,05,2021/05/24 00:00:00+00
1424332.9998493,514244.999918059,509,509,20210521-1238-01,16,Male,Black,Open,,Handgun,7700 S TRYON ST,1424333,514245,35.14764,-80.925913,Steele Creek,307,,Other/Unknown,3,2,,2021,05,2021/05/21 00:00:00+00
1442597.00006664,564504.000121638,510,510,20210521-0410-03,4,Female,Black,Cleared by Arrest,,Physical,3700 BRADEN DR,1442597,564504,35.286669,-80.867989,North,158,2021/05/21 00:00:00+00,Domestic,2,2,,2021,05,2021/05/21 00:00:00+00
1444702.00012173,553333.000153974,511,511,20210517-1258-01,,Male,Black,Open,,Handgun,2500 CELIA AV,1444702,553333,35.256089,-80.860235,Metro,85,,Argument,2,2,BEATTIES FORD/ROZZELLES FERRY,2021,05,2021/05/17 00:00:00+00
1468442.99988373,548438.000101477,512,512,20210515-0021-00,41,Male,Black,Cleared by Arrest,,Handgun,1700 FINCHLEY DR,1468443,548438,35.243837,-80.780426,North Tryon,128,2021/05/17 00:00:00+00,Argument,1,3,,2021,05,2021/05/15 00:00:00+00
1458050.00000048,544844.000071645,513,513,20210513-2123-01,16,Male,Black,Cleared by Arrest,,Handgun,1800 ALLEN ST,1458050,544844,35.233447,-80.815009,Eastway,386,2021/05/14 00:00:00+00,Gang,1,3,,2021,05,2021/05/13 00:00:00+00
1438495.00006856,546109.999836221,514,514,20210513-0103-00,22,Male,Black,Open,,Handgun,2600 FREEDOM DR,1438495,546110,35.235925,-80.880565,Metro,6,,Other/Unknown,2,2,,2021,05,2021/05/13 00:00:00+00
1434603.99997656,531467.999920815,515,515,20210428-0231-00,16,Male,Black,Cleared by Arrest,,Handgun,4400 ROSE RIDGE PL,1434604,531468,35.195497,-80.892658,Westover,362,2021/04/30 00:00:00+00,Other/Unknown,3,2,,2021,04,2021/04/28 00:00:00+00
1424621.99992748,529627.999991894,516,516,20210424-0352-00,30,Female,Black,Cleared by Arrest,Intimate Partner,Physical,2700 YORKMONT RD,1424622,529628,35.189915,-80.925945,Steele Creek,306,2021/04/24 00:00:00+00,Domestic,3,2,,2021,04,2021/04/24 00:00:00+00
1494746.00009914,536239.999891222,517,517,20210421-2035-00,,Male,Black,Cleared by Arrest,,Firearm,9000 ALBEMARLE RD,1494746,536240,35.21159,-80.691647,Hickory Grove,323,2021/04/22 00:00:00+00,Robbery,5,4,,2021,04,2021/04/21 00:00:00+00
1452924.00008188,555084.999930814,518,518,20210420-2117-00,28,Male,Black,Cleared by Arrest,,Handgun,1000 MCARTHUR AV,1452924,555085,35.261322,-80.832806,Metro,363,2021/04/22 00:00:00+00,Argument,1,3,,2021,04,2021/04/20 00:00:00+00
1479124.99984513,542865.000092641,519,519,20210418-2009-02,46,Male,Black,Open,,Firearm,5200 N SHARON AMITY RD,1479125,542865,35.229048,-80.744327,Hickory Grove,168,,Argument,1,4,,2021,04,2021/04/18 00:00:00+00
1477488.99983631,569898.000160396,520,520,20210415-0222-02,28,Male,Black,Cleared by Arrest,,Firearm,8500 N TRYON ST,1477489,569898,35.303235,-80.751401,University City,331,2021/04/16 00:00:00+00,Other/Unknown,4,3,,2021,04,2021/04/15 00:00:00+00
1430528.99992447,542339.000160396,521,521,20210414-2321-00,25,Male,Black,Cleared by Arrest,,Handgun,2800 ROSEMONT ST,1430529,542339,35.225148,-80.906995,Freedom,387,2022/08/16 00:00:00+00,Argument,3,2,FREEDOM DRIVE/WILKINSON,2021,04,2021/04/14 00:00:00+00
1439666.00002314,548049.999893233,522,522,20210410-1502-00,15,Male,Black,Cleared by Arrest,,Firearm,2800 TUCKASEEGEE RD,1439666,548050,35.241315,-80.876767,Metro,293,2021/04/14 00:00:00+00,Gang,2,2,,2021,04,2021/04/10 00:00:00+00
1485482.99992439,534593.999902397,523,523,20210409-1244-02,24,Male,Black,Cleared by Arrest,,Handgun,8700 PARKLAND CR,1485483,534594,35.206631,-80.722559,Hickory Grove,59,2021/05/07 00:00:00+00,Other/Unknown,5,4,,2021,04,2021/04/09 00:00:00+00
1427755.99989305,547955.000083223,524,524,20210404-1346-00,29,Male,Black,Cleared by Arrest,,Firearm,3100 QUEEN CITY DR,1427756,547955,35.240429,-80.916642,Freedom,199,2021/04/20 00:00:00+00,Other/Unknown,3,2,,2021,04,2021/04/04 00:00:00+00
1463122.00002706,533698.000053972,525,525,20210402-1836-00,35,Male,White,Cleared by Arrest,,Firearm,3400 WASHBURN AV,1463122,533698,35.20308,-80.797351,Providence,366,2021/04/29 00:00:00+00,Domestic,1,4,,2021,04,2021/04/02 00:00:00+00
1440535.99992356,505748.999849722,526,526,20210331-2155-01,30,Male,Hispanic,Cleared by Arrest,,Handgun,7900 OAK MEADOW CT,1440536,505749,35.125151,-80.871183,Steele Creek,12,2021/04/20 00:00:00+00,Other/Unknown,6,5,,2021,03,2021/03/31 00:00:00+00
1463827.99992739,581793.999990389,527,527,20210329-1848-03,29,Male,Black,Cleared by Arrest,,Handgun,6400 W SUGAR CREEK RD,1463828,581794,35.335244,-80.797904,University City,278,2021/04/05 00:00:00+00,Robbery,2,3,,2021,03,2021/03/29 00:00:00+00
1445981.9998583,560817.999947727,528,528,20210328-1036-02,21,Female,Black,Cleared by Arrest,,Unknown,3100 FAIRBROOK DR,1445982,560818,35.276717,-80.856417,Metro,123,2021/04/06 00:00:00+00,Other/Unknown,2,2,,2021,03,2021/03/28 00:00:00+00
1445981.9998583,560817.999947727,529,529,20210324-2226-02,21,Male,Black,Cleared by Arrest,,Handgun,3100 FAIRBROOK DR,1445982,560818,35.276717,-80.856417,Metro,123,2021/03/26 00:00:00+00,Drugs,2,2,,2021,03,2021/03/24 00:00:00+00
1430095.0001363,550611.000020564,530,530,20210322-1250-03,26,Male,Black,Cleared by Arrest,,Handgun,3000 TIMBERBROOK DR,1430095,550611,35.247849,-80.908981,Freedom,199,2021/04/02 00:00:00+00,Argument,3,2,,2021,03,2021/03/22 00:00:00+00
1438732.99992064,511336.000158638,531,531,20210315-0011-01,22,Male,Black,Cleared by Arrest,,Rifle,7500 KINGS RIDGE DR,1438733,511336,35.140406,-80.877565,Steele Creek,116,2021/11/12 00:00:00+00,Other/Unknown,3,2,,2021,03,2021/03/15 00:00:00+00
1438732.99992064,511336.000158638,532,532,20210315-0011-01,27,Male,Black,Cleared by Arrest,,Rifle,7500 KINGS RIDGE DR,1438733,511336,35.140406,-80.877565,Steele Creek,116,2021/11/12 00:00:00+00,Other/Unknown,3,2,,2021,03,2021/03/15 00:00:00+00
1480997.00003813,524869.999993473,533,533,20210219-1958-03,25,Male,Other/Unknown,Cleared by Arrest,,Firearm,7600 WATERFORD RIDGE DR,1480997,524870,35.179701,-80.737005,Independence,134,2021/09/23 00:00:00+00,Robbery,5,4,,2021,02,2021/02/19 00:00:00+00
1438944.00015481,543193.000092804,534,534,20210219-0257-00,23,Male,Black,Cleared by Arrest,,Handgun,1900 BERRYHILL RD,1438944,543193,35.227934,-80.878876,Metro,361,2021/06/22 00:00:00+00,Argument,2,2,FREEDOM DRIVE/WILKINSON,2021,02,2021/02/19 00:00:00+00
1483595.00009146,543522.000090972,535,535,20210206-2257-02,16,Male,Black,Open,,Firearm,6600 E W T HARRIS BV,1483595,543522,35.231068,-80.729399,Hickory Grove,247,,Other/Unknown,5,3,,2021,02,2021/02/06 00:00:00+00
1432660.99992555,562084.000040397,536,536,20210131-1037-01,31,Male,Black,Cleared by Arrest,,Firearm,5700 WINDY VALLEY DR,1432661,562084,35.279502,-80.901123,Freedom,190,2021/07/22 00:00:00+00,Other/Unknown,2,2,,2021,01,2021/01/31 00:00:00+00
1449964.00009638,554992.00011681,537,537,20210129-1542-00,28,Male,Black,Cleared by Arrest,,Handgun,1300 LASALLE ST,1449964,554992,35.260916,-80.842714,Metro,374,2021/01/30 00:00:00+00,Other/Unknown,2,3,,2021,01,2021/01/29 00:00:00+00
1440875.99989972,503184.000058472,538,538,20210129-1421-02,26,Male,Black,Cleared by Arrest,,Firearm,8000 RIVERBIRCH DR,1440876,503184,35.118122,-80.869885,Steele Creek,142,2021/02/01 00:00:00+00,Drugs,6,5,,2021,01,2021/01/29 00:00:00+00
1430674.99996056,511680.000126809,539,539,20210128-2214-02,25,Male,Black,Open,,Handgun,7900 S I-77 EXIT 3 RA,1430675,511680,35.140929,-80.904537,Steele Creek,54,,Gang,3,2,,2021,01,2021/01/28 00:00:00+00
1464544.00013581,558388.999884471,540,540,20210126-2102-02,20,Male,Black,Cleared by Arrest,,Handgun,900 W SUGAR CREEK RD,1464544,558389,35.270982,-80.794085,North Tryon,371,2021/01/27 00:00:00+00,Robbery,1,3,SUGAR CREEK/I-85,2021,01,2021/01/26 00:00:00+00
1463238.00012314,559525.999907061,541,541,20210124-0025-00,21,Male,Black,Open,,Firearm,4000 MERLANE DR,1463238,559526,35.274041,-80.798529,North Tryon,138,,Other/Unknown,1,3,SUGAR CREEK/I-85,2021,01,2021/01/24 00:00:00+00
1438496.00006655,539127.000022724,542,542,20210105-1807-01,34,Male,Black,Open,,Handgun,1500 WEST BV,1438496,539127,35.216741,-80.880118,Westover,326,,Other/Unknown,3,2,WEST BOULEVARD,2021,01,2021/01/05 00:00:00+00
1459879.99994938,543081.999986723,543,543,20210104-1348-03,26,Female,White,Cleared by Arrest,Intimate Partner,Vehicle,2000 THE PLAZA,1459880,543082,35.228698,-80.808775,Eastway,378,2021/01/15 00:00:00+00,Domestic,1,4,,2021,01,2021/01/04 00:00:00+00
1414367.00009631,568066.999885395,544,544,20201228-2122-00,51,Male,Black,Cleared by Arrest,,Knife,1600 LEDSON CT,1414367,568067,35.29496,-80.962806,Freedom,332,2020/12/30 00:00:00+00,Argument,2,2,,2020,12,2020/12/28 00:00:00+00
1482036.99992664,555797.000147223,545,545,20201228-2104-00,,Male,Hispanic,Open,,Knife,9500 NEWELL-HICKORY GROVE RD,1482037,555797,35.264716,-80.735334,University City,48,,Other/Unknown,5,3,,2020,12,2020/12/28 00:00:00+00
1492596.00013405,533771.999905974,546,546,20201224-2245-02,13,Female,Hispanic,Open,,Firearm,6600 OLDE SAVANNAH RD,1492596,533772,35.204709,-80.698703,Hickory Grove,146,,Other/Unknown,5,4,,2020,12,2020/12/24 00:00:00+00
1492596.00013405,533771.999905974,547,547,20201224-2245-02,16,Female,Hispanic,Open,,Firearm,6600 OLDE SAVANNAH RD,1492596,533772,35.204709,-80.698703,Hickory Grove,146,,Other/Unknown,5,4,,2020,12,2020/12/24 00:00:00+00
1481527.99996039,577152.000088066,548,548,20201223-1934-00,50,Female,Black,Exceptionally Cleared,,Handgun,10100 WOODBERRY TRAIL LN,1481528,577152,35.323358,-80.738292,University City,65,2021/02/25 00:00:00+00,Other/Unknown,4,3,,2020,12,2020/12/23 00:00:00+00
1445981.9998583,560817.999947727,549,549,20201222-2254-03,30,Male,Black,Cleared by Arrest,,Firearm,3100 FAIRBROOK DR,1445982,560818,35.276717,-80.856417,Metro,123,2021/02/25 00:00:00+00,Argument,2,2,,2020,12,2020/12/22 00:00:00+00
1464732.00008789,529906.000092059,550,550,20201222-2205-01,24,Male,Black,Open,,Handgun,1100 MCALWAY RD,1464732,529906,35.192742,-80.791733,Providence,394,,Other/Unknown,5,5,,2020,12,2020/12/22 00:00:00+00
1480514.00001989,532317.999861225,551,551,20201221-2127-01,31,Male,Hispanic,Cleared by Arrest,,Rifle,5800 FARM POND LN,1480514,532318,35.20014,-80.739058,Hickory Grove,316,2021/01/02 00:00:00+00,Argument,5,4,CENTRAL/ALBEMARLE,2020,12,2020/12/21 00:00:00+00
1444249.00004347,583911.000021473,552,552,20201217-2032-01,31,Male,Hispanic,Cleared by Arrest,,Vehicle,5200 VALCOURT RD,1444249,583911,35.340068,-80.863675,North,209,2021/12/08 00:00:00+00,Other/Unknown,4,1,,2020,12,2020/12/17 00:00:00+00
1425290.9999018,568634.000063732,553,553,20201213-1855-00,17,Male,Black,Cleared by Arrest,,Firearm,7100 RED BUD CR,1425291,568634,35.297106,-80.926239,Freedom,137,2020/12/18 00:00:00+00,Gang,2,2,,2020,12,2020/12/13 00:00:00+00
1489296.9998423,573690.000122309,554,554,20201213-0003-01,23,Male,Black,Cleared by Arrest,,Firearm,1700 CAROWAY ST,1489297,573690,35.314218,-80.712049,University City,60,2020/12/23 00:00:00+00,Argument,4,3,,2020,12,2020/12/13 00:00:00+00
1441105.00009789,505715.999915734,555,555,20201212-1921-04,36,Male,Black,Open,,Handgun,7800 ANDOVER WOODS DR,1441105,505716,35.12509,-80.869278,Steele Creek,12,,Robbery,6,5,,2020,12,2020/12/12 00:00:00+00
1476577.00001989,525896.99990797,556,556,20201130-2058-00,46,Male,Hispanic,Cleared by Arrest,,Handgun,5700 ELECTRA LN,1476577,525897,35.182309,-80.751855,Independence,202,2020/12/02 00:00:00+00,Robbery,5,4,,2020,11,2020/11/30 00:00:00+00
1494976.99996522,577858.999986395,557,557,20201129-2333-04,48,Male,Black,Cleared by Arrest,,Firearm,2800 BUSTLEHEAD CT,1494977,577859,35.325939,-80.69325,University City,155,2020/12/17 00:00:00+00,Argument,4,3,,2020,11,2020/11/29 00:00:00+00
1442895.00012681,549484.999975979,558,558,20201127-0243-02,42,Male,Black,Cleared by Arrest,Intimate Partner,Handgun,2400 ROZZELLES FERRY RD,1442895,549485,35.245424,-80.866044,Metro,382,2020/11/27 00:00:00+00,Domestic,2,2,BEATTIES FORD/ROZZELLES FERRY,2020,11,2020/11/27 00:00:00+00
1442895.00012681,549484.999975979,559,559,20201126-2129-00,60,Male,Black,Cleared by Arrest by Another Agency,,Handgun,300 S GARDNER AV,1442895,549485,35.245424,-80.866044,Metro,382,2020/12/29 00:00:00+00,Drugs,2,2,,2020,11,2020/11/26 00:00:00+00
1432988.99992572,536500.000027388,560,560,20201120-1413-03,16,Male,Black,Cleared by Arrest,,Handgun,3000 REID AV,1432989,536500,35.209236,-80.898385,Westover,159,2020/11/25 00:00:00+00,Other/Unknown,3,2,,2020,11,2020/11/20 00:00:00+00
1419829.99999705,508726.000129312,561,561,20201111-1839-00,59,Female,Black,Cleared by Arrest,,,9400 S TRYON ST,1419830,508726,35.132237,-80.940614,Steele Creek,319,2020/11/11 00:00:00+00,Other/Unknown,3,2,,2020,11,2020/11/11 00:00:00+00
1472810.00000797,561927.000026315,562,562,20201107-2016-04,16,Male,Hispanic,Open,,Firearm,100 ORCHARD TRACE LN,1472810,561927,35.281109,-80.766606,North Tryon,103,,Other/Unknown,1,3,,2020,11,2020/11/07 00:00:00+00
1485021.99986213,573497.999850139,563,563,20201106-1917-00,23,Male,Black,Cleared by Arrest by Another Agency,,Handgun,9700 CAMPUS WALK LN,1485022,573498,35.313487,-80.726367,University City,219,2020/12/01 00:00:00+00,Drugs,4,3,,2020,11,2020/11/06 00:00:00+00
1475990.99987955,569302.000040054,564,564,20201104-1923-01,37,Male,Black,Cleared by Arrest,,Handgun,300 MCCULLOUGH DR,1475991,569302,35.301525,-80.756386,University City,331,2020/11/25 00:00:00+00,Other/Unknown,4,3,,2020,11,2020/11/04 00:00:00+00
1477230.00002623,531732.00004898,565,565,20201030-2332-00,26,Male,Black,Exceptionally Cleared,,Shotgun,6200 WINGED ELM CT,1477230,531732,35.198371,-80.750014,Independence,135,2021/02/11 00:00:00+00,Other/Unknown,5,4,,2020,10,2020/10/30 00:00:00+00
1463341.99991514,563435.999961063,566,566,20201028-0914-08,41,Male,Black,Cleared by Arrest,,Handgun,5300 PRINCESS ST,1463342,563436,35.284787,-80.798418,North Tryon,328,2020/12/15 00:00:00+00,Other/Unknown,1,3,,2020,10,2020/10/28 00:00:00+00
1458123.99985246,544273.999899313,567,567,20201027-1851-02,30,Male,Black,Open,,Handgun,1700 PEGRAM ST,1458124,544274,35.231885,-80.814727,Eastway,37,,Other/Unknown,1,3,,2020,10,2020/10/27 00:00:00+00
1478975.00014514,577396.99992615,568,568,20201024-0222-03,22,Male,Black,Cleared by Arrest,,Handgun,800 POTENZA DR,1478975,577397,35.323908,-80.746864,University City,65,2020/11/02 00:00:00+00,Other/Unknown,4,3,,2020,10,2020/10/24 00:00:00+00
1434056.0000883,513686.000051811,569,569,20201021-2200-01,21,Male,Black,Cleared by Arrest,,Handgun,800 FARMHURST DR,1434056,513686,35.146618,-80.893357,Steele Creek,53,2020/10/22 00:00:00+00,Drugs,3,2,,2020,10,2020/10/21 00:00:00+00
1470359.99998672,542290.999928311,570,570,20201019-1214-02,26,Male,Black,Cleared by Arrest,,Handgun,2100 KILBORNE DR,1470360,542291,35.227044,-80.773639,Eastway,90,2020/10/20 00:00:00+00,Other/Unknown,5,4,,2020,10,2020/10/19 00:00:00+00
1470359.99998672,542290.999928311,571,571,20201019-1214-02,27,Female,Black,Cleared by Arrest,,Handgun,2100 KILBORNE DR,1470360,542291,35.227044,-80.773639,Eastway,90,2020/10/20 00:00:00+00,Other/Unknown,5,4,,2020,10,2020/10/19 00:00:00+00
1452788.00002581,544747.999935567,572,572,20201016-0409-00,37,Male,Black,Cleared by Arrest,,Handgun,900 N COLLEGE ST,1452788,544748,35.232917,-80.832622,Central,476,2020/10/21 00:00:00+00,Other/Unknown,1,4,,2020,10,2020/10/16 00:00:00+00
1441119.00006989,548062.999867231,573,573,20201013-0356-02,41,Male,Black,Open,,Firearm,2600 CLYDESDALE TR,1441119,548063,35.241426,-80.871902,Metro,293,,Other/Unknown,2,2,,2020,10,2020/10/13 00:00:00+00
1445500.99983606,552602.999973565,574,574,20201012-1813-00,58,Male,Black,Cleared by Arrest,,Handgun,1200 CAMPUS ST,1445501,552603,35.254124,-80.857513,Metro,85,2020/10/14 00:00:00+00,Argument,2,2,BEATTIES FORD/ROZZELLES FERRY,2020,10,2020/10/12 00:00:00+00
1459052.99996297,580987.999961972,575,575,20201012-1748-03,21,Male,Black,Open,,Firearm,5500 W W T HARRIS BV,1459053,580988,35.332791,-80.813863,North,281,,Other/Unknown,2,3,,2020,10,2020/10/12 00:00:00+00
1475125.99996914,538085.000138223,576,576,20201009-2039-02,25,Male,Black,Cleared by Arrest,,Knife,5300 CHEVAL PL,1475126,538085,35.215722,-80.757433,Eastway,389,2020/10/10 00:00:00+00,Argument,5,4,,2020,10,2020/10/09 00:00:00+00
1438842.00003073,555172.000084892,577,577,20201009-0341-00,47,Male,Black,Open,,Firearm,3600 ROZZELLES FERRY RD,1438842,555172,35.260838,-80.879978,Metro,292,,Other/Unknown,2,2,BEATTIES FORD/ROZZELLES FERRY,2020,10,2020/10/09 00:00:00+00
1476209.00009972,564718.000021726,578,578,20201005-2129-01,20,Male,Hispanic,Open,,Handgun,400 FALLING WATERS CT,1476209,564718,35.288942,-80.755384,University City,219,,Drugs,4,3,,2020,10,2020/10/05 00:00:00+00
1437569.99995005,549830.999940142,579,579,20201001-1240-03,24,Male,Other/Unknown,Cleared by Arrest,,Handgun,1100 FERN AV,1437570,549831,35.246099,-80.883898,Metro,6,2020/10/01 00:00:00+00,Argument,2,2,,2020,10,2020/10/01 00:00:00+00
1474791.99998097,564248.999975473,580,580,20200930-1528-00,17,Male,Black,Open,,Handgun,7400 N TRYON ST,1474792,564249,35.287585,-80.760104,University City,331,2024/01/03 00:00:00+00,Other/Unknown,4,3,,2020,09,2020/09/30 00:00:00+00
1472179.99995564,556956.000125811,581,581,20200927-2044-00,17,Male,Hispanic,Cleared by Arrest,,Rifle,6100 N TRYON ST,1472180,556956,35.267422,-80.76842,North Tryon,234,2020/10/15 00:00:00+00,Robbery,4,3,,2020,09,2020/09/27 00:00:00+00
1472968.00002006,547132.000088811,582,582,20200910-0406-02,32,Female,Hispanic,Cleared by Arrest,Intimate Partner,Handgun,3400 DENSON PL,1472968,547132,35.240472,-80.765195,North Tryon,223,2020/09/18 00:00:00+00,Domestic,1,3,,2020,09,2020/09/10 00:00:00+00
1445125.99992989,547563.999880984,583,583,20200906-1630-00,28,Male,Black,Cleared by Arrest,,Firearm,1700 W TRADE ST,1445126,547564,35.240262,-80.858453,Metro,382,2020/09/16 00:00:00+00,Argument,2,4,,2020,09,2020/09/06 00:00:00+00
1451923.00011538,554056.00002031,584,584,20200904-2143-00,19,Male,Hispanic,Cleared by Arrest by Another Agency,,Firearm,2800 L D PARKER DR,1451923,554056,35.258444,-80.836095,Metro,363,2020/09/19 00:00:00+00,Argument,1,3,,2020,09,2020/09/04 00:00:00+00
1472326.99998972,547395.999888897,585,585,20200823-0412-01,62,Female,Asian,Cleared by Arrest,,Knife,3300 TYRONE DR,1472327,547396,35.241165,-80.767358,North Tryon,223,2020/09/18 00:00:00+00,Domestic,1,3,,2020,08,2020/08/23 00:00:00+00
1471759.00014147,583196.000139147,586,586,20200822-1541-00,35,Male,Black,Cleared by Arrest,,Physical,10200 PINTAIL PL,1471759,583196,35.339487,-80.771399,University City,218,2020/08/24 00:00:00+00,Argument,4,1,,2020,08,2020/08/22 00:00:00+00
1474795.99997297,532587.999977395,587,587,20200821-1721-04,20,Male,Black,Cleared by Arrest,,Handgun,5300 FIRELIGHT LN,1474796,532588,35.200605,-80.758211,Independence,16,2020/08/23 00:00:00+00,Drugs,5,4,,2020,08,2020/08/21 00:00:00+00
1433325.99990788,513429.999907643,588,588,20200818-0156-05,37,Male,Black,Cleared by Arrest,,Rifle,7900 NATIONS FORD RD,1433326,513430,35.145876,-80.895782,Steele Creek,53,2020/09/01 00:00:00+00,Argument,3,2,,2020,08,2020/08/18 00:00:00+00
1482774.00009306,544440.999893397,589,589,20200818-0016-01,36,Female,Black,Cleared by Arrest,,Knife,6200 E W T HARRIS BV,1482774,544441,35.233553,-80.732202,Hickory Grove,247,2020/09/08 00:00:00+00,Domestic,5,3,,2020,08,2020/08/18 00:00:00+00
1432918.00006773,537340.999985814,590,590,20200816-2151-04,29,Male,Black,Open,,Firearm,2900 REID AV,1432918,537341,35.211543,-80.898677,Westover,159,,Other/Unknown,3,2,,2020,08,2020/08/16 00:00:00+00
1432918.00006773,537340.999985814,591,591,20200816-2151-04,22,Male,Black,Open,,Firearm,2900 REID AV,1432918,537341,35.211543,-80.898677,Westover,159,,Other/Unknown,3,2,,2020,08,2020/08/16 00:00:00+00
1432918.00006773,537340.999985814,592,592,20200816-2151-04,28,Male,Black,Open,,Firearm,2900 REID AV,1432918,537341,35.211543,-80.898677,Westover,159,,Other/Unknown,3,2,,2020,08,2020/08/16 00:00:00+00
1477293.99989823,523505.00009881,593,593,20200805-1510-02,18,Male,Black,Cleared by Arrest,,Firearm,7200 WALLACE LN,1477294,523505,35.175773,-80.749315,Independence,180,2020/10/16 00:00:00+00,Other/Unknown,5,4,,2020,08,2020/08/05 00:00:00+00
1424332.9998493,514244.999918059,594,594,20200801-1042-04,22,Male,Black,Cleared by Arrest,,Handgun,7700 S TRYON ST,1424333,514245,35.14764,-80.925913,Steele Creek,307,2020/09/22 00:00:00+00,Drugs,3,2,,2020,08,2020/08/01 00:00:00+00
1459548.99995522,568363.999947563,595,595,20200729-1603-03,22,Male,Black,Cleared by Arrest,,Firearm,5200 NEVIN RD,1459549,568364,35.298136,-80.811427,North,150,2020/07/30 00:00:00+00,Robbery,2,3,,2020,07,2020/07/29 00:00:00+00
1416485.00012539,573216.000086054,596,596,20200728-1829-01,22,Male,Black,Cleared by Arrest,,Firearm,3000 WESTWINDS CT,1416485,573216,35.30922,-80.956049,North,376,2020/08/22 00:00:00+00,Domestic,2,1,,2020,07,2020/07/28 00:00:00+00
1478091.99994263,550102.000054315,597,597,20200726-0241-02,23,Male,Black,Cleared by Arrest,Intimate Partner,Knife,6300 MONTEGO DR,1478092,550102,35.24888,-80.748212,North Tryon,249,2020/07/26 00:00:00+00,Domestic,1,3,,2020,07,2020/07/26 00:00:00+00
1456635.99987572,550447.000020474,598,598,20200725-2204-02,63,Female,Black,Open,,Handgun,300 W 28TH ST,1456636,550447,35.248768,-80.820088,Metro,157,,Other/Unknown,1,3,GRAHAM STREET/NORTH TRYON,2020,07,2020/07/25 00:00:00+00
1430528.99992447,542339.000160396,599,599,20200724-2058-01,35,Male,Black,Cleared by Arrest,,Handgun,4000 WILKINSON BV,1430529,542339,35.225148,-80.906995,Freedom,387,2020/07/25 00:00:00+00,Robbery,3,2,FREEDOM DRIVE/WILKINSON,2020,07,2020/07/24 00:00:00+00
1515726.0001338,514289.000158146,600,600,20200723-0734-00,48,Male,White,Cleared by Arrest,,Handgun,6000 MCGREGOR DR,1515726,514289,35.152246,-80.620217,Hickory Grove,454,2020/07/23 00:00:00+00,Argument,0,6,,2020,07,2020/07/23 00:00:00+00
1462481.99999472,569142.000031978,601,601,20200721-1710-00,27,Female,White,Cleared by Arrest,,Firearm,2800 W SUGAR CREEK RD,1462482,569142,35.30042,-80.801646,University City,283,2020/08/04 00:00:00+00,Robbery,2,3,,2020,07,2020/07/21 00:00:00+00
1436996.0001138,538813.999992564,602,602,20200721-1420-07,23,Male,Black,Cleared by Arrest,,Handgun,1700 WEST BV,1436996,538814,35.215803,-80.88512,Westover,326,2020/08/25 00:00:00+00,Argument,3,2,WEST BOULEVARD,2020,07,2020/07/21 00:00:00+00
1477895.00000855,531670.999842897,603,603,20200718-0559-00,25,Male,Black,Open,,Handgun,6200 BALSAM FIR DR,1477895,531671,35.198236,-80.747785,Independence,135,,Other/Unknown,5,4,,2020,07,2020/07/18 00:00:00+00
1426206.00004031,514456.00015223,604,604,20200716-2348-00,23,Male,Black,Open,,Firearm,7500 BRAMBLEWOOD DR,1426206,514456,35.148319,-80.919662,Steele Creek,307,,Other/Unknown,3,2,,2020,07,2020/07/16 00:00:00+00
1435496.00016105,542627.999910474,605,605,20200716-1724-01,14,Male,Black,Cleared by Arrest,,Firearm,2700 ASHLEY RD,1435496,542628,35.226202,-80.890384,Freedom,124,2020/07/16 00:00:00+00,Other/Unknown,3,2,FREEDOM DRIVE/WILKINSON,2020,07,2020/07/16 00:00:00+00
1485325.99991031,569582.000136226,606,606,20200712-1811-02,21,Male,Black,Cleared by Arrest,,Firearm,10000 MARGIE ANN DR,1485326,569582,35.302744,-80.72512,University City,64,2020/07/31 00:00:00+00,Robbery,4,3,,2020,07,2020/07/12 00:00:00+00
1463407.00011322,557954.000098318,607,607,20200712-1504-02,17,Male,Black,Cleared by Arrest,,Handgun,4000 CUSHMAN ST,1463407,557954,35.26973,-80.797868,North Tryon,138,2020/07/16 00:00:00+00,Robbery,1,3,SUGAR CREEK/I-85,2020,07,2020/07/12 00:00:00+00
1481289.0001103,546134.000116304,608,608,20200711-2137-00,52,Male,Black,Cleared by Arrest,,Handgun,5700 E W T HARRIS BV,1481289,546134,35.238133,-80.737273,Hickory Grove,247,2020/07/14 00:00:00+00,Drugs,5,3,,2020,07,2020/07/11 00:00:00+00
1464459.99997573,534143.000148222,609,609,20200709-1556-01,57,Male,Black,Cleared by Arrest,,Handgun,1100 COLISEUM DR,1464460,534143,35.204369,-80.7929,Eastway,2,2020/07/09 00:00:00+00,Argument,1,4,,2020,07,2020/07/09 00:00:00+00
1484436.00004989,533107.99992165,610,610,20200706-1128-01,52,Male,Black,Cleared by Arrest,,Handgun,8800 E W T HARRIS BV,1484436,533108,35.202498,-80.725977,Hickory Grove,58,2020/07/17 00:00:00+00,Drugs,5,4,CENTRAL/ALBEMARLE,2020,07,2020/07/06 00:00:00+00
1446288.99990048,560826.999929726,611,611,20200630-1330-01,14,Male,Black,Cleared by Arrest by Another Agency,,Handgun,3200 BEATTIES FORD RD,1446289,560827,35.276758,-80.855389,Metro,123,2020/07/15 00:00:00+00,Robbery,2,2,,2020,06,2020/06/30 00:00:00+00
1443699.00015922,576609.99985972,612,612,20200629-2341-03,34,Male,Black,Open,,Firearm,9100 TRINITY RD,1443699,576610,35.319983,-80.865059,North,260,,Other/Unknown,2,2,,2020,06,2020/06/29 00:00:00+00
1439854.99997322,547514.999978974,613,613,20200629-1736-06,44,Male,Black,Cleared by Arrest,,Handgun,2700 TUCKASEEGEE RD,1439855,547515,35.239855,-80.8761,Metro,293,2020/07/17 00:00:00+00,Argument,2,2,,2020,06,2020/06/29 00:00:00+00
1469351.00003622,527225.999874651,614,614,20200622-1057-00,21,Female,Black,Cleared by Arrest,Intimate Partner,Handgun,5300 MONTAGUE ST,1469351,527226,35.185608,-80.776115,Providence,390,2020/06/22 00:00:00+00,Domestic,5,4,,2020,06,2020/06/22 00:00:00+00
1446396.00001456,555814.000113234,615,615,20200622-0026-00,31,Male,Black,Open,,Firearm,2100 BEATTIES FORD RD,1446396,555814,35.262992,-80.854716,Metro,374,,Other/Unknown,2,3,BEATTIES FORD/ROZZELLES FERRY,2020,06,2020/06/22 00:00:00+00
1446396.00001456,555814.000113234,616,616,20200622-0026-00,29,Female,Black,Open,,Firearm,2100 BEATTIES FORD RD,1446396,555814,35.262992,-80.854716,Metro,374,,Other/Unknown,2,3,BEATTIES FORD/ROZZELLES FERRY,2020,06,2020/06/22 00:00:00+00
1446396.00001456,555814.000113234,617,617,20200622-0026-00,24,Male,Black,Open,,Firearm,2100 BEATTIES FORD RD,1446396,555814,35.262992,-80.854716,Metro,374,,Other/Unknown,2,3,BEATTIES FORD/ROZZELLES FERRY,2020,06,2020/06/22 00:00:00+00
1446396.00001456,555814.000113234,618,618,20200622-0026-00,39,Male,Black,Open,,Firearm,2100 BEATTIES FORD RD,1446396,555814,35.262992,-80.854716,Metro,374,,Other/Unknown,2,3,BEATTIES FORD/ROZZELLES FERRY,2020,06,2020/06/22 00:00:00+00
1485513.99986239,573166.99985598,619,619,20200621-2252-02,24,Male,Black,Cleared by Arrest by Another Agency,,Firearm,1300 VARSITY LN,1485514,573167,35.312601,-80.724698,University City,219,2021/08/11 00:00:00+00,Argument,4,3,,2020,06,2020/06/21 00:00:00+00
1452480.99998364,552255.000013396,620,620,20200621-1106-01,33,Male,Black,Cleared by Arrest,,Handgun,1100 MONA DR,1452481,552255,35.253525,-80.834114,Metro,363,2020/06/21 00:00:00+00,Argument,1,3,,2020,06,2020/06/21 00:00:00+00
1474541.00015488,534826.000094563,621,621,20200616-2312-00,28,Female,Black,Cleared by Arrest,Intimate Partner,Knife,3500 TAURUS DR,1474541,534826,35.206741,-80.759198,Eastway,164,2020/06/17 00:00:00+00,Domestic,5,4,CENTRAL/ALBEMARLE,2020,06,2020/06/16 00:00:00+00
1472823.99997997,527354.999944732,622,622,20200612-0151-03,27,Male,Black,Open,,Handgun,5800 MONROE RD,1472824,527355,35.186132,-80.7645,Independence,52,,Other/Unknown,5,4,,2020,06,2020/06/12 00:00:00+00
1460443.00013572,532731.000019476,623,623,20200610-2140-05,28,Male,Black,Cleared by Arrest,,Handgun,300 SKYLAND AV,1460443,532731,35.20029,-80.806259,Providence,370,2020/09/02 00:00:00+00,Other/Unknown,1,4,,2020,06,2020/06/10 00:00:00+00
1462076.00015055,537329.000009805,624,624,20200609-0029-02,24,Male,Hispanic,Cleared by Arrest,,Physical,2700 COMMONWEALTH AV,1462076,537329,35.213003,-80.801073,Eastway,2,2020/07/06 00:00:00+00,Drugs,1,4,,2020,06,2020/06/09 00:00:00+00
1462621.00004481,583372.000115231,625,625,20200606-0243-03,21,Male,Black,Open,,Rifle,6700 NEUHOFF LN,1462621,583372,35.339519,-80.802046,North,38,,Other/Unknown,4,1,,2020,06,2020/06/06 00:00:00+00
1460850.99997589,532309.999877229,626,626,20200603-0049-00,31,Male,Black,Cleared by Arrest,,Firearm,3400 OAK ARBOR LN,1460851,532310,35.199153,-80.804868,Providence,370,2020/06/23 00:00:00+00,Domestic,1,4,,2020,06,2020/06/03 00:00:00+00
1466084.00000855,568407.999859557,627,627,20200524-0331-01,44,Male,Black,Open,,Handgun,6600 RUMPLE RD,1466084,568408,35.298582,-80.789532,University City,259,,Other/Unknown,2,3,,2020,05,2020/05/24 00:00:00+00
1433939.99999222,556047.999973312,628,628,20200523-2103-02,29,Male,Black,Cleared by Arrest,,Handgun,4500 HOVIS RD,1433940,556048,35.262988,-80.896452,Freedom,385,2020/05/24 00:00:00+00,Other/Unknown,2,2,,2020,05,2020/05/23 00:00:00+00
1476897.00003606,545470.00013198,629,629,20200518-1707-07,15,Male,White,Cleared by Arrest,,Handgun,4000 BRIARHILL DR,1476897,545470,35.236097,-80.75194,North Tryon,327,2020/05/19 00:00:00+00,Robbery,1,3,,2020,05,2020/05/18 00:00:00+00
1437372.00001797,556403.999917477,630,630,20200515-2045-00,39,Female,Black,Exceptionally Cleared,Intimate Partner,Knife,300 HOSKINS MILL LN,1437372,556404,35.264145,-80.884979,Freedom,385,2020/05/20 00:00:00+00,Domestic,2,2,,2020,05,2020/05/15 00:00:00+00
1467298.99987514,548550.999875471,631,631,20200503-0632-01,41,Male,Black,Cleared by Arrest,,Handgun,1500 E SUGAR CREEK RD,1467299,548551,35.244091,-80.784264,North Tryon,10,2020/05/13 00:00:00+00,Other/Unknown,1,3,,2020,05,2020/05/03 00:00:00+00
1456861.00008188,551470.999940977,632,632,20200424-0103-01,17,Male,Black,Cleared by Arrest,,Handgun,2700 CATALINA AV,1456861,551471,35.251593,-80.819397,Metro,369,2020/04/24 00:00:00+00,Argument,1,3,GRAHAM STREET/NORTH TRYON,2020,04,2020/04/24 00:00:00+00
1481368.9999503,565567.999962151,633,633,20200423-1520-04,23,Male,Asian,Cleared by Arrest,,Handgun,8300 UNIVERSITY RIDGE DR,1481369,565568,35.291527,-80.738145,University City,221,2023/09/26 00:00:00+00,Argument,4,3,,2020,04,2020/04/23 00:00:00+00
1405901.99996597,547579.999848977,634,634,20200408-0725-01,41,Male,White,Cleared by Arrest,,Handgun,9700 WILLILYN LN,1405902,547580,35.238217,-80.989794,Freedom,35,2020/04/14 00:00:00+00,Other/Unknown,0,2,,2020,04,2020/04/08 00:00:00+00
1470194.99998863,559157.999986887,635,635,20200407-2132-00,17,Male,Black,Exceptionally Cleared,,Handgun,6400 HEATHERBROOKE AV,1470195,559158,35.273374,-80.775201,North Tryon,371,2023/08/30 00:00:00+00,Other/Unknown,1,3,,2020,04,2020/04/07 00:00:00+00
1461881.99988239,537027.999955639,636,636,20200402-2124-01,16,Male,Black,Cleared by Arrest,,Handgun,1100 MORNINGSIDE DR,1461882,537028,35.212166,-80.801704,Eastway,315,2020/04/03 00:00:00+00,Drugs,1,4,,2020,04,2020/04/02 00:00:00+00
1459902.99990338,549873.999854147,637,637,20200330-2309-02,20,Female,White,Cleared by Arrest,,Knife,700 ROLLERTON RD,1459903,549874,35.247358,-80.809112,Eastway,22,2020/04/14 00:00:00+00,Argument,1,4,,2020,03,2020/03/30 00:00:00+00
1448441.99985956,556349.000027478,638,638,20200328-2102-03,37,Male,Black,Cleared by Arrest by Another Agency,,Handgun,2200 IRMA ST,1448442,556349,35.264566,-80.847897,Metro,374,2020/04/02 00:00:00+00,Robbery,2,3,,2020,03,2020/03/28 00:00:00+00
1435374.00007696,510584.000022233,639,639,20200328-2022-00,64,Male,Hispanic,Cleared by Arrest,,Knife,8800 MONT CARMEL LN,1435374,510584,35.138165,-80.888751,Steele Creek,79,2020/03/29 00:00:00+00,Domestic,3,2,,2020,03,2020/03/28 00:00:00+00
1475170.99987914,549812.999976143,640,640,20200322-2304-05,20,Male,Black,Open,,Rifle,5500 ILFORD ST,1475171,549813,35.247944,-80.757977,North Tryon,223,,Other/Unknown,1,3,,2020,03,2020/03/22 00:00:00+00
1434429.99999647,509645.999929726,641,641,20200318-2243-00,25,Male,Black,Cleared by Arrest,,Handgun,9000 NATIONS FORD RD,1434430,509646,35.135539,-80.891849,Steele Creek,116,2020/03/24 00:00:00+00,Other/Unknown,3,2,,2020,03,2020/03/18 00:00:00+00
1437232.99996789,525423.999869734,642,642,20200318-0420-01,34,Male,Black,Cleared by Arrest,,Handgun,100 E WOODLAWN RD,1437233,525424,35.179031,-80.883476,Westover,290,2020/03/18 00:00:00+00,Argument,3,2,,2020,03,2020/03/18 00:00:00+00
1461483.00002421,568481.000041649,643,643,20200316-2139-05,24,Male,Black,Cleared by Arrest by Another Agency,,Handgun,2800 HOSTA DR,1461483,568481,35.298554,-80.804954,North,238,2020/03/17 00:00:00+00,Drugs,1,3,,2020,03,2020/03/16 00:00:00+00
1439830.00002322,534021.000064149,644,644,20200314-2335-01,,Male,Black,Cleared by Arrest,,Firearm,3500 GRIFFITH ST,1439830,534021,35.202783,-80.87533,Westover,30,2020/03/16 00:00:00+00,Other/Unknown,3,2,,2020,03,2020/03/14 00:00:00+00
1482429.00012688,566033.000016391,645,645,20200310-2051-01,43,Male,Black,Cleared by Arrest,,Handgun,2100 WIT WY,1482429,566033,35.292855,-80.73462,University City,64,2020/03/13 00:00:00+00,Drugs,4,3,,2020,03,2020/03/10 00:00:00+00
1435263.99996889,550061.000136316,646,646,20200308-1130-00,19,Female,White,Cleared by Arrest,,Handgun,4000 TUCKASEEGEE RD,1435264,550061,35.24661,-80.891635,Metro,6,2020/06/17 00:00:00+00,Other/Unknown,2,2,,2020,03,2020/03/08 00:00:00+00
1433125.99997981,553901.00000222,647,647,20200304-2134-01,22,Male,Black,Open,,Handgun,1200 SARATOGA DR,1433126,553901,35.257047,-80.899041,Freedom,385,,Other/Unknown,2,2,,2020,03,2020/03/04 00:00:00+00
1482720.99987097,512676.00010331,648,648,20200301-1201-00,55,Male,Asian,Cleared by Arrest,,Handgun,8500 KREFELD DR,1482721,512676,35.146284,-80.730525,Independence,272,2020/03/02 00:00:00+00,Domestic,6,4,,2020,03,2020/03/01 00:00:00+00
1438309.00011247,555935.999869227,649,649,20200229-0046-00,25,Male,Black,Cleared by Arrest,,Handgun,100 N CRIGLER ST,1438309,555936,35.262909,-80.881811,Freedom,385,2020/03/02 00:00:00+00,Gang,2,2,,2020,02,2020/02/29 00:00:00+00
1475310.99992722,583906.000031471,650,650,20200228-1553-04,30,Male,Black,Cleared by Arrest,,Handgun,3000 AZALEA HILLS DR,1475311,583906,35.341612,-80.759532,University City,153,2020/02/29 00:00:00+00,Domestic,4,3,,2020,02,2020/02/28 00:00:00+00
1470451.0001328,528615.000049397,651,651,20200222-0203-02,0,Male,Black,Cleared by Arrest,,Physical,5400 MONROE RD,1470451,528615,35.189478,-80.772517,Independence,52,2020/03/20 00:00:00+00,Domestic,5,4,,2020,02,2020/02/22 00:00:00+00
1440616.00009164,553112.999937817,652,652,20200217-2006-02,30,Female,Black,Cleared by Arrest,,Firearm,3200 ROZZELLES FERRY RD,1440616,553113,35.255273,-80.873906,Metro,88,2020/03/05 00:00:00+00,Other/Unknown,2,2,BEATTIES FORD/ROZZELLES FERRY,2020,02,2020/02/17 00:00:00+00
1433767.00001013,511412.000006646,653,653,20200216-0201-01,32,Male,Hispanic,Exceptionally Cleared,,Handgun,500 DEANNA LN,1433767,511412,35.140356,-80.894179,Steele Creek,79,2020/02/17 00:00:00+00,Argument,3,2,,2020,02,2020/02/16 00:00:00+00
1421409.00011988,505839.999995813,654,654,20200205-2110-03,37,Male,Hispanic,Cleared by Arrest,,Handgun,1900 WESTINGHOUSE BV,1421409,505840,35.124393,-80.935145,Steele Creek,285,2020/02/07 00:00:00+00,Robbery,3,6,,2020,02,2020/02/05 00:00:00+00
1483609.00006346,564007.000131398,655,655,20200202-1655-02,19,Male,Black,Cleared by Arrest,,Handgun,8800 OLD CONCORD RD,1483609,564007,35.287346,-80.730548,University City,192,2020/02/05 00:00:00+00,Other/Unknown,4,3,,2020,02,2020/02/02 00:00:00+00
1433678.99985805,510646.999896228,656,656,20200124-2007-04,20,Male,Black,Cleared by Arrest,,Handgun,200 STONE POST RD,1433679,510647,35.138249,-80.894424,Steele Creek,53,2021/03/16 00:00:00+00,Argument,3,2,,2020,01,2020/01/24 00:00:00+00
1454026.99984439,554392.00000447,657,657,20200116-0032-04,19,Male,Black,Cleared by Arrest,,Firearm,800 HOLLAND AV,1454027,554392,35.259474,-80.829069,Metro,363,2020/01/17 00:00:00+00,Other/Unknown,1,3,,2020,01,2020/01/16 00:00:00+00
1471157.00003314,529466.999985814,658,658,20200114-0848-01,0,Male,White,Cleared by Arrest,,Physical,2300 N SHARON AMITY RD,1471157,529467,35.191853,-80.770205,Independence,52,2020/01/28 00:00:00+00,Domestic,5,4,,2020,01,2020/01/14 00:00:00+00
1474195.99986064,600194.999933735,659,659,20200111-0649-03,35,Female,Black,Cleared by Arrest,,Firearm,5400 CAMBRIDGE BAY DR,1474196,600195,35.386306,-80.764242,University City,372,2020/02/12 00:00:00+00,Drugs,4,1,,2020,01,2020/01/11 00:00:00+00
1474195.99986064,600194.999933735,660,660,20200111-0649-03,35,Male,Black,Cleared by Arrest,,Firearm,5400 CAMBRIDGE BAY DR,1474196,600195,35.386306,-80.764242,University City,372,2020/02/12 00:00:00+00,Drugs,4,1,,2020,01,2020/01/11 00:00:00+00
1444907.0000398,576653.000101805,661,661,20200108-0308-00,43,Male,Black,Cleared by Arrest,,Firearm,9100 FELDBANK DR,1444907,576653,35.320163,-80.861012,North,260,2020/02/06 00:00:00+00,Other/Unknown,2,2,,2020,01,2020/01/08 00:00:00+00
1453764.0000423,546340.000032395,662,662,20191224-2054-01,63,Male,Black,Cleared by Arrest,,Handgun,1500 N TRYON ST,1453764,546340,35.23734,-80.829452,Metro,157,2020/01/09 00:00:00+00,Argument,1,3,GRAHAM STREET/NORTH TRYON,2019,12,2019/12/24 00:00:00+00
1437917.99991022,574167.000152558,663,663,20191223-2128-02,40,Male,Black,Cleared by Arrest,,Handgun,6200 ELLIOTT DR,1437918,574167,35.312971,-80.88428,North,49,2020/11/04 00:00:00+00,Drugs,0,2,,2019,12,2019/12/23 00:00:00+00
1451777.0000793,472677.00004898,664,664,20191221-0648-01,43,Male,Black,Cleared by Arrest,,Handgun,15000 CAPRICORN LN,1451777,472677,35.03487,-80.831554,South,151,2019/12/21 00:00:00+00,Domestic,7,6,,2019,12,2019/12/21 00:00:00+00
1422648.99993648,510715.000088304,665,665,20191220-1510-05,56,Male,White,Cleared by Arrest,,Vehicle,2100 AYRSLEY TOWN BV,1422649,510715,35.137852,-80.931316,Steele Creek,92,2019/12/31 00:00:00+00,Other/Unknown,3,2,,2019,12,2019/12/20 00:00:00+00
1459188.00002106,549195.999897808,666,666,20191209-0445-02,61,Male,White,Cleared by Arrest,,Handgun,2700 N BREVARD ST,1459188,549196,35.24546,-80.811465,Eastway,22,2020/03/26 00:00:00+00,Robbery,1,4,,2019,12,2019/12/09 00:00:00+00
1471962.00006355,524974.000113562,667,667,20191205-1825-01,11,Male,Black,Cleared by Arrest,,Vehicle,2000 RAMA RD,1471962,524974,35.179549,-80.767243,Independence,99,2019/12/10 00:00:00+00,Argument,5,4,,2019,12,2019/12/05 00:00:00+00
1477147.99986213,552902.000031725,668,668,20191202-1825-01,49,Male,Black,Open,,Firearm,5700 BARRINGTON DR,1477148,552902,35.256526,-80.751539,North Tryon,17,,Other/Unknown,5,3,,2019,12,2019/12/02 00:00:00+00
1479042.00001113,518282.000046149,669,669,20191129-2157-01,46,Male,Black,Cleared by Arrest,,Handgun,7500 PEBBLESTONE DR,1479042,518282,35.161508,-80.743159,Independence,246,2019/11/30 00:00:00+00,Argument,5,4,,2019,11,2019/11/29 00:00:00+00
1465553.00008631,546241.999900311,670,670,20191128-2137-04,37,Female,Black,Cleared by Arrest,,Handgun,3300 KRUPA CT,1465553,546242,35.237662,-80.789971,Eastway,10,2019/12/11 00:00:00+00,Domestic,1,3,,2019,11,2019/11/28 00:00:00+00
1481735.99987248,545615.999839976,671,671,20191126-0541-00,51,Male,Black,Cleared by Arrest,,Handgun,5800 E W T HARRIS BV,1481736,545616,35.236731,-80.735746,Hickory Grove,247,2019/11/27 00:00:00+00,Argument,5,3,,2019,11,2019/11/26 00:00:00+00
1481121.00011823,567829.000033304,672,672,20191125-2157-03,19,Male,White,Cleared by Arrest,,Handgun,8600 UNIVERSITY CITY BV,1481121,567829,35.297726,-80.739108,University City,64,2021/08/17 00:00:00+00,Drugs,4,3,,2019,11,2019/11/25 00:00:00+00
1461187.99995805,560159.999951392,673,673,20191117-0108-02,27,Female,Black,Cleared by Arrest,,Handgun,5100 REAGAN DR,1461188,560160,35.27568,-80.805435,North Tryon,138,2019/12/10 00:00:00+00,Argument,1,3,SUGAR CREEK/I-85,2019,11,2019/11/17 00:00:00+00
1433839.99986413,536566.999893397,674,674,20191111-0910-00,79,Male,Black,Open,,Knife,1700 SPRING FOREST DR,1433840,536567,35.209465,-80.895541,Westover,120,,Other/Unknown,3,2,,2019,11,2019/11/11 00:00:00+00
1442569.00012264,500492.999863058,675,675,20191109-0516-01,39,Male,Black,Cleared by Arrest,,Handgun,2700 LYTHAM DR,1442569,500493,35.110817,-80.864055,South,129,2019/11/09 00:00:00+00,Argument,6,5,,2019,11,2019/11/09 00:00:00+00
1442569.00012264,500492.999863058,676,676,20191109-0516-01,40,Female,White,Cleared by Arrest,,Handgun,2700 LYTHAM DR,1442569,500493,35.110817,-80.864055,South,129,2019/11/09 00:00:00+00,Argument,6,5,,2019,11,2019/11/09 00:00:00+00
1451289.00007105,544695.000041559,677,677,20191109-0246-02,24,Male,Black,Open,,Handgun,600 N CHURCH ST,1451289,544695,35.232696,-80.837638,Central,476,,Other/Unknown,2,4,,2019,11,2019/11/09 00:00:00+00
1442107.00006239,474246.999861732,678,678,20191107-1551-00,45,Male,Black,Exceptionally Cleared,,Knife,12200 PAPERBARK CR,1442107,474247,35.038689,-80.863952,South,169,2019/11/26 00:00:00+00,Argument,7,6,,2019,11,2019/11/07 00:00:00+00
1440835.99997972,502842.000086308,679,679,20191027-0449-00,20,Female,Hispanic,Exceptionally Cleared,Intimate Partner,Handgun,8200 RIVERBIRCH DR,1440836,502842,35.11718,-80.869997,Steele Creek,142,2019/11/21 00:00:00+00,Domestic,6,5,,2019,10,2019/10/27 00:00:00+00
1420782.00006156,557402.999887973,680,680,20191026-2050-00,58,Male,White,Cleared by Arrest,,Vehicle,1000 LITTLE ROCK RD,1420782,557403,35.266012,-80.940613,Freedom,333,2020/02/19 00:00:00+00,Other/Unknown,3,2,,2019,10,2019/10/26 00:00:00+00
1446888.0000148,556188.000021398,681,681,20191025-1954-06,25,Male,Black,Open,,Handgun,2100 CATHERINE SIMMONS AV,1446888,556188,35.264044,-80.853092,Metro,374,,Other/Unknown,2,3,,2019,10,2019/10/25 00:00:00+00
1449431.99984805,550261.000064388,682,682,20191024-2319-00,29,Male,Black,Cleared by Arrest,,Firearm,1700 RUSH WIND DR,1449432,550261,35.247892,-80.844202,Metro,295,2019/12/11 00:00:00+00,Other/Unknown,1,2,,2019,10,2019/10/24 00:00:00+00
1485400.00009039,563033.000110894,683,683,20191021-0919-00,20,Male,Black,Cleared by Arrest,,Handgun,2200 E W T HARRIS BV,1485400,563033,35.284756,-80.72449,University City,192,2019/10/29 00:00:00+00,Argument,4,3,,2019,10,2019/10/21 00:00:00+00
1443930.0000253,538021.999936149,684,684,20191020-1703-03,33,Male,Black,Cleared by Arrest by Another Agency,,Handgun,300 WEST BV,1443930,538022,35.213987,-80.861858,Central,388,2019/12/12 00:00:00+00,Argument,3,2,,2019,10,2019/10/20 00:00:00+00
1479392.99996531,534984.000106648,685,685,20191019-1840-00,21,Male,Black,Open,,Handgun,1300 KELSTON PL,1479393,534984,35.20741,-80.742966,Hickory Grove,127,,Other/Unknown,5,4,,2019,10,2019/10/19 00:00:00+00
1436964.99984773,547567.999872983,686,686,20191016-1749-03,61,Female,Black,Open,,Cutting Instrument,3100 FREEDOM DR,1436965,547568,35.23985,-80.88578,Metro,6,,Other/Unknown,2,2,,2019,10,2019/10/16 00:00:00+00
1484255.0000838,531042.000116646,687,687,20191012-1952-04,19,Male,Black,Cleared by Arrest,,Firearm,7100 SNOW LN,1484255,531042,35.196814,-80.726462,Independence,58,2019/10/13 00:00:00+00,Argument,5,4,,2019,10,2019/10/12 00:00:00+00
1469099.99988206,562548.000096649,688,688,20191004-0145-00,48,Male,Black,Cleared by Arrest,,Vehicle,6300 N US 29 BY-PASS HY,1469100,562548,35.282633,-80.779073,North Tryon,291,2019/10/29 00:00:00+00,Argument,1,3,,2019,10,2019/10/04 00:00:00+00
1438891.99993072,506872.999898314,689,689,20191003-1641-03,33,Male,Black,Cleared by Arrest,,Firearm,7600 SHARON LAKES RD,1438892,506873,35.128154,-80.876751,Steele Creek,12,2019/10/15 00:00:00+00,Argument,6,5,,2019,10,2019/10/03 00:00:00+00
1449951.00012238,542371.000096396,690,690,20190930-1535-02,74,Male,White,Cleared by Arrest,,Handgun,200 E TRADE ST,1449951,542371,35.226243,-80.841973,Central,476,2019/09/30 00:00:00+00,Argument,1,4,,2019,09,2019/09/30 00:00:00+00
1450153.00004648,545963.000130221,691,691,20190923-1919-03,58,Male,Black,Cleared by Arrest,,Razor,700 N SMITH ST,1450153,545963,35.236121,-80.84152,Central,476,2019/09/23 00:00:00+00,Argument,2,4,,2019,09,2019/09/23 00:00:00+00
1448839.0000498,547481.000046983,692,692,20190922-0236-01,26,Male,Black,Open,,Handgun,1000 HAMILTON ST,1448839,547481,35.240224,-80.846015,Central,182,,Argument,1,2,,2019,09,2019/09/22 00:00:00+00
1442304.99999447,564596.999935642,693,693,20190919-1914-02,51,Female,Black,Cleared by Arrest,,"Blunt Trauma, Firearm",3600 FAGAN WY,1442305,564597,35.286909,-80.868973,North,158,2019/09/29 00:00:00+00,Argument,2,2,,2019,09,2019/09/19 00:00:00+00
1453547.00014822,551921.000025228,694,694,20190916-0041-04,48,Male,Black,Open,,Handgun,2500 RACHEL ST,1453547,551921,35.252662,-80.830524,Metro,363,,Other/Unknown,1,3,,2019,09,2019/09/16 00:00:00+00
1468953.99984597,536768.000147566,695,695,20190904-0847-01,22,Female,Black,Cleared by Arrest,,Firearm,3300 BISCAYNE DR,1468954,536768,35.211802,-80.778015,Eastway,164,2019/10/08 00:00:00+00,Other/Unknown,5,4,,2019,09,2019/09/04 00:00:00+00
1487516.00012347,573173.999841973,696,696,20190831-0052-02,19,Male,Black,Open,,Handgun,1400 REBECCA BAILEY DR,1487516,573174,35.312716,-80.717989,University City,60,,Other/Unknown,4,3,,2019,08,2019/08/31 00:00:00+00
1473302.00000823,571380.000149146,697,697,20190827-0007-00,53,Male,Black,Cleared by Arrest by Another Agency,,Firearm,8300 CLASSIC DR,1473302,571380,35.307102,-80.765521,University City,334,2019/09/11 00:00:00+00,Other/Unknown,4,3,,2019,08,2019/08/27 00:00:00+00
1445294.99991997,546159.00006631,698,698,20190820-1638-02,20,Male,Black,Cleared by Arrest,,Handgun,1400 W TRADE ST,1445295,546159,35.236411,-80.857799,Metro,51,2019/08/24 00:00:00+00,Argument,2,4,,2019,08,2019/08/20 00:00:00+00
1406833.00007246,499666.999874651,699,699,20190812-1622-03,28,Female,Black,Cleared by Arrest,Intimate Partner,Handgun,14200 PERUGIA WY,1406833,499667,35.106645,-80.983471,Steele Creek,82,2019/09/25 00:00:00+00,Domestic,3,2,,2019,08,2019/08/12 00:00:00+00
1481007.00001813,544564.999973476,700,700,20190809-2039-07,19,Male,Hispanic,Cleared by Arrest,,Handgun,3200 AMITY POINTE RD,1481007,544565,35.233809,-80.738125,Hickory Grove,247,2019/08/10 00:00:00+00,Argument,5,3,,2019,08,2019/08/09 00:00:00+00
1467527.00007531,561684.999854147,701,701,20190808-2047-02,23,Male,Black,Cleared by Arrest,,Handgun,1400 VENTURA WAY DR,1467527,561685,35.280184,-80.784291,North Tryon,291,2021/08/17 00:00:00+00,Robbery,1,3,,2019,08,2019/08/08 00:00:00+00
1438068.9999363,525137.000115648,702,702,20190730-1043-01,1,Male,Black,Cleared by Arrest,,Physical,200 E WOODLAWN RD,1438069,525137,35.178286,-80.880661,Westover,290,2019/07/30 00:00:00+00,Domestic,3,2,,2019,07,2019/07/30 00:00:00+00
1479577.99992339,545912.999902144,703,703,20190725-2130-01,17,Male,Black,Cleared by Arrest,,Handgun,7100 BARRINGTON DR,1479578,545913,35.237444,-80.742989,North Tryon,312,2019/08/15 00:00:00+00,Drugs,1,3,,2019,07,2019/07/25 00:00:00+00
1433325.99990788,513429.999907643,704,704,20190724-1732-03,44,Male,Black,Cleared by Arrest,,Handgun,7900 NATIONS FORD RD,1433326,513430,35.145876,-80.895782,Steele Creek,53,2019/08/02 00:00:00+00,Other/Unknown,3,2,,2019,07,2019/07/24 00:00:00+00
1498480.99984697,542847.000128642,705,705,20190719-0912-03,29,Male,Black,Exceptionally Cleared,,Firearm,13900 PINYON PINE LN,1498481,542847,35.229916,-80.679518,Hickory Grove,98,2022/08/23 00:00:00+00,Other/Unknown,5,4,,2019,07,2019/07/19 00:00:00+00
1476577.00001989,525896.99990797,706,706,20190714-0043-02,,Male,Hispanic,Cleared by Arrest,,Handgun,5700 ELECTRA LN,1476577,525897,35.182309,-80.751855,Independence,202,2019/10/03 00:00:00+00,Robbery,5,4,,2019,07,2019/07/14 00:00:00+00
1476577.00001989,525896.99990797,707,707,20190714-0043-02,33,Male,Hispanic,Cleared by Arrest,,Handgun,5700 ELECTRA LN,1476577,525897,35.182309,-80.751855,Independence,202,2019/10/03 00:00:00+00,Robbery,5,4,,2019,07,2019/07/14 00:00:00+00
1437345.00007197,499373.000134557,708,708,20190709-1132-01,48,Male,Black,Cleared by Arrest,,Handgun,9700 SOUTH BV,1437345,499373,35.107469,-80.881449,Steele Creek,116,2019/08/05 00:00:00+00,Robbery,6,5,,2019,07,2019/07/09 00:00:00+00
1456182.00012755,575277.99989906,709,709,20190704-0842-04,23,Female,Black,Cleared by Arrest,Intimate Partner,Firearm,7200 OAKWINDS CT,1456182,575278,35.316961,-80.823136,North,117,2019/08/06 00:00:00+00,Domestic,2,3,,2019,07,2019/07/04 00:00:00+00
1499091.99993731,551460.999960974,710,710,20190702-0155-01,35,Female,Black,Cleared by Arrest,Intimate Partner,Knife,10300 GOLD PAN RD,1499092,551461,35.253609,-80.67796,Hickory Grove,242,2019/07/05 00:00:00+00,Domestic,5,4,,2019,07,2019/07/02 00:00:00+00
1445196.00011797,577325.00007014,711,711,20190701-0936-03,40,Male,Black,Open,,Handgun,5400 EVANSHIRE DR,1445196,577325,35.322024,-80.860086,North,260,,Other/Unknown,2,2,,2019,07,2019/07/01 00:00:00+00
1484584.00008197,519721.000120893,712,712,20190619-1924-05,22,Male,Black,Cleared by Arrest,,Handgun,9200 CLIFTON MEADOW DR,1484584,519721,35.165728,-80.724703,Independence,131,2019/07/04 00:00:00+00,Drugs,5,4,,2019,06,2019/06/19 00:00:00+00
1446259.99995847,555016.000068814,713,713,20190617-1500-02,17,Female,Black,Cleared by Arrest,,Handgun,2000 BEATTIES FORD RD,1446260,555016,35.260792,-80.855122,Metro,85,2019/06/18 00:00:00+00,Robbery,2,2,BEATTIES FORD/ROZZELLES FERRY,2019,06,2019/06/17 00:00:00+00
1449238.99990597,544624.999853477,714,714,20190612-0052-02,24,Male,Black,Cleared by Arrest,,Handgun,300 N GRAHAM ST,1449239,544625,35.232399,-80.844497,Central,476,2019/08/05 00:00:00+00,Argument,2,4,,2019,06,2019/06/12 00:00:00+00
1436176.00011338,577485.000078231,715,715,20190605-0543-00,16,Male,Black,Cleared by Arrest,,Handgun,6200 OHAUS CT,1436176,577485,35.321995,-80.89033,North,211,2019/08/14 00:00:00+00,Other/Unknown,2,2,,2019,06,2019/06/05 00:00:00+00
1438495.00006856,546109.999836221,716,716,20190603-0320-00,50,Male,Black,Cleared by Arrest,,Handgun,2700 FREEDOM DR,1438495,546110,35.235925,-80.880565,Metro,6,2019/09/23 00:00:00+00,Robbery,2,2,,2019,06,2019/06/03 00:00:00+00
1434027.0001463,510200.000134066,717,717,20190527-2134-04,43,Male,Hispanic,Cleared by Arrest,,Physical,8800 ORREN CT,1434027,510200,35.13704,-80.893232,Steele Creek,53,2019/05/29 00:00:00+00,Argument,3,2,,2019,05,2019/05/27 00:00:00+00
1449365.99998005,555710.999991149,718,718,20190525-1927-01,26,Female,Black,Cleared by Arrest,,Handgun,1500 CATHERINE SIMMONS AV,1449366,555711,35.262861,-80.844762,Metro,374,2019/06/17 00:00:00+00,Drugs,2,3,,2019,05,2019/05/25 00:00:00+00
1445153.99987389,537184.999969721,719,719,20190518-0142-00,32,Male,Black,Cleared by Arrest,,Knife,200 EAST BV,1445154,537185,35.211751,-80.857709,Central,3,2019/05/18 00:00:00+00,Argument,1,4,,2019,05,2019/05/18 00:00:00+00
1452445.00005564,544471.000161484,720,720,20190509-0746-00,62,Female,Black,Cleared by Arrest,,Knife,800 N COLLEGE ST,1452445,544471,35.232139,-80.833753,Central,476,2019/05/09 00:00:00+00,Other/Unknown,1,4,,2019,05,2019/05/09 00:00:00+00
1460847.99998188,533830.000118062,721,721,20190505-2317-02,59,Male,Black,Cleared by Arrest,,Rifle,3100 WASHBURN AV,1460848,533830,35.203329,-80.80497,Providence,366,2021/05/18 00:00:00+00,Other/Unknown,1,4,,2019,05,2019/05/05 00:00:00+00
1504697.99988014,539252.000100806,722,722,20190504-2132-01,19,Female,Black,Cleared by Arrest,Intimate Partner,Knife,11600 BENDING BRANCH RD,1504698,539252,35.220326,-80.658501,Hickory Grove,229,2019/05/05 00:00:00+00,Domestic,5,4,,2019,05,2019/05/04 00:00:00+00
1486580.00002697,573685.000132307,723,723,20190501-1949-04,22,Male,Black,Cleared by Arrest,,Handgun,9900 UNIVERSITY VILLAGE BV,1486580,573685,35.314075,-80.721156,University City,60,2019/05/10 00:00:00+00,Argument,4,3,,2019,05,2019/05/01 00:00:00+00
1484776.00002605,570034.999886394,724,724,20190430-1742-02,19,Male,White,Cleared by Arrest,,Handgun,9200 UNIVERSITY CITY BV,1484776,570035,35.303962,-80.726989,University City,62,2019/04/30 00:00:00+00,Other/Unknown,4,3,,2019,04,2019/04/30 00:00:00+00
1484776.00002605,570034.999886394,725,725,20190430-1742-02,21,Male,White,Cleared by Arrest,,Handgun,9200 UNIVERSITY CITY BV,1484776,570035,35.303962,-80.726989,University City,62,2019/04/30 00:00:00+00,Other/Unknown,4,3,,2019,04,2019/04/30 00:00:00+00
1439238.99989289,517285.000071645,726,726,20190429-2254-01,41,Male,Hispanic,Cleared by Arrest,,Handgun,5900 SOUTH BV,1439239,517285,35.156776,-80.876249,Westover,106,2019/05/02 00:00:00+00,Argument,3,2,,2019,04,2019/04/29 00:00:00+00
1434995.99984872,525439.999837726,727,727,20190428-2025-01,30,Female,Black,Cleared by Arrest,,Handgun,700 YORKMONT RD,1434996,525440,35.178958,-80.890962,Westover,178,2019/05/15 00:00:00+00,Other/Unknown,3,2,,2019,04,2019/04/28 00:00:00+00
1484255.0000838,531042.000116646,728,728,20190428-1410-01,21,Female,Black,Cleared by Arrest,,Handgun,7100 SNOW LN,1484255,531042,35.196814,-80.726462,Independence,58,2019/04/29 00:00:00+00,Argument,5,4,,2019,04,2019/04/28 00:00:00+00
1449365.99998005,555710.999991149,729,729,20190428-1257-04,40,Male,Black,Cleared by Arrest,,Handgun,1500 CATHERINE SIMMONS AV,1449366,555711,35.262861,-80.844762,Metro,374,2019/04/29 00:00:00+00,Argument,2,3,,2019,04,2019/04/28 00:00:00+00
1476849.00013205,548511.999953479,730,730,20190426-0329-01,43,Male,Hispanic,Cleared by Arrest,,Knife,4500 PERTH CT,1476849,548512,35.244452,-80.752281,North Tryon,249,2019/05/07 00:00:00+00,Argument,1,3,,2019,04,2019/04/26 00:00:00+00
1478376.0000308,550967.999962732,731,731,20190415-0820-03,22,Male,Black,Cleared by Arrest,,Handgun,6500 THE PLAZA,1478376,550968,35.251273,-80.747312,North Tryon,249,2019/10/24 00:00:00+00,Drugs,5,3,,2019,04,2019/04/15 00:00:00+00
1464544.00013581,558388.999884471,732,732,20190415-0103-00,20,Male,Black,Open,,Firearm,4300 HIDDEN VALLEY RD,1464544,558389,35.270982,-80.794085,North Tryon,371,,Drugs,1,3,SUGAR CREEK/I-85,2019,04,2019/04/15 00:00:00+00
1484207.99984972,536605.00014548,733,733,20190407-0146-01,29,Male,Black,Open,,Handgun,6000 DELTA CROSSING LN,1484208,536605,35.212094,-80.726943,Hickory Grove,183,,Argument,5,4,,2019,04,2019/04/07 00:00:00+00
1479577.99992339,545912.999902144,734,734,20190406-2139-02,31,Male,Black,Cleared by Arrest,,Firearm,7200 BARRINGTON DR,1479578,545913,35.237444,-80.742989,North Tryon,327,2019/05/10 00:00:00+00,Drugs,1,3,,2019,04,2019/04/06 00:00:00+00
1448800.00012781,556370.999983475,735,735,20190403-1915-00,71,Female,Black,Cleared by Arrest,,Handgun,1900 NEWLAND RD,1448800,556371,35.264645,-80.846699,Metro,374,2019/12/11 00:00:00+00,Other/Unknown,2,3,,2019,04,2019/04/03 00:00:00+00
1462134.00003456,497241.000133485,736,736,20190331-0338-00,24,Male,White,Cleared by Arrest,,Knife,3900 BON-REA DR,1462134,497241,35.102874,-80.798447,South,263,2019/03/31 00:00:00+00,Other/Unknown,7,5,,2019,03,2019/03/31 00:00:00+00
1457275.99990806,549841.999918148,737,737,20190328-1717-01,27,Female,Black,Cleared by Arrest,,Firearm,100 E 28TH ST,1457276,549842,35.247138,-80.817907,Metro,157,2019/03/29 00:00:00+00,Drugs,1,3,,2019,03,2019/03/28 00:00:00+00
1499014.00009331,553135.999891818,738,738,20190325-0829-05,27,Male,Black,Cleared by Arrest,Intimate Partner,Knife,9000 FAIRES RD,1499014,553136,35.258207,-80.678316,University City,324,2019/04/02 00:00:00+00,Domestic,0,3,,2019,03,2019/03/25 00:00:00+00
1433986.99989823,524269.999881148,739,739,20190323-1347-01,31,Male,Black,Cleared by Arrest,,Handgun,600 PARKAIRE LN,1433987,524270,35.175691,-80.894263,Westover,178,2019/05/15 00:00:00+00,Drugs,3,2,,2019,03,2019/03/23 00:00:00+00
1489810.00012864,577708.999958307,740,740,20190318-2010-01,22,Male,Black,Cleared by Arrest,,"Handgun, Rifle",800 FORTY NINER AV,1489810,577709,35.325283,-80.710562,University City,61,2019/03/23 00:00:00+00,Drugs,4,3,,2019,03,2019/03/18 00:00:00+00
1449024.00000788,543380.000046894,741,741,20190316-0215-03,20,Male,Black,Cleared by Arrest,,Handgun,300 W TRADE ST,1449024,543380,35.228968,-80.84514,Central,476,2019/03/19 00:00:00+00,Other/Unknown,2,4,,2019,03,2019/03/16 00:00:00+00
1467527.00007531,561684.999854147,742,742,20190310-0636-03,28,Male,Hispanic,Cleared by Arrest,Intimate Partner,Handgun,1000 TARA LN,1467527,561685,35.280184,-80.784291,North Tryon,291,2019/03/26 00:00:00+00,Domestic,1,3,,2019,03,2019/03/10 00:00:00+00
1439854.99997322,547514.999978974,743,743,20190308-2307-00,48,Male,Black,Open,,Handgun,2700 TUCKASEEGEE RD,1439855,547515,35.239855,-80.8761,Metro,293,,Other/Unknown,2,2,,2019,03,2019/03/08 00:00:00+00
1443859.99983722,544952.999853641,744,744,20190227-2110-01,18,Male,Black,Cleared by Arrest,,Handgun,600 GRANDIN RD,1443860,544953,35.233024,-80.862528,Metro,51,2019/03/01 00:00:00+00,Drugs,2,4,,2019,02,2019/02/27 00:00:00+00
1443859.99983722,544952.999853641,745,745,20190227-2110-01,17,Male,Black,Cleared by Arrest,,Handgun,600 GRANDIN RD,1443860,544953,35.233024,-80.862528,Metro,51,2019/03/01 00:00:00+00,Drugs,2,4,,2019,02,2019/02/27 00:00:00+00
1465926.99999447,560906.000099808,746,746,20190226-0135-00,31,Female,Black,Cleared by Arrest,,Handgun,1400 TOM HUNTER RD,1465927,560906,35.277965,-80.789604,North Tryon,371,2019/03/01 00:00:00+00,Other/Unknown,1,3,,2019,02,2019/02/26 00:00:00+00
1469203.00000414,477181.999897227,747,747,20190224-0353-00,51,Male,White,Exceptionally Cleared,,Handgun,11400 GLENN ABBEY WY,1469203,477182,35.048116,-80.773617,South,379,2019/02/25 00:00:00+00,Domestic,7,6,,2019,02,2019/02/24 00:00:00+00
1469203.00000414,477181.999897227,748,748,20190224-0353-00,15,Female,White,Exceptionally Cleared,,Handgun,11400 GLENN ABBEY WY,1469203,477182,35.048116,-80.773617,South,379,2019/02/25 00:00:00+00,Domestic,7,6,,2019,02,2019/02/24 00:00:00+00
1464762.00002788,561277.000013977,749,749,20190223-1552-01,21,Male,Black,Cleared by Arrest,,Firearm,1200 W SUGAR CREEK RD,1464762,561277,35.278927,-80.79353,North Tryon,371,2021/02/09 00:00:00+00,Argument,1,3,,2019,02,2019/02/23 00:00:00+00
1458208.00001255,550139.999978304,750,750,20190223-0015-00,42,Male,Black,Cleared by Arrest,,Handgun,200 MATHESON AV,1458208,550140,35.248004,-80.814805,Metro,157,2019/02/23 00:00:00+00,Argument,1,3,,2019,02,2019/02/23 00:00:00+00
1434723.00006664,551214.000126898,751,751,20190220-0338-01,52,Male,Black,Cleared by Arrest,,Handgun,4100 TRESEVANT AV,1434723,551214,35.249749,-80.893521,Metro,6,2019/02/20 00:00:00+00,Argument,2,2,,2019,02,2019/02/20 00:00:00+00
1420258.0001253,546889.999916643,752,752,20190218-0344-00,35,Male,Black,Open,,"Handgun, Rifle",3000 LITTLE ROCK RD,1420258,546890,35.237103,-80.941679,Freedom,387,,Argument,3,2,,2019,02,2019/02/18 00:00:00+00
1437742.99993214,521414.000015721,753,753,20190217-0139-01,28,Male,Black,Cleared by Arrest,,Handgun,500 MINUET LN,1437743,521414,35.168041,-80.881515,Westover,290,2019/04/10 00:00:00+00,Other/Unknown,3,2,,2019,02,2019/02/17 00:00:00+00
1464484.99992572,529589.000069901,754,754,20190209-0026-01,23,Male,Black,Exceptionally Cleared,,Firearm,1000 MCALWAY RD,1464485,529589,35.191859,-80.792541,Providence,370,2019/11/14 00:00:00+00,Drugs,1,4,,2019,02,2019/02/09 00:00:00+00
1464313.99993964,590087.000136644,755,755,20190128-0422-01,0,Female,Black,Cleared by Arrest,,Physical,8400 GALENA VIEW DR,1464314,590087,35.358051,-80.796778,North,251,2019/01/28 00:00:00+00,Domestic,4,3,,2019,01,2019/01/28 00:00:00+00
1485038.00015822,533318.000157803,756,756,20190125-2051-00,22,Male,Black,Open,,Handgun,7000 LAWYERS RD,1485038,533318,35.203104,-80.723974,Hickory Grove,58,,Other/Unknown,5,4,CENTRAL/ALBEMARLE,2019,01,2019/01/25 00:00:00+00
1457464.99985814,562037.000134394,757,757,20190125-1958-01,63,Female,Black,Cleared by Arrest,,Rifle,4500 WYNBROOK WY,1457465,562037,35.28065,-80.818023,North,160,2019/02/06 00:00:00+00,Argument,1,3,,2019,01,2019/01/25 00:00:00+00
1474094.00006464,533007.00012365,758,758,20190114-1058-01,29,Male,White,Cleared by Arrest,,Handgun,3100 N SHARON AMITY RD,1474094,533007,35.201722,-80.760586,Eastway,365,2019/03/04 00:00:00+00,Robbery,5,4,,2019,01,2019/01/14 00:00:00+00
1427491.00009497,549246.0001259,759,759,20190112-0540-00,38,Male,Black,Cleared by Arrest,,Handgun,3000 FORESTBROOK DR,1427491,549246,35.243961,-80.917613,Freedom,199,2019/01/19 00:00:00+00,Robbery,3,2,,2019,01,2019/01/12 00:00:00+00
1492153.00003581,571291.999997064,760,760,20190106-2102-01,22,Male,White,Cleared by Arrest,,Handgun,2000 PIMPERNEL RD,1492153,571292,35.307765,-80.702339,University City,377,2019/01/10 00:00:00+00,Other/Unknown,4,3,,2019,01,2019/01/06 00:00:00+00
1484632.99998397,530115.000002146,761,761,20190104-0734-01,21,Male,Black,Cleared by Arrest,,Handgun,5000 IDLEWILD RD N,1484633,530115,35.194285,-80.725143,Independence,58,2019/01/11 00:00:00+00,Argument,5,4,,2019,01,2019/01/04 00:00:00+00
1439452.00012305,548766.000101641,762,762,20190101-0429-01,37,Male,Black,Cleared by Arrest,,Rifle,3000 PARKWAY AV,1439452,548766,35.243271,-80.877529,Metro,5,2019/01/03 00:00:00+00,Drugs,2,2,,2019,01,2019/01/01 00:00:00+00
1456975.99985188,574750.999968812,763,763,20190101-0258-00,53,Male,Black,Cleared by Arrest,,Rifle,8300 HIGHLANDER CT,1456976,574751,35.315553,-80.820442,North,117,2019/04/02 00:00:00+00,Other/Unknown,2,3,,2019,01,2019/01/01 00:00:00+00
1497505.00015855,538653.999984473,764,764,20181230-2218-02,24,Male,Black,Open,,Handgun,7600 GWYNNE HILL RD,1497505,538654,35.218351,-80.682548,Hickory Grove,229,,Drugs,5,4,,2018,12,2018/12/30 00:00:00+00
1461833.99997839,534029.000048146,765,765,20181229-2344-02,47,Male,White,Cleared by Arrest,,Handgun,500 BRIAR CREEK RD,1461834,534029,35.203925,-80.801682,Providence,366,2021/01/02 00:00:00+00,Other/Unknown,1,4,,2018,12,2018/12/29 00:00:00+00
1452931.00006789,552749.000009641,766,766,20181220-0404-02,29,Male,Black,Open,,Handgun,1000 DRUID CR,1452931,552749,35.254905,-80.832638,Metro,363,,Drugs,1,3,,2018,12,2018/12/20 00:00:00+00
1451581.00014322,489237.000065401,767,767,20181217-1126-01,22,Male,Black,Cleared by Arrest,,Handgun,9100 FISHER'S POND DR,1451581,489237,35.080355,-80.833231,South,224,2021/08/17 00:00:00+00,Other/Unknown,7,5,,2018,12,2018/12/17 00:00:00+00
1483104.00008921,563523.000115141,768,768,20181201-1920-02,,Male,Black,Cleared by Arrest,,Firearm,8700 AUTUMN LAKE CT,1483104,563523,35.285992,-80.732212,University City,221,2018/12/07 00:00:00+00,Drugs,4,3,,2018,12,2018/12/01 00:00:00+00
1472179.99995564,556956.000125811,769,769,20181125-0233-01,25,Male,Black,Cleared by Arrest,,Handgun,6000 N TRYON ST,1472180,556956,35.267422,-80.76842,North Tryon,101,2018/11/26 00:00:00+00,Other/Unknown,1,3,,2018,11,2018/11/25 00:00:00+00
1485253.0000563,564462.99987556,770,770,20181120-2037-02,22,Male,Black,Cleared by Arrest,,Firearm,8900 AVEBURY DR,1485253,564463,35.288677,-80.725066,University City,192,2018/11/26 00:00:00+00,Drugs,4,3,,2018,11,2018/11/20 00:00:00+00
1449551.99993613,550495.999922484,771,771,20181118-0108-00,56,Male,White,Cleared by Arrest,,Physical,1300 TINNIN AV,1449552,550496,35.248544,-80.843815,Metro,295,2018/11/19 00:00:00+00,Other/Unknown,1,2,,2018,11,2018/11/18 00:00:00+00
1468365.00003973,541066.000081733,772,772,20181114-2255-01,30,Male,Hispanic,Open,,Handgun,2500 ROSEVIEW LN,1468365,541066,35.223581,-80.780245,Eastway,314,,Other/Unknown,1,4,,2018,11,2018/11/14 00:00:00+00
1429026.99997573,551162.999900818,773,773,20181108-1428-02,39,Male,Black,Cleared by Arrest,,Physical,2400 MULBERRY POND DR,1429027,551163,35.249309,-80.912593,Freedom,258,2019/02/25 00:00:00+00,Other/Unknown,2,2,,2018,11,2018/11/08 00:00:00+00
1406825.00008847,504303.000117064,774,774,20181104-1525-01,35,Female,White,Cleared by Arrest,Intimate Partner,Physical,13100 BLACK CHESTNUT PL,1406825,504303,35.11938,-80.983807,Steele Creek,267,2018/11/06 00:00:00+00,Domestic,3,2,,2018,11,2018/11/04 00:00:00+00
1437178.00007789,532455.999913305,775,775,20181019-2344-02,22,Male,Black,Cleared by Arrest,,Firearm,800 CLANTON RD,1437178,532456,35.198346,-80.884107,Westover,290,2018/10/30 00:00:00+00,Argument,3,2,,2018,10,2018/10/19 00:00:00+00
1484255.0000838,531042.000116646,776,776,20181019-2054-01,57,Male,Black,Cleared by Arrest by Another Agency,,Handgun,7100 SNOW LN,1484255,531042,35.196814,-80.726462,Independence,58,2018/11/21 00:00:00+00,Argument,5,4,,2018,10,2018/10/19 00:00:00+00
1465030.00014806,538733.000154555,777,777,20181017-2322-00,29,Female,White,Cleared by Arrest,,Handgun,3100 CENTRAL AV,1465030,538733,35.217007,-80.791269,Eastway,86,2018/12/12 00:00:00+00,Other/Unknown,1,4,,2018,10,2018/10/17 00:00:00+00
1472932.00009206,560885.000141814,778,778,20181009-2102-01,27,Male,Black,Open,,Firearm,6700 N TRYON ST,1472932,560885,35.278252,-80.766135,North Tryon,103,,Other/Unknown,1,3,,2018,10,2018/10/09 00:00:00+00
1433125.99997981,553901.00000222,779,779,20180923-1902-00,19,Male,Black,Cleared by Arrest,,Handgun,1200 SARATOGA DR,1433126,553901,35.257047,-80.899041,Freedom,385,2018/09/26 00:00:00+00,Argument,2,2,,2018,09,2018/09/23 00:00:00+00
1440357.99995147,555991.000087306,780,780,20180922-0236-01,48,Female,Black,Cleared by Arrest,,Knife,400 HONEYWOOD AV,1440358,555991,35.263166,-80.874952,Metro,292,2018/09/22 00:00:00+00,Argument,2,2,BEATTIES FORD/ROZZELLES FERRY,2018,09,2018/09/22 00:00:00+00
1445637.99989013,480528.00009498,781,781,20180922-0210-00,44,Male,Black,Cleared by Arrest,,Handgun,14000 CONLAN CR,1445638,480528,35.056126,-80.852549,South,355,2019/01/04 00:00:00+00,Argument,7,6,,2018,09,2018/09/22 00:00:00+00
1439494.00003906,518102.000078067,782,782,20180917-2010-00,23,Male,Hispanic,Cleared by Arrest,Intimate Partner,Firearm,1400 BEACON RIDGE RD,1439494,518102,35.159033,-80.875448,Westover,106,2018/10/18 00:00:00+00,Domestic,6,5,,2018,09,2018/09/17 00:00:00+00
1448366.00001155,554112.999906316,783,783,20180905-0648-01,34,Female,Black,Cleared by Arrest,Intimate Partner,Handgun,1500 NEWCASTLE ST,1448366,554113,35.25842,-80.848012,Metro,374,2018/09/25 00:00:00+00,Domestic,2,3,,2018,09,2018/09/05 00:00:00+00
1433128.9999738,543592.999948978,784,784,20180903-2013-03,20,Male,Black,Open,,Firearm,2400 PRUITT ST,1433129,543593,35.228729,-80.898371,Freedom,387,,Other/Unknown,3,2,FREEDOM DRIVE/WILKINSON,2018,09,2018/09/03 00:00:00+00
1437366.00002997,559593.000101149,785,785,20180901-0209-00,44,Male,Black,Cleared by Arrest,,Handgun,4800 BROOKSHIRE BV,1437366,559593,35.272906,-80.885202,Freedom,158,2021/05/06 00:00:00+00,Other/Unknown,2,2,,2018,09,2018/09/01 00:00:00+00
1441167.99997188,534305.000152305,786,786,20180831-1610-03,24,Male,Black,Cleared by Arrest,,Handgun,300 BENJAMIN ST,1441168,534305,35.203633,-80.870869,Westover,30,2018/09/12 00:00:00+00,Other/Unknown,3,2,,2018,08,2018/08/31 00:00:00+00
1432823.99992764,561027.999855816,787,787,20180826-0131-00,21,Male,Black,Open,,Handgun,4600 PALM BREEZE LN,1432824,561028,35.27661,-80.90051,Freedom,190,,Argument,2,2,,2018,08,2018/08/26 00:00:00+00
1440236.99986538,534472.000146389,788,788,20180826-0011-02,20,Female,Black,Cleared by Arrest,,Handgun,500 FAIRWOOD AV,1440237,534472,35.204043,-80.873996,Westover,30,2018/08/27 00:00:00+00,Other/Unknown,3,2,,2018,08,2018/08/26 00:00:00+00
1464382.00013173,576479.000121728,789,789,20180812-0937-00,23,Male,Black,Cleared by Arrest,Intimate Partner,Knife,3900 FARLOW RD,1464382,576479,35.320671,-80.795724,University City,14,2018/08/18 00:00:00+00,Domestic,2,3,,2018,08,2018/08/12 00:00:00+00
1471591.00014938,531521.000142887,790,790,20180806-0433-00,20,Male,Black,Cleared by Arrest,,Handgun,4400 E INDEPENDENCE BV,1471591,531521,35.197517,-80.768875,Providence,240,2018/08/09 00:00:00+00,Other/Unknown,5,4,,2018,08,2018/08/06 00:00:00+00
1443162.99991889,550916.000066727,791,791,20180725-1001-03,28,Male,Black,Cleared by Arrest,,Shotgun,100 S SMALLWOOD PL,1443163,550916,35.24937,-80.865237,Metro,382,2018/08/22 00:00:00+00,Argument,2,2,BEATTIES FORD/ROZZELLES FERRY,2018,07,2018/07/25 00:00:00+00
1455362.00012714,544693.000045568,792,792,20180716-1055-04,19,Male,Black,Cleared by Arrest,,Handgun,600 E 16TH ST,1455362,544693,35.232897,-80.824,Eastway,22,2018/09/25 00:00:00+00,Other/Unknown,1,3,,2018,07,2018/07/16 00:00:00+00
1434397.00006247,535777.000161067,793,793,20180715-0106-03,18,Male,Black,Cleared by Arrest,,Firearm,1500 CLANTON RD,1434397,535777,35.207324,-80.893626,Westover,120,2018/07/26 00:00:00+00,Other/Unknown,3,2,,2018,07,2018/07/15 00:00:00+00
1469199.00001214,550804.999960646,794,794,20180710-1319-03,29,Male,Black,Cleared by Arrest,,Firearm,500 CAMROSE DR,1469199,550805,35.250377,-80.778037,North Tryon,40,2018/09/25 00:00:00+00,Other/Unknown,1,3,,2018,07,2018/07/10 00:00:00+00
1476909.00001206,568895.999867812,795,795,20180630-1802-06,32,Male,Black,Cleared by Arrest,,Handgun,100 E MCCULLOUGH DR,1476909,568896,35.300454,-80.753286,University City,219,2018/08/22 00:00:00+00,Robbery,4,3,,2018,06,2018/06/30 00:00:00+00
1476794.99991196,549331.999953896,796,796,20180621-0648-01,51,Male,Hispanic,Cleared by Arrest,,Knife,1900 MILTON RD,1476795,549332,35.246702,-80.75251,North Tryon,249,2018/06/28 00:00:00+00,Other/Unknown,1,3,,2018,06,2018/06/21 00:00:00+00
1448172.00007147,553909.999984235,797,797,20180610-2224-01,54,Male,Black,Open,,Firearm,1700 JENNINGS ST,1448172,553910,35.257852,-80.848649,Metro,374,,Other/Unknown,2,3,,2018,06,2018/06/10 00:00:00+00
1473848.99989846,573848.000134394,798,798,20180604-1120-02,25,Male,Black,Cleared by Arrest,,Handgun,1000 W W T HARRIS BV,1473849,573848,35.313909,-80.763835,University City,254,2018/06/07 00:00:00+00,Other/Unknown,2,3,,2018,06,2018/06/04 00:00:00+00
1407525.99999881,504092.999880895,799,799,20180604-0909-04,18,Male,Black,Cleared by Arrest,,Firearm,14200 CAROLINA FOREST CT,1407526,504093,35.118842,-80.981449,Steele Creek,68,2018/06/04 00:00:00+00,Argument,3,6,,2018,06,2018/06/04 00:00:00+00
1433587.00004205,514159.000090063,800,800,20180602-1510-03,40,Female,Black,Cleared by Arrest,Intimate Partner,Physical,300 ARCHDALE DR,1433587,514159,35.147893,-80.894956,Steele Creek,212,2018/06/03 00:00:00+00,Domestic,3,2,,2018,06,2018/06/02 00:00:00+00
1452217.99985348,544879.999999642,801,801,20180521-0359-00,39,Female,Black,Cleared by Arrest,,Handgun,900 N TRYON ST,1452218,544880,35.233251,-80.834539,Central,476,2018/06/29 00:00:00+00,Drugs,2,4,,2018,05,2018/05/21 00:00:00+00
1477873.00005256,527447.000088811,802,802,20180512-2221-03,36,Male,Black,Cleared by Arrest,,Handgun,6800 ELM FOREST DR,1477873,527447,35.18663,-80.74761,Independence,16,2018/05/17 00:00:00+00,Other/Unknown,5,4,,2018,05,2018/05/12 00:00:00+00
1476849.00013205,548511.999953479,803,803,20180512-1234-02,19,Male,Hispanic,Cleared by Arrest,,Firearm,4600 PERTH CT,1476849,548512,35.244452,-80.752281,North Tryon,249,2018/05/13 00:00:00+00,Robbery,1,3,,2018,05,2018/05/12 00:00:00+00
1413735.00004797,504069.999926895,804,804,20180510-0150-00,27,Female,White,Cleared by Arrest,Intimate Partner,Handgun,10700 POINT SOUTH DR,1413735,504070,35.119117,-80.960688,Steele Creek,68,2018/05/10 00:00:00+00,Domestic,3,6,,2018,05,2018/05/10 00:00:00+00
1444907.0000398,576653.000101805,805,805,20180507-1441-00,25,Male,Black,Cleared by Arrest,,Rifle,9300 FELDBANK DR,1444907,576653,35.320163,-80.861012,North,260,2018/05/07 00:00:00+00,Argument,2,2,,2018,05,2018/05/07 00:00:00+00
1464587.0000498,537207.999923721,806,806,20180420-1648-00,26,Male,Other/Unknown,Cleared by Arrest,,Handgun,1500 WEMBLEY DR,1464587,537208,35.212795,-80.79266,Eastway,86,2018/04/23 00:00:00+00,Drugs,1,4,,2018,04,2018/04/20 00:00:00+00
1430095.0001363,550611.000020564,807,807,20180415-2202-01,44,Male,White,Cleared by Arrest,,Handgun,3000 TIMBERBROOK DR,1430095,550611,35.247849,-80.908981,Freedom,199,2018/05/08 00:00:00+00,Robbery,3,2,,2018,04,2018/04/15 00:00:00+00
1482800.00004105,523209.000034645,808,808,20180414-1436-00,21,Female,Black,Cleared by Arrest,,Unknown,8800 EAGLEWIND DR,1482800,523209,35.175225,-80.730875,Independence,186,2018/04/27 00:00:00+00,Drugs,5,4,,2018,04,2018/04/14 00:00:00+00
1439646.00006314,528941.000053555,809,809,20180405-1603-02,20,Male,Hispanic,Cleared by Arrest,,Handgun,4200 SOUTH BV,1439646,528941,35.188818,-80.875624,Westover,13,2018/05/10 00:00:00+00,Other/Unknown,3,2,,2018,04,2018/04/05 00:00:00+00
1478701.00003697,550418.000078484,810,810,20180403-0615-01,36,Female,Hispanic,Cleared by Arrest,,Handgun,6200 BARRINGTON DR,1478701,550418,35.249777,-80.746191,North Tryon,249,2018/05/08 00:00:00+00,Robbery,5,3,,2018,04,2018/04/03 00:00:00+00
1423313.9999188,512773.999907315,811,811,20180329-1149-01,20,Male,Black,Cleared by Arrest,,Handgun,8100 S TRYON ST,1423314,512774,35.143544,-80.929226,Steele Creek,96,2018/03/30 00:00:00+00,Drugs,3,2,,2018,03,2018/03/29 00:00:00+00
1439532.99996105,552850.000135735,812,812,20180321-2352-02,30,Male,Black,Open,,Rifle,300 JONES ST,1439533,552850,35.254495,-80.877516,Metro,88,,Other/Unknown,2,2,,2018,03,2018/03/21 00:00:00+00
1466301.99990064,550113.000032306,813,813,20180307-0621-02,37,Male,Black,Cleared by Arrest,,Firearm,4100 ATMORE ST,1466302,550113,35.248333,-80.787697,North Tryon,344,2018/11/07 00:00:00+00,Other/Unknown,1,3,,2018,03,2018/03/07 00:00:00+00
1483010.99994713,562900.000048816,814,814,20180202-0949-02,19,Male,Black,Cleared by Arrest,,Firearm,8600 OLD CONCORD RD,1483011,562900,35.284276,-80.732487,University City,221,2018/03/22 00:00:00+00,Other/Unknown,4,3,,2018,02,2018/02/02 00:00:00+00
1413583.00002389,562374.000116557,815,815,20180201-2029-00,25,Male,Black,Cleared by Arrest,,Handgun,300 RHYNE STATION RD,1413583,562374,35.279278,-80.965056,Freedom,34,2018/02/02 00:00:00+00,Drugs,3,2,,2018,02,2018/02/01 00:00:00+00
1451110.00010097,557373.999945983,816,816,20180120-0001-01,16,Male,Black,Open,,Handgun,2400 CARMINE ST,1451110,557374,35.267518,-80.839024,Metro,363,,Other/Unknown,1,3,,2018,01,2018/01/20 00:00:00+00
1495510.99988148,566717.999958724,817,817,20180115-1609-01,35,Male,Black,Open,Intimate Partner,Handgun,13300 ASHLEY MEADOW DR,1495511,566718,35.295357,-80.690824,University City,377,,Domestic,4,3,,2018,01,2018/01/15 00:00:00+00
1415281.99990672,569292.000060067,818,818,20180113-1822-00,3,Male,Black,Exceptionally Cleared,,Unknown,2100 SEBASTIANI DR,1415282,569292,35.298375,-80.959821,Freedom,332,2018/05/16 00:00:00+00,Domestic,2,2,,2018,01,2018/01/13 00:00:00+00
1415281.99990672,569292.000060067,819,819,20180113-1822-00,7,Male,Black,Exceptionally Cleared,,Unknown,2100 SEBASTIANI DR,1415282,569292,35.298375,-80.959821,Freedom,332,2018/05/16 00:00:00+00,Domestic,2,2,,2018,01,2018/01/13 00:00:00+00
1430483.00001647,544368.000039399,820,820,20180111-1344-02,24,Female,Black,Exceptionally Cleared,Intimate Partner,Handgun,4100 CARLYLE DR,1430483,544368,35.230719,-80.907279,Freedom,387,2018/01/17 00:00:00+00,Domestic,3,2,FREEDOM DRIVE/WILKINSON,2018,01,2018/01/11 00:00:00+00
1491335.00003138,564893.99999781,821,821,20171222-0342-00,50,Female,Black,Exceptionally Cleared,Intimate Partner,Handgun,10800 DAPPLE GREY LN,1491335,564894,35.29015,-80.704712,University City,192,2018/04/25 00:00:00+00,Domestic,0,3,,2017,12,2017/12/22 00:00:00+00
1433544.00012806,553044.000075817,822,822,20171214-2135-00,39,Male,Black,Cleared by Arrest,,Firearm,600 BRADFORD DR,1433544,553044,35.254715,-80.897586,Freedom,385,2018/05/17 00:00:00+00,Other/Unknown,2,2,,2017,12,2017/12/14 00:00:00+00
1470670.00002289,542037.000108227,823,823,20171209-0840-00,37,Female,Hispanic,Exceptionally Cleared,Intimate Partner,Handgun,2200 KILBORNE DR,1470670,542037,35.226362,-80.772586,Eastway,389,2019/04/10 00:00:00+00,Domestic,5,4,,2017,12,2017/12/09 00:00:00+00
1470670.00002289,542037.000108227,824,824,20171209-0840-00,61,Female,Hispanic,Exceptionally Cleared,Intimate Partner,Handgun,2200 KILBORNE DR,1470670,542037,35.226362,-80.772586,Eastway,389,2019/04/10 00:00:00+00,Domestic,5,4,,2017,12,2017/12/09 00:00:00+00
1424400.00004339,502438.99990806,825,825,20171209-0321-01,55,Male,White,Cleared by Arrest,,Firearm,700 WESTINGHOUSE BV,1424400,502439,35.11521,-80.924923,Steele Creek,285,2017/12/19 00:00:00+00,Robbery,3,6,,2017,12,2017/12/09 00:00:00+00
1434460.99993446,555252.999922901,826,826,20171203-2125-04,23,Male,Black,Cleared by Arrest,,Handgun,4400 ROADWAY ST,1434461,555253,35.260831,-80.894656,Freedom,385,2018/09/05 00:00:00+00,Other/Unknown,2,2,,2017,12,2017/12/03 00:00:00+00
1480528.99998988,574414.999984637,827,827,20171120-2257-00,19,Male,Black,Open,,Firearm,500 BARTON CREEK DR,1480529,574415,35.315791,-80.741479,University City,66,,Other/Unknown,4,3,,2017,11,2017/11/20 00:00:00+00
1445864.00009431,557886.99990423,828,828,20171116-1306-00,41,Male,Black,Open,,"Rifle, Shotgun",2400 KENDALL DR,1445864,557887,35.268659,-80.856628,Metro,70,,Other/Unknown,2,2,BEATTIES FORD/ROZZELLES FERRY,2017,11,2017/11/16 00:00:00+00
1449427.99985605,552269.9999834,829,829,20171112-2212-01,22,Male,Black,Cleared by Arrest,,Handgun,1500 WADDELL ST,1449428,552270,35.253411,-80.84434,Metro,311,2017/11/21 00:00:00+00,Drugs,1,2,,2017,11,2017/11/12 00:00:00+00
1477842.00011456,517837.999949887,830,830,20171104-0340-00,18,Male,Black,Cleared by Arrest,,Firearm,1800 VILLAGE LAKE DR,1477842,517838,35.16023,-80.747148,Independence,248,2017/12/07 00:00:00+00,Argument,6,4,,2017,11,2017/11/04 00:00:00+00
1480195.99999972,543604.999924973,831,831,20171024-2314-03,44,Male,White,Cleared by Arrest by Another Agency,,Handgun,3100 AMITY CT,1480196,543605,35.231133,-80.740784,Hickory Grove,167,2018/01/05 00:00:00+00,Robbery,5,4,,2017,10,2017/10/24 00:00:00+00
1430095.0001363,550611.000020564,832,832,20171024-2029-00,27,Male,Black,Cleared by Arrest,,Knife,3000 TIMBERBROOK DR,1430095,550611,35.247849,-80.908981,Freedom,199,2017/10/25 00:00:00+00,Argument,3,2,,2017,10,2017/10/24 00:00:00+00
1468436.99989572,508540.99984315,833,833,20171020-1249-01,23,Female,White,Cleared by Arrest,Intimate Partner,Strangulation,5600 VIA ROMANO DR,1468437,508541,35.13423,-80.778053,Independence,161,2017/10/25 00:00:00+00,Domestic,6,5,,2017,10,2017/10/20 00:00:00+00
1434084.00003231,535991.000061139,834,834,20171012-1540-02,24,Male,Black,Cleared by Arrest,,Handgun,3000 ROMARE BEARDEN DR,1434084,535991,35.207896,-80.894687,Westover,120,2017/10/31 00:00:00+00,Robbery,3,2,,2017,10,2017/10/12 00:00:00+00
1440236.99986538,534472.000146389,835,835,20171009-2205-01,53,Male,Black,Cleared by Arrest,,Handgun,2900 BALTIMORE AV,1440237,534472,35.204043,-80.873996,Westover,30,2017/10/11 00:00:00+00,Argument,3,2,,2017,10,2017/10/09 00:00:00+00
1481085.99986014,552855.000125721,836,836,20171008-2142-01,35,Male,Black,Open,,Firearm,4200 JOHN PENN CR,1481086,552855,35.256588,-80.738347,North Tryon,102,,Argument,5,3,,2017,10,2017/10/08 00:00:00+00
1445080.00002189,577273.999844059,837,837,20171008-0643-02,29,Male,Black,Cleared by Arrest,,Firearm,9200 TRINITY RD,1445080,577274,35.321878,-80.860472,North,260,2018/01/16 00:00:00+00,Other/Unknown,2,2,,2017,10,2017/10/08 00:00:00+00
1445125.99992989,547564.999878973,838,838,20171002-1243-06,21,Male,Black,Cleared by Arrest,,Handgun,1700 W TRADE ST,1445126,547565,35.240265,-80.858453,Metro,347,2017/10/02 00:00:00+00,Drugs,2,2,BEATTIES FORD/ROZZELLES FERRY,2017,10,2017/10/02 00:00:00+00
1459975.00008747,533155.000155732,839,839,20170930-1032-03,60,Female,Black,Cleared by Arrest,,Handgun,400 ORANGE ST,1459975,533155,35.201431,-80.807851,Providence,370,2017/10/01 00:00:00+00,Domestic,1,4,,2017,09,2017/09/30 00:00:00+00
1443817.99992122,563295.999912977,840,840,20170929-1030-04,19,Female,Black,Cleared by Arrest by Another Agency,,Unknown,1700 GRIERS GROVE RD,1443818,563296,35.283413,-80.863822,Metro,123,2017/11/08 00:00:00+00,Other/Unknown,2,2,,2017,09,2017/09/29 00:00:00+00
1446888.0000148,556188.000021398,841,841,20170928-0255-03,31,Male,Black,Cleared by Arrest,,Handgun,2200 CATHERINE SIMMONS AV,1446888,556188,35.264044,-80.853092,Metro,374,2017/10/06 00:00:00+00,Argument,2,3,BEATTIES FORD/ROZZELLES FERRY,2017,09,2017/09/28 00:00:00+00
1479722.99996147,519302.999972641,842,842,20170927-2245-02,21,Male,Black,Cleared by Arrest,,Handgun,7200 E INDEPENDENCE BV,1479723,519303,35.164346,-80.740941,Independence,246,2017/09/27 00:00:00+00,Argument,5,4,,2017,09,2017/09/27 00:00:00+00
1457140.99984998,553000.000163808,843,843,20170920-2131-01,29,Male,Black,Cleared by Arrest,,Handgun,2900 DOGWOOD AV,1457141,553000,35.255807,-80.818553,Metro,369,2017/10/17 00:00:00+00,Argument,1,3,GRAHAM STREET/NORTH TRYON,2017,09,2017/09/20 00:00:00+00
1468538.0000218,537590.000143975,844,844,20170918-1532-00,21,Male,White,Open,,Firearm,1500 MEDFORD DR,1468538,537590,35.21404,-80.779457,Eastway,164,,Other/Unknown,5,4,CENTRAL/ALBEMARLE,2017,09,2017/09/18 00:00:00+00
1444361.00014755,553437.999943972,845,845,20170912-0300-00,26,Male,Black,Cleared by Arrest,,Firearm,1400 ROSETTA ST,1444361,553438,35.25636,-80.861383,Metro,85,2017/10/02 00:00:00+00,Other/Unknown,2,2,BEATTIES FORD/ROZZELLES FERRY,2017,09,2017/09/12 00:00:00+00
1452788.00002581,544747.999935567,846,846,20170902-1311-00,38,Male,Black,Open,,Handgun,900 N COLLEGE ST,1452788,544748,35.232917,-80.832622,Central,476,,Other/Unknown,1,4,,2017,09,2017/09/02 00:00:00+00
1422283.00001231,510092.000021979,847,847,20170901-1137-03,30,Female,Black,Cleared by Arrest,Intimate Partner,Knife,9300 KINGS PARADE BV,1422283,510092,35.136121,-80.9325,Steele Creek,92,2017/09/04 00:00:00+00,Domestic,3,2,,2017,09,2017/09/01 00:00:00+00
1475948.99996355,545151.000113815,848,848,20170830-1933-00,31,Male,Hispanic,Exceptionally Cleared,,Handgun,4000 UPPERGATE LN,1475949,545151,35.235174,-80.755096,North Tryon,168,2018/10/16 00:00:00+00,Gang,1,4,,2017,08,2017/08/30 00:00:00+00
1432234.00012338,560379.999839485,849,849,20170824-1706-00,22,Male,Black,Cleared by Arrest,,Handgun,5400 WINDY VALLEY DR,1432234,560380,35.274799,-80.902444,Freedom,190,2017/10/30 00:00:00+00,Robbery,2,2,,2017,08,2017/08/24 00:00:00+00
1467548.0000333,504950.000135392,850,850,20170821-0315-00,25,Male,White,Open,,Handgun,6500 OUTER BRIDGE LN,1467548,504950,35.124321,-80.780811,Independence,222,,Robbery,7,5,,2017,08,2017/08/21 00:00:00+00
1481524.99996638,555611.999861062,851,851,20170811-0156-00,,,,Open,,,2300 GINGER LN,1481525,555612,35.264183,-80.737038,North Tryon,17,,,5,3,,2017,08,2017/08/11 00:00:00+00
1411003.99993256,556830.000049725,852,852,20170810-1919-00,24,Male,Black,Cleared by Arrest,,Shotgun,2000 PLEASANT DALE DR,1411004,556830,35.263908,-80.973326,Freedom,73,2017/08/30 00:00:00+00,Argument,3,2,,2017,08,2017/08/10 00:00:00+00
1478720.99999698,521390.000063732,853,853,20170808-1918-01,25,Male,Black,Cleared by Arrest,,Firearm,6700 E INDEPENDENCE BV,1478721,521390,35.170031,-80.744416,Independence,180,2017/11/03 00:00:00+00,Argument,5,4,,2017,08,2017/08/08 00:00:00+00
1459861.99998538,576653.000101805,854,854,20170727-0440-00,65,Female,Black,Cleared by Arrest,,Unknown,9000 RED CLAY LN,1459862,576653,35.320923,-80.810885,North,282,2017/08/01 00:00:00+00,Domestic,2,3,,2017,07,2017/07/27 00:00:00+00
1459861.99998538,576653.000101805,855,855,20170727-0440-00,69,Male,Black,Cleared by Arrest,,Unknown,9000 RED CLAY LN,1459862,576653,35.320923,-80.810885,North,282,2017/08/01 00:00:00+00,Domestic,2,3,,2017,07,2017/07/27 00:00:00+00
1472213.99988763,527646.000018895,856,856,20170724-2315-01,17,Male,Other/Unknown,Cleared by Arrest,,Handgun,2000 MCMULLEN WY,1472214,527646,35.186902,-80.766559,Independence,52,2017/07/27 00:00:00+00,Drugs,5,4,,2017,07,2017/07/24 00:00:00+00
1462096.00011055,577687.00000231,857,857,20170707-0759-01,35,Female,White,Cleared by Arrest,Intimate Partner,Blunt Trauma,5400 DUSTY TRAIL RD,1462096,577687,35.323875,-80.80346,North,282,2017/07/19 00:00:00+00,Domestic,2,3,,2017,07,2017/07/07 00:00:00+00
1488982.00014421,568421.000161648,858,858,20170703-1959-03,63,Male,Black,Cleared by Arrest,Intimate Partner,Handgun,10600 ATKINS RIDGE DR,1488982,568421,35.299728,-80.7128,University City,301,2017/07/04 00:00:00+00,Domestic,4,3,,2017,07,2017/07/03 00:00:00+00
1483085.00012723,542431.9999744,859,859,20170702-1159-02,24,Male,Black,Cleared by Arrest,,Handgun,5300 KIMMERLY WOODS DR,1483085,542432,35.228049,-80.731043,Hickory Grove,166,2017/10/17 00:00:00+00,Domestic,5,4,,2017,07,2017/07/02 00:00:00+00
1432559.00012955,550084.000090316,860,860,20170624-2243-01,41,Male,Hispanic,Open,,Handgun,4700 TUCKASEEGEE RD,1432559,550084,35.246531,-80.900695,Freedom,199,,Other/Unknown,3,2,,2017,06,2017/06/24 00:00:00+00
1460881.99991389,553442.999933973,861,861,20170620-2326-01,29,Male,Black,Open,,Firearm,400 HILO DR,1460882,553443,35.257212,-80.806051,North Tryon,21,,Other/Unknown,1,3,GRAHAM STREET/NORTH TRYON,2017,06,2017/06/20 00:00:00+00
1460881.99991389,553442.999933973,862,862,20170620-2326-01,,Male,Black,Open,,Firearm,400 HILO DR,1460882,553443,35.257212,-80.806051,North Tryon,21,,Other/Unknown,1,3,GRAHAM STREET/NORTH TRYON,2017,06,2017/06/20 00:00:00+00
1480485.00007789,541470.999927893,863,863,20170620-2305-00,29,Male,Black,Open,,Handgun,4600 EASTWYCKE PLACE DR,1480485,541471,35.225284,-80.739692,Hickory Grove,167,,Other/Unknown,5,4,,2017,06,2017/06/20 00:00:00+00
1433839.99986413,536566.999893397,864,864,20170618-1327-01,21,Male,White,Cleared by Arrest,,Handgun,2300 FARMER ST,1433840,536567,35.209465,-80.895541,Westover,120,2017/07/20 00:00:00+00,Robbery,3,2,,2017,06,2017/06/18 00:00:00+00
1439140.00009088,557569.999882057,865,865,20170612-1910-00,32,Male,Black,Open,,Firearm,300 N HOSKINS RD,1439140,557570,35.267441,-80.879131,Freedom,141,,Other/Unknown,2,2,,2017,06,2017/06/12 00:00:00+00
1427423.99990089,547984.000025228,866,866,20170609-2128-00,37,Male,Other/Unknown,Cleared by Arrest,,Handgun,3200 QUEEN CITY DR,1427424,547984,35.240491,-80.917755,Freedom,199,2017/06/16 00:00:00+00,Drugs,3,2,,2017,06,2017/06/09 00:00:00+00
1444936.99997981,563099.999976888,867,867,20170607-1903-02,2,Male,Black,Cleared by Arrest,,Physical,1800 GRIERS GROVE RD,1444937,563100,35.282932,-80.860061,Metro,123,2017/06/09 00:00:00+00,Domestic,2,2,,2017,06,2017/06/07 00:00:00+00
1456081.99999946,564444.999911562,868,868,20170605-0052-01,24,Male,Black,Cleared by Arrest,,Handgun,3500 SPRING TERRACE LN,1456082,564445,35.287195,-80.822804,North,160,2017/06/05 00:00:00+00,Domestic,1,3,,2017,06,2017/06/05 00:00:00+00
1457464.99985814,562037.000134394,869,869,20170604-1555-04,36,Male,Black,Cleared by Arrest,,Handgun,4500 WYNBROOK WY,1457465,562037,35.28065,-80.818023,North,160,2017/07/07 00:00:00+00,Argument,1,3,,2017,06,2017/06/04 00:00:00+00
1439756.99984114,553953.999896228,870,870,20170529-2150-00,18,Male,Black,Cleared by Arrest,,Handgun,100 OREGON ST,1439757,553954,35.257539,-80.876836,Metro,88,2017/06/27 00:00:00+00,Other/Unknown,2,2,BEATTIES FORD/ROZZELLES FERRY,2017,05,2017/05/29 00:00:00+00
1461188.99995606,560159.999951392,871,871,20170529-0531-00,23,Male,Black,Cleared by Arrest,,Handgun,5100 REAGAN DR,1461189,560160,35.27568,-80.805432,North Tryon,138,2017/06/01 00:00:00+00,Argument,1,3,SUGAR CREEK/I-85,2017,05,2017/05/29 00:00:00+00
1450320.00004056,538812.999994561,872,872,20170526-2233-02,35,Male,Black,Cleared by Arrest,,Physical,900 E STONEWALL ST,1450320,538813,35.216487,-80.840517,Central,3,2017/05/27 00:00:00+00,Robbery,1,4,,2017,05,2017/05/26 00:00:00+00
1443592.00004514,513775.999871805,873,873,20170521-2347-01,47,Female,Black,Cleared by Arrest,,Arson,6400 LEAFCREST LN,1443592,513776,35.147361,-80.861468,Westover,105,2017/05/30 00:00:00+00,Domestic,6,5,,2017,05,2017/05/21 00:00:00+00
1422375.00015639,520071.000077054,874,874,20170521-1047-00,44,Male,Hispanic,Cleared by Arrest,,Unknown,6900 AYRSHIRE GLEN PL,1422375,520071,35.16354,-80.932842,Steele Creek,174,2017/08/04 00:00:00+00,Robbery,3,2,,2017,05,2017/05/21 00:00:00+00
1443826.99990322,555284.999858901,875,875,20170516-0210-01,30,Male,Black,Open,,Handgun,2900 BOTANY ST,1443827,555285,35.261406,-80.863288,Metro,85,,Other/Unknown,2,2,BEATTIES FORD/ROZZELLES FERRY,2017,05,2017/05/16 00:00:00+00
1478119.99988663,516079.999856979,876,876,20170503-1339-02,29,Female,Black,Exceptionally Cleared,,Handgun,1800 CHARLESTON PLACE LN,1478120,516080,35.155414,-80.746114,Independence,248,2017/10/06 00:00:00+00,Domestic,6,4,,2017,05,2017/05/03 00:00:00+00
1436330.00013347,554597.999920562,877,877,20170426-1746-04,29,Male,Black,Open,,Handgun,4200 WELLING AV,1436330,554598,35.25913,-80.888355,Freedom,385,,Other/Unknown,2,2,,2017,04,2017/04/26 00:00:00+00
1463502.99992122,578195.999968559,878,878,20170410-0715-02,50,Female,Black,Cleared by Arrest,,Knife,5500 HUBBARD POINT DR,1463503,578196,35.325344,-80.798775,University City,264,2017/04/10 00:00:00+00,Other/Unknown,2,3,,2017,04,2017/04/10 00:00:00+00
1474791.99998097,535559.99993889,879,879,20170405-2013-00,19,Male,Hispanic,Open,,Handgun,3500 SPANISH QUARTER CR,1474792,535560,35.208769,-80.758401,Eastway,164,,Other/Unknown,5,4,CENTRAL/ALBEMARLE,2017,04,2017/04/05 00:00:00+00
1411210.99984664,502534.000046149,880,880,20170405-1425-02,34,Female,Black,Cleared by Arrest,,Blunt Trauma,12300 VERDANT CT,1411211,502534,35.11476,-80.969025,Steele Creek,81,2017/04/07 00:00:00+00,Domestic,3,6,,2017,04,2017/04/05 00:00:00+00
1486391.00007689,536517.999991387,881,881,20170402-1105-00,63,Male,Black,Cleared by Arrest,,"Blunt Trauma, Handgun, Kn",7500 GLENCANNON DR,1486391,536518,35.21196,-80.719631,Hickory Grove,59,2017/04/12 00:00:00+00,Domestic,5,4,,2017,04,2017/04/02 00:00:00+00
1486391.00007689,536517.999991387,882,882,20170402-1105-00,62,Female,Black,Cleared by Arrest,,"Blunt Trauma, Handgun, Kn",7500 GLENCANNON DR,1486391,536518,35.21196,-80.719631,Hickory Grove,59,2017/04/12 00:00:00+00,Domestic,5,4,,2017,04,2017/04/02 00:00:00+00
1476955.99991806,546183.000018314,883,883,20170401-1439-01,25,Male,Black,Cleared by Arrest,,Handgun,4100 COLEBROOK RD,1476956,546183,35.238058,-80.751785,North Tryon,327,2017/06/08 00:00:00+00,Robbery,1,3,,2017,04,2017/04/01 00:00:00+00
1448010.00006738,555971.000127316,884,884,20170328-2024-00,29,Male,Black,Open,,Handgun,1900 CATHERINE SIMMONS AV,1448010,555971,35.263506,-80.84932,Metro,374,,Other/Unknown,2,3,,2017,03,2017/03/28 00:00:00+00
1465926.99999447,560906.000099808,885,885,20170324-0224-02,28,Male,Black,Cleared by Arrest,,Handgun,1800 PROSPECT DR,1465927,560906,35.277965,-80.789604,North Tryon,291,2017/05/09 00:00:00+00,Domestic,1,3,,2017,03,2017/03/24 00:00:00+00
1428740.99989155,556237.999921396,886,886,20170322-1324-02,18,Male,Black,Cleared by Arrest,,Firearm,1400 ALLENBROOK DR,1428741,556238,35.263236,-80.913878,Freedom,346,2017/05/08 00:00:00+00,Other/Unknown,2,2,,2017,03,2017/03/22 00:00:00+00
1463114.00004305,529178.999905646,887,887,20170321-2052-03,30,Male,Black,Cleared by Arrest,,Handgun,1000 N WENDOVER RD,1463114,529179,35.190665,-80.797104,Providence,370,2017/04/03 00:00:00+00,Other/Unknown,1,4,,2017,03,2017/03/21 00:00:00+00
1447283.99987897,566900.999920815,888,888,20170317-0100-01,25,Male,Black,Cleared by Arrest,,Knife,4500 BIESTERFIELD DR,1447284,566901,35.293495,-80.852435,North,139,2017/03/17 00:00:00+00,Domestic,2,2,,2017,03,2017/03/17 00:00:00+00
1447283.99987897,566900.999920815,889,889,20170317-0100-01,27,Female,Hispanic,Cleared by Arrest,,Knife,4500 BIESTERFIELD DR,1447284,566901,35.293495,-80.852435,North,139,2017/03/17 00:00:00+00,Domestic,2,2,,2017,03,2017/03/17 00:00:00+00
1451985.99998939,489833.999855638,890,890,20170316-0444-00,25,Male,Hispanic,Cleared by Arrest,,Handgun,6600 FISHER'S FARM LN,1451986,489834,35.082015,-80.831914,South,224,2017/03/16 00:00:00+00,Robbery,7,5,,2017,03,2017/03/16 00:00:00+00
1446259.99995847,555016.000068814,891,891,20170314-1223-03,37,Male,Black,Cleared by Arrest,,Handgun,2000 BEATTIES FORD RD,1446260,555016,35.260792,-80.855122,Metro,374,2017/06/07 00:00:00+00,Domestic,2,3,BEATTIES FORD/ROZZELLES FERRY,2017,03,2017/03/14 00:00:00+00
1425084.99998572,518009.999933973,892,892,20170224-2201-00,22,Male,Black,Cleared by Arrest,,Shotgun,2400 YORKDALE DR,1425085,518010,35.158023,-80.923642,Steele Creek,96,2017/03/06 00:00:00+00,Robbery,3,2,,2017,02,2017/02/24 00:00:00+00
1464771.00000989,561947.999984309,893,893,20170222-2214-02,46,Male,Black,Cleared by Arrest,,Blunt Trauma,5300 EQUIPMENT DR,1464771,561948,35.280771,-80.79354,North Tryon,328,2017/02/23 00:00:00+00,Argument,4,3,,2017,02,2017/02/22 00:00:00+00
1473849.99989647,510734.000050306,894,894,20170219-2257-01,18,Male,White,Cleared by Arrest,,Handgun,400 KELFORD LN,1473850,510734,35.14052,-80.760081,Independence,36,2017/04/18 00:00:00+00,Argument,6,5,,2017,02,2017/02/19 00:00:00+00
1448314.00011556,542256.999996305,895,895,20170215-0220-05,65,Male,White,Cleared by Arrest,,Handgun,200 W MARTIN LUTHER KING JR BV,1448314,542257,35.225846,-80.847447,Central,476,2017/02/21 00:00:00+00,Robbery,2,4,,2017,02,2017/02/15 00:00:00+00
1443317.99993697,532971.999865562,896,896,20170214-1755-00,58,Male,White,Cleared by Arrest,,Firearm,2700 OAKCREST PL,1443318,532972,35.200082,-80.86359,Westover,381,2017/02/27 00:00:00+00,Drugs,1,4,,2017,02,2017/02/14 00:00:00+00
1484919.00006814,543404.999996901,897,897,20170209-0839-00,18,Female,Black,Open,,Unknown,6500 WILLOW GATE LN,1484919,543405,35.23081,-80.724959,Hickory Grove,325,,Other/Unknown,5,4,,2017,02,2017/02/09 00:00:00+00
1470651.00006089,576892.999949887,898,898,20170126-1911-02,20,Male,Black,Cleared by Arrest,,Firearm,8700 MALLARD CREEK RD,1470651,576893,35.322118,-80.774736,University City,274,2017/01/30 00:00:00+00,Drugs,2,3,,2017,01,2017/01/26 00:00:00+00
1439821.00004122,552552.000075564,899,899,20170117-1336-00,0,Male,Black,Cleared by Arrest,,Physical,300 HARRISON ST,1439821,552552,35.253691,-80.876533,Metro,88,2017/01/19 00:00:00+00,Domestic,2,2,,2017,01,2017/01/17 00:00:00+00
1432534.99984947,560486.999953568,900,900,20170113-1632-01,51,Male,Black,Open,,Firearm,5400 MORNING BREEZE LN,1432535,560487,35.275109,-80.901443,Freedom,190,,Other/Unknown,2,2,,2017,01,2017/01/13 00:00:00+00
1469588.9998883,550929.000040725,901,901,20170112-2205-01,37,Male,Black,Cleared by Arrest,,Knife,500 BLENDWOOD DR,1469589,550929,35.250737,-80.776738,North Tryon,40,2017/01/13 00:00:00+00,Domestic,1,3,,2017,01,2017/01/12 00:00:00+00
1464897.00008596,553822.000160232,902,902,20170112-1412-04,45,Male,Black,Cleared by Arrest,,Handgun,4400 N TRYON ST,1464897,553822,35.258453,-80.792626,North Tryon,371,2017/01/18 00:00:00+00,Robbery,1,3,SUGAR CREEK/I-85,2017,01,2017/01/12 00:00:00+00
1430200.9999243,571156.99993898,903,903,20170104-1910-01,38,Male,Black,Open,,Handgun,6200 STONEFORT CT,1430201,571157,35.304297,-80.909949,North,113,,Other/Unknown,2,2,,2017,01,2017/01/04 00:00:00+00
1465465.99993221,560435.000057563,904,904,20170103-0148-00,37,Female,Black,Cleared by Arrest,,Knife,1600 VANCOUVER DR,1465466,560435,35.276648,-80.79112,North Tryon,371,2017/01/03 00:00:00+00,Other/Unknown,1,3,SUGAR CREEK/I-85,2017,01,2017/01/03 00:00:00+00
1469978.00009455,547908.999847144,905,905,20170102-2218-00,14,Male,Black,Cleared by Arrest,,Handgun,2200 FINCHLEY DR,1469978,547909,35.24246,-80.775254,North Tryon,128,2017/04/12 00:00:00+00,Other/Unknown,1,3,,2017,01,2017/01/02 00:00:00+00
1474847.99986897,525254.999879643,906,906,20170102-0005-03,22,Male,Hispanic,Open,,Handgun,6500 MONROE RD,1474848,525255,35.180462,-80.757603,Independence,52,,Drugs,5,4,,2017,01,2017/01/02 00:00:00+00
1463114.00004305,529178.999905646,907,907,20161225-1806-00,33,Male,Black,Cleared by Arrest,,Firearm,900 N WENDOVER RD,1463114,529179,35.190665,-80.797104,Providence,370,2016/12/28 00:00:00+00,Other/Unknown,1,4,,2016,12,2016/12/25 00:00:00+00
1478889.99998705,516190.99996306,908,908,20161224-2129-00,4,Female,Black,Cleared by Arrest,,Blunt Trauma,7800 TIMBER COMMONS LN,1478890,516191,35.155756,-80.743545,Independence,248,2017/01/20 00:00:00+00,Domestic,6,4,,2016,12,2016/12/24 00:00:00+00
1478880.00000705,540979.999925643,909,909,20161219-1835-01,27,Male,Black,Cleared by Arrest,,Handgun,2700 CARYA POND LN,1478880,540980,35.223858,-80.745036,Hickory Grove,197,2017/01/20 00:00:00+00,Argument,5,4,,2016,12,2016/12/19 00:00:00+00
1449608.00015222,493968.000117809,910,910,20161217-0745-01,65,Female,White,Cleared by Arrest,,Unknown,7400 QUAIL RIDGE DR,1449608,493968,35.093252,-80.840118,South,55,2016/12/30 00:00:00+00,Other/Unknown,6,5,,2016,12,2016/12/17 00:00:00+00
1469524.0000183,558937.000100806,911,911,20161215-1917-01,21,Male,Black,Exceptionally Cleared,,Handgun,6500 SPRING GARDEN LN,1469524,558937,35.272734,-80.777436,North Tryon,371,2018/04/16 00:00:00+00,Domestic,1,3,,2016,12,2016/12/15 00:00:00+00
1433646.99992205,551979.999907225,912,912,20161215-0243-03,26,Male,Black,Cleared by Arrest,,Shotgun,4400 EDDLEMAN RD,1433647,551980,35.251797,-80.897173,Freedom,385,2016/12/15 00:00:00+00,Argument,2,2,,2016,12,2016/12/15 00:00:00+00
1479149.00012521,527239.999846637,913,913,20161214-0857-07,19,Male,Black,Cleared by Arrest,,Handgun,7100 IDLEWILD RD,1479149,527240,35.186123,-80.743328,Independence,16,2016/12/23 00:00:00+00,Robbery,5,4,,2016,12,2016/12/14 00:00:00+00
1483582.00011747,515040.999966472,914,914,20161207-1834-00,22,Male,White,Cleared by Arrest,,Firearm,2500 CROSS POINT CR,1483582,515041,35.152822,-80.727783,Independence,107,2017/02/16 00:00:00+00,Other/Unknown,5,4,,2016,12,2016/12/07 00:00:00+00
1463057.00015706,546888.99991864,915,915,20161130-0755-04,45,Male,Black,Open,,Handgun,3100 THE PLAZA,1463057,546889,35.239315,-80.798369,Eastway,10,,Other/Unknown,1,3,,2016,11,2016/11/30 00:00:00+00
1453764.0000423,546340.000032395,916,916,20161129-0330-01,38,Male,Black,Cleared by Arrest,,Knife,1500 N TRYON ST,1453764,546340,35.23734,-80.829452,Metro,157,2016/12/06 00:00:00+00,Argument,1,3,GRAHAM STREET/NORTH TRYON,2016,11,2016/11/29 00:00:00+00
1459587.99987721,551527.000157058,917,917,20161127-0327-01,34,Male,Black,Cleared by Arrest,,Handgun,100 ATANDO AV,1459588,551527,35.251883,-80.810268,North Tryon,21,2016/12/28 00:00:00+00,Argument,1,3,GRAHAM STREET/NORTH TRYON,2016,11,2016/11/27 00:00:00+00
1478376.0000308,550967.999962732,918,918,20161122-2303-00,22,Male,Hispanic,Cleared by Arrest,,Handgun,6500 THE PLAZA,1478376,550968,35.251273,-80.747312,North Tryon,249,2016/11/23 00:00:00+00,Argument,5,3,,2016,11,2016/11/22 00:00:00+00
1421856.99988006,554419.999948472,919,919,20161120-2254-04,36,Male,Black,Open,,Firearm,6200 ROCKLAKE DR,1421857,554420,35.257875,-80.936817,Freedom,140,,Robbery,3,2,,2016,11,2016/11/20 00:00:00+00
1439238.99989289,517285.000071645,920,920,20161115-1511-02,32,Female,Black,Cleared by Arrest,Intimate Partner,Knife,5900 SOUTH BV,1439239,517285,35.156776,-80.876249,Westover,106,2016/12/15 00:00:00+00,Domestic,6,5,,2016,11,2016/11/15 00:00:00+00
1489970.00013672,533848.000082061,921,921,20161113-1441-04,15,Male,Black,Cleared by Arrest,,Handgun,8000 SHERINGTON WY,1489970,533848,35.204794,-80.707497,Hickory Grove,147,2016/12/07 00:00:00+00,Other/Unknown,5,4,,2016,11,2016/11/13 00:00:00+00
1429608.00012605,536805.000073567,922,922,20161112-0219-00,33,Male,Black,Cleared by Arrest,,Firearm,2800 WEST BV,1429608,536805,35.209896,-80.909722,Westover,321,2017/07/26 00:00:00+00,Argument,3,2,WEST BOULEVARD,2016,11,2016/11/12 00:00:00+00
1477261.99996223,551104.000018805,923,923,20161109-1707-03,27,Male,Black,Cleared by Arrest,Intimate Partner,Handgun,5900 FAIRMARKET PL,1477262,551104,35.251592,-80.751051,North Tryon,17,2016/11/11 00:00:00+00,Domestic,5,3,,2016,11,2016/11/09 00:00:00+00
1432872.00015973,537339.999987811,924,924,20161105-1428-01,19,Male,Black,Cleared by Arrest,,Handgun,2200 WEST BV,1432872,537340,35.211538,-80.898831,Westover,159,2016/12/13 00:00:00+00,Argument,3,2,WEST BOULEVARD,2016,11,2016/11/05 00:00:00+00
1458089.99992047,539161.999952734,925,925,20161105-0347-02,43,Male,Black,Open,,Firearm,2000 E INDEPENDENCE BV,1458090,539162,35.217839,-80.814528,Eastway,315,,Other/Unknown,1,4,,2016,11,2016/11/05 00:00:00+00
1452217.99985348,544879.999999642,926,926,20161026-1522-03,27,Female,Black,Cleared by Arrest,,Handgun,900 N TRYON ST,1452218,544880,35.233251,-80.834539,Central,476,2016/10/28 00:00:00+00,Argument,2,4,,2016,10,2016/10/26 00:00:00+00
1406979.00010855,500622.999931142,927,927,20161020-1823-03,27,Male,Black,Cleared by Arrest,,Handgun,13500 ARMOUR RIDGE DR,1406979,500623,35.109279,-80.983046,Steele Creek,82,2016/10/30 00:00:00+00,Argument,3,2,,2016,10,2016/10/20 00:00:00+00
1451924.00011338,566624.000146732,928,928,20161019-0324-01,48,Male,Black,Open,,Handgun,5400 DATHA AV,1451924,566624,35.292971,-80.83687,North,237,,Other/Unknown,2,3,,2016,10,2016/10/19 00:00:00+00
1459298.00012913,540478.99994339,929,929,20161015-0247-00,26,Female,White,Open,,Handgun,1300 THE PLAZA,1459298,540479,35.221518,-80.810564,Eastway,378,,Other/Unknown,1,4,,2016,10,2016/10/15 00:00:00+00
1478608.99989289,569931.000094399,930,930,20161011-1711-01,29,Female,Black,Open,,Handgun,200 E W T HARRIS BV,1478609,569931,35.30338,-80.74765,University City,219,,Domestic,4,3,,2016,10,2016/10/11 00:00:00+00
1452217.99985348,544879.999999642,931,931,20161005-0059-00,64,Male,Black,Cleared by Arrest,,Blunt Trauma,900 N TRYON ST,1452218,544880,35.233251,-80.834539,Central,476,2017/01/10 00:00:00+00,Drugs,1,4,,2016,10,2016/10/05 00:00:00+00
1459735.9999093,547416.999846891,932,932,20160927-2012-00,45,Male,White,Cleared by Arrest,,Blunt Trauma,2500 PINCKNEY AV,1459736,547417,35.2406,-80.809521,Eastway,386,2016/11/04 00:00:00+00,Argument,1,4,,2016,09,2016/09/27 00:00:00+00
1449626.00011621,542725.000044554,933,933,20160921-2031-03,26,Male,Black,Cleared by Arrest,,Handgun,100 E TRADE ST,1449626,542725,35.227199,-80.843083,Central,476,2016/09/23 00:00:00+00,Other/Unknown,1,4,,2016,09,2016/09/21 00:00:00+00
1439061.9999188,555854.00003323,934,934,20160918-0604-00,32,Male,Black,Open,,Firearm,3700 BROOKSHIRE BV,1439062,555854,35.262723,-80.879284,Freedom,141,,Other/Unknown,2,2,,2016,09,2016/09/18 00:00:00+00
1463502.99992122,578195.999968559,935,935,20160916-1022-00,35,Male,Black,Cleared by Arrest,,Rifle,4400 HUBBARD RD,1463503,578196,35.325344,-80.798775,University City,264,2016/09/16 00:00:00+00,Argument,2,3,,2016,09,2016/09/16 00:00:00+00
1439218.99993289,531512.000160888,936,936,20160912-2344-00,40,Male,White,Cleared by Arrest,,Handgun,500 CLANTON RD,1439219,531512,35.195859,-80.877216,Westover,290,2020/06/17 00:00:00+00,Other/Unknown,3,2,,2016,09,2016/09/12 00:00:00+00
1445384.00007005,538254.000128314,937,937,20160909-2333-00,33,Female,Asian,Cleared by Arrest,,Handgun,100 E PARK AV,1445384,538254,35.214699,-80.857006,Central,3,2019/12/05 00:00:00+00,Robbery,3,2,,2016,09,2016/09/09 00:00:00+00
1452288.00004156,490302.999901891,938,938,20160822-0255-00,20,Female,White,Cleared by Arrest,Intimate Partner,Handgun,6700 PINEVILLE-MATTHEWS RD,1452288,490303,35.083319,-80.830934,South,201,2016/08/29 00:00:00+00,Domestic,7,5,,2016,08,2016/08/22 00:00:00+00
1423313.9999188,512773.999907315,939,939,20160820-2101-01,35,Male,Black,Cleared by Arrest,,Handgun,8100 S TRYON ST,1423314,512774,35.143544,-80.929226,Steele Creek,96,2016/08/23 00:00:00+00,Drugs,3,2,,2016,08,2016/08/20 00:00:00+00
1453893.00011238,547611.000115067,940,940,20160816-1649-00,49,Male,Black,Cleared by Arrest,,Knife,300 PLYMOUTH AV,1453893,547611,35.240839,-80.829099,Metro,157,2016/08/23 00:00:00+00,Argument,1,3,GRAHAM STREET/NORTH TRYON,2016,08,2016/08/16 00:00:00+00
1492437.00012398,535536.99998489,941,941,20160813-0034-03,31,Male,Black,Cleared by Arrest,,Handgun,6900 OLDE SAVANNAH RD,1492437,535537,35.209551,-80.699336,Hickory Grove,146,2016/08/13 00:00:00+00,Argument,5,4,,2016,08,2016/08/13 00:00:00+00
1483321.9999813,593568.000064388,942,942,20160806-0533-00,38,Male,Black,Cleared by Arrest,,Handgun,8200 CHESTHUNT PLACE DR,1483322,593568,35.368542,-80.733239,University City,195,2016/08/07 00:00:00+00,Domestic,0,3,,2016,08,2016/08/06 00:00:00+00
1481916.99983856,537791.000070065,943,943,20160725-2335-01,2,Male,Black,Cleared by Arrest,,Blunt Trauma,4900 FARM POND LN,1481917,537791,35.215243,-80.734682,Hickory Grove,50,2016/08/16 00:00:00+00,Domestic,5,4,,2016,07,2016/07/25 00:00:00+00
1463752.00007939,579774.0000934,944,944,20160724-1546-01,32,Male,Black,Open,,Blunt Trauma,5600 PRESCOTT CT,1463752,579774,35.329691,-80.798036,University City,264,,Other/Unknown,2,3,,2016,07,2016/07/24 00:00:00+00
1480514.00001989,532317.999861225,945,945,20160724-0300-00,53,Female,Hispanic,Cleared by Arrest,Intimate Partner,Knife,6400 WOODBEND DR,1480514,532318,35.20014,-80.739058,Hickory Grove,316,2016/08/18 00:00:00+00,Domestic,5,4,CENTRAL/ALBEMARLE,2016,07,2016/07/24 00:00:00+00
1445864.00009431,557887.999902233,946,946,20160718-0802-01,46,Female,Black,Cleared by Arrest,,Knife,2400 KENDALL DR,1445864,557888,35.268662,-80.856628,Metro,70,2017/04/12 00:00:00+00,Other/Unknown,2,2,BEATTIES FORD/ROZZELLES FERRY,2016,07,2016/07/18 00:00:00+00
1452472.99999964,560888.000135809,947,947,20160715-0609-00,34,Male,Black,Cleared by Arrest,,Knife,4200 STATESVILLE RD,1452473,560888,35.277241,-80.834676,North,160,2016/07/26 00:00:00+00,Argument,1,3,,2016,07,2016/07/15 00:00:00+00
1431341.99993889,554932.999906734,948,948,20160712-2358-01,41,Male,Black,Open,,Firearm,4400 RIDGEVALLEY DR,1431342,554933,35.259788,-80.905082,Freedom,346,,Robbery,2,2,,2016,07,2016/07/12 00:00:00+00
1443859.99983722,544953.999851644,949,949,20160706-0318-00,31,Male,Black,Cleared by Arrest,,Firearm,600 GRANDIN RD,1443860,544954,35.233027,-80.862528,Metro,51,2016/09/09 00:00:00+00,Drugs,2,4,,2016,07,2016/07/06 00:00:00+00
1449860.99997431,554441.999904484,950,950,20160705-0641-00,22,Male,Black,Open,,Handgun,1900 NEWCASTLE ST,1449861,554442,35.2594,-80.843025,Metro,311,,Other/Unknown,2,3,,2016,07,2016/07/05 00:00:00+00
1461041.99992198,530549.00011839,951,951,20160704-0131-00,19,Male,Black,Cleared by Arrest,,Handgun,3600 WHEATLEY AV,1461042,530549,35.194325,-80.804121,Providence,370,2016/08/09 00:00:00+00,Other/Unknown,1,4,,2016,07,2016/07/04 00:00:00+00
1439666.00002314,548049.999893233,952,952,20160624-0000-01,30,Male,Black,Cleared by Arrest,,Rifle,2800 TUCKASEEGEE RD,1439666,548050,35.241315,-80.876767,Metro,293,2017/04/23 00:00:00+00,Argument,2,2,,2016,06,2016/06/24 00:00:00+00
1407111.99984255,500387.000075057,953,953,20160618-1736-02,27,Female,White,Cleared by Arrest,,"Arson, Strangulation",12100 TOSCANA WY,1407112,500387,35.108638,-80.982586,Steele Creek,82,2016/06/20 00:00:00+00,Other/Unknown,3,2,,2016,06,2016/06/18 00:00:00+00
1489827.00009464,577473.000102222,954,954,20160611-0253-01,20,Male,Black,Exceptionally Cleared,,Handgun,4000 COLLEGIATE AV,1489827,577473,35.324636,-80.710492,University City,61,2018/03/26 00:00:00+00,Argument,4,3,,2016,06,2016/06/11 00:00:00+00
1489668.00008455,533845.000088066,955,955,20160609-0857-03,79,Female,White,Cleared by Arrest,,Handgun,7900 LANGFORD CT,1489668,533845,35.204772,-80.708507,Hickory Grove,147,2016/06/09 00:00:00+00,Other/Unknown,5,4,,2016,06,2016/06/09 00:00:00+00
1481454.00010839,578436.00014472,956,956,20160530-1910-01,46,Male,Black,Cleared by Arrest,,Handgun,9500 PINNACLE DR,1481454,578436,35.326882,-80.738615,University City,65,2016/06/02 00:00:00+00,Drugs,4,3,,2016,05,2016/05/30 00:00:00+00
1481553.99990839,552662.999853566,957,957,20160527-0125-00,34,Male,Black,Cleared by Arrest,,Handgun,4400 JOHN PENN CR,1481554,552663,35.256083,-80.736768,North Tryon,102,2016/09/06 00:00:00+00,Other/Unknown,5,3,,2016,05,2016/05/27 00:00:00+00
1497260.99999039,551584.000043064,958,958,20160525-0355-00,36,Male,White,Cleared by Arrest,,Strangulation,6000 CATTAIL CT,1497261,551584,35.253862,-80.684099,Hickory Grove,242,2016/05/25 00:00:00+00,Domestic,5,4,,2016,05,2016/05/25 00:00:00+00
1481553.99990839,552662.999853566,959,959,20160507-1616-02,24,Male,Black,Cleared by Arrest,,Handgun,4400 JOHN PENN CR,1481554,552663,35.256083,-80.736768,North Tryon,102,2016/08/16 00:00:00+00,Other/Unknown,5,3,,2016,05,2016/05/07 00:00:00+00
1430669.99997056,549929.000072226,960,960,20160507-0439-00,28,Male,Black,Cleared by Arrest,,Handgun,4800 MAGNASCO LN,1430670,549929,35.246006,-80.907011,Freedom,199,2016/05/09 00:00:00+00,Argument,3,2,,2016,05,2016/05/07 00:00:00+00
1496228.00008789,535009.000056639,961,961,20160424-2346-01,0,Female,Black,Cleared by Arrest,,Blunt Trauma,9300 WINTER ELM LN,1496228,535009,35.208278,-80.686616,Hickory Grove,220,2016/05/17 00:00:00+00,Domestic,5,4,,2016,04,2016/04/24 00:00:00+00
1418003.00004214,565068.99997589,962,962,20160407-0518-02,40,Male,Black,Cleared by Arrest,,Handgun,1200 HELMS RD,1418003,565069,35.286921,-80.950426,Freedom,348,2016/07/06 00:00:00+00,Argument,2,2,,2016,04,2016/04/07 00:00:00+00
1466301.99990064,550113.000032306,963,963,20160331-2323-00,21,Male,Black,Open,,Handgun,4100 ATMORE ST,1466302,550113,35.248333,-80.787697,North Tryon,344,,Drugs,1,3,,2016,03,2016/03/31 00:00:00+00
1454793.9999508,551722.000095144,964,964,20160331-0357-00,19,Male,Black,Cleared by Arrest,,Handgun,2500 N GRAHAM ST,1454794,551722,35.252178,-80.826335,Metro,369,2016/04/12 00:00:00+00,Other/Unknown,1,3,GRAHAM STREET/NORTH TRYON,2016,03,2016/03/31 00:00:00+00
1437760.99989614,524633.0001394,965,965,20160327-1432-01,46,Male,Black,Open,,Handgun,4800 CHASTAIN AV,1437761,524633,35.176885,-80.881659,Westover,290,,Other/Unknown,3,2,,2016,03,2016/03/27 00:00:00+00
1430859.99991864,555725.999961138,966,966,20160322-2053-01,26,Male,Black,Cleared by Arrest,,Handgun,4500 WESTRIDGE DR,1430860,555726,35.261941,-80.906748,Freedom,346,2017/05/31 00:00:00+00,Argument,2,2,,2016,03,2016/03/22 00:00:00+00
1434568.00004855,537695.999931976,967,967,20160319-1349-00,27,Male,Black,Cleared by Arrest,,Handgun,1700 DONALD ROSS RD,1434568,537696,35.212605,-80.893176,Westover,294,2016/04/03 00:00:00+00,Drugs,3,2,WEST BOULEVARD,2016,03,2016/03/19 00:00:00+00
1473513.99991231,536809.000065565,968,968,20160319-1047-00,,,,Open,,,4900 CENTRAL AV,1473514,536809,35.212138,-80.762753,Eastway,164,,,5,4,CENTRAL/ALBEMARLE,2016,03,2016/03/19 00:00:00+00
1484790.99999605,534854.000038564,969,969,20160310-1204-01,24,Male,Black,Open,,Handgun,8300 PARKLAND CR,1484791,534854,35.207312,-80.72489,Hickory Grove,59,,Argument,5,4,,2016,03,2016/03/10 00:00:00+00
1473674.99991839,537307.000053808,970,970,20160305-1053-01,35,Male,White,Exceptionally Cleared,,Handgun,4800 CARRIAGE DRIVE CR,1473675,537307,35.213514,-80.762244,Eastway,389,2016/12/28 00:00:00+00,Other/Unknown,5,4,CENTRAL/ALBEMARLE,2016,03,2016/03/05 00:00:00+00
1450176.00000048,541472.9999239,971,971,20160207-0240-01,29,Male,Black,Cleared by Arrest,,Handgun,400 E 4TH ST,1450176,541473,35.223788,-80.841164,Central,476,2016/02/15 00:00:00+00,Argument,1,4,,2016,02,2016/02/07 00:00:00+00
1438821.00007272,544129.999859229,972,972,20160114-1217-00,67,Male,Black,Open,,Unknown,2400 COLUMBUS CR,1438821,544130,35.230502,-80.879348,Metro,361,,Other/Unknown,2,2,FREEDOM DRIVE/WILKINSON,2016,01,2016/01/14 00:00:00+00
1446559.00001663,556663.000055641,973,973,20160103-0016-00,45,Male,Black,Cleared by Arrest,,Handgun,2200 BEATTIES FORD RD,1446559,556663,35.265332,-80.854224,Metro,374,2016/01/03 00:00:00+00,Argument,2,3,BEATTIES FORD/ROZZELLES FERRY,2016,01,2016/01/03 00:00:00+00
1431951.00003321,573664.999844223,974,974,20151230-1628-04,34,Male,Black,Cleared by Arrest,,Handgun,6600 WOODLAND CR,1431951,573665,35.31128,-80.904246,North,112,2016/01/03 00:00:00+00,Robbery,0,2,,2015,12,2015/12/30 00:00:00+00
1438923.99986672,555994.000081316,975,975,20151223-0043-00,54,Male,Black,Cleared by Arrest,,Handgun,3800 BROOKSHIRE BV,1438924,555994,35.2631,-80.879755,Freedom,141,2016/01/07 00:00:00+00,Argument,2,2,,2015,12,2015/12/23 00:00:00+00
1465465.99993221,560435.000057563,976,976,20151220-1434-00,16,Female,Black,Cleared by Arrest,,Handgun,1600 VANCOUVER DR,1465466,560435,35.276648,-80.79112,North Tryon,371,2018/03/20 00:00:00+00,Other/Unknown,1,3,SUGAR CREEK/I-85,2015,12,2015/12/20 00:00:00+00
1435880.00004922,500016.000160888,977,977,20151204-1028-00,30,Male,Black,Cleared by Arrest,,Handgun,9500 CHINA GROVE CHURCH RD,1435880,500016,35.109159,-80.886387,Steele Creek,116,2016/02/17 00:00:00+00,Gang,3,2,,2015,12,2015/12/04 00:00:00+00
1435880.00004922,500016.000160888,978,978,20151204-1028-00,28,Male,Black,Cleared by Arrest,,Handgun,9500 CHINA GROVE CHURCH RD,1435880,500016,35.109159,-80.886387,Steele Creek,116,2016/02/17 00:00:00+00,Gang,3,2,,2015,12,2015/12/04 00:00:00+00
1435880.00004922,500016.000160888,979,979,20151204-1028-00,29,Male,Black,Cleared by Arrest,,Handgun,9500 CHINA GROVE CHURCH RD,1435880,500016,35.109159,-80.886387,Steele Creek,116,2016/02/17 00:00:00+00,Gang,3,2,,2015,12,2015/12/04 00:00:00+00
1478500.00011089,541722.000082061,980,980,20151202-2222-01,35,Female,White,Cleared by Arrest,,Handgun,4800 SHAMROCK DR,1478500,541722,35.225878,-80.746352,Hickory Grove,167,2015/12/03 00:00:00+00,Robbery,5,4,,2015,12,2015/12/02 00:00:00+00
1456484.99984963,543714.000035062,981,981,20151112-1648-08,31,Male,Black,Open,,Handgun,1300 SEIGLE AV,1456485,543714,35.230264,-80.82018,Eastway,37,,Other/Unknown,1,3,,2015,11,2015/11/12 00:00:00+00
1479324.00010331,517831.999961898,982,982,20151028-2115-02,22,Male,Black,Cleared by Arrest,,Handgun,7300 CREEKWOOD QUORUM DR,1479324,517832,35.160286,-80.742189,Independence,270,2015/10/29 00:00:00+00,Drugs,6,4,,2015,10,2015/10/28 00:00:00+00
1444257.00002748,547980.00003323,983,983,20151028-1253-01,53,Female,Black,Cleared by Arrest,Intimate Partner,Physical,300 STATE ST,1444257,547980,35.24136,-80.861389,Metro,382,2015/10/28 00:00:00+00,Domestic,2,2,,2015,10,2015/10/28 00:00:00+00
1476323.99986972,550085.000088304,984,984,20151024-2221-00,28,Male,Black,Cleared by Arrest,,Handgun,6000 THE PLAZA,1476324,550085,35.248748,-80.754132,North Tryon,223,2015/11/25 00:00:00+00,Argument,1,3,,2015,10,2015/10/24 00:00:00+00
1431368.99988489,542964.999892637,985,985,20151017-2310-00,29,Male,Black,Cleared by Arrest,,Handgun,3800 DAVIS AV,1431369,542965,35.226912,-80.904223,Freedom,387,2015/10/18 00:00:00+00,Argument,3,2,FREEDOM DRIVE/WILKINSON,2015,10,2015/10/17 00:00:00+00
1475925.00001155,550415.000084475,986,986,20151015-1409-01,23,Male,Black,Exceptionally Cleared,,"Handgun, Shotgun",5900 THE PLAZA,1475925,550415,35.249635,-80.755488,North Tryon,223,2015/12/15 00:00:00+00,Argument,1,3,,2015,10,2015/10/15 00:00:00+00
1444936.99997981,563099.999976888,987,987,20151007-1222-03,25,Male,Black,Cleared by Arrest,,Handgun,1800 GRIERS GROVE RD,1444937,563100,35.282932,-80.860061,Metro,123,2015/10/08 00:00:00+00,Domestic,2,2,,2015,10,2015/10/07 00:00:00+00
1428353.00001138,536714.999925479,988,988,20151002-2128-01,23,Female,Black,Cleared by Arrest,Intimate Partner,Handgun,3100 NOBLES AV,1428353,536715,35.209582,-80.913917,Westover,306,2015/10/21 00:00:00+00,Domestic,3,2,,2015,10,2015/10/02 00:00:00+00
1432316.99995738,521187.00014165,989,989,20150930-0016-01,23,Male,Black,Cleared by Arrest,,Handgun,6100 COOLBROOK CT,1432317,521187,35.167133,-80.899654,Westover,121,2015/10/01 00:00:00+00,Domestic,3,2,,2015,09,2015/09/30 00:00:00+00
1452941.00004789,551761.000017151,990,990,20150927-1905-04,41,Male,Black,Cleared by Arrest,,Handgun,2300 VANDERBILT RD,1452941,551761,35.252191,-80.832543,Metro,363,2015/10/25 00:00:00+00,Drugs,1,3,,2015,09,2015/09/27 00:00:00+00
1426267.9999163,582680.999856815,991,991,20150919-2200-02,37,Female,White,Exceptionally Cleared,Intimate Partner,Handgun,5600 MT HOLLY-HUNTERSVILLE RD,1426268,582681,35.335746,-80.923878,North,110,2015/11/23 00:00:00+00,Domestic,0,1,,2015,09,2015/09/19 00:00:00+00
1470732.99989688,529091.000081643,992,992,20150919-1947-00,26,Male,Black,Cleared by Arrest,,Handgun,5400 LANTANA AV,1470733,529091,35.190799,-80.771601,Independence,52,2015/10/23 00:00:00+00,Domestic,5,4,,2015,09,2015/09/19 00:00:00+00
1439034.99997281,553386.000047982,993,993,20150910-1543-04,42,Male,Black,Open,,Handgun,300 OREGON ST,1439035,553386,35.255941,-80.879218,Metro,88,,Other/Unknown,2,2,,2015,09,2015/09/10 00:00:00+00
1471842.99997348,551251.000052899,994,994,20150906-0729-01,30,Male,Hispanic,Cleared by Arrest,,Handgun,1100 GLENFIDDICH DR,1471843,551251,35.251732,-80.769208,North Tryon,100,2015/11/11 00:00:00+00,Robbery,1,3,,2015,09,2015/09/06 00:00:00+00
1430919.00012872,517820.999983892,995,995,20150906-0013-04,30,Female,Black,Open,,"Handgun, Rifle",500 ECHODALE DR,1430919,517821,35.157813,-80.904115,Steele Creek,54,,Other/Unknown,3,2,,2015,09,2015/09/06 00:00:00+00
1429074.99987972,518973.999974474,996,996,20150905-2051-00,7,Male,Hispanic,Open,,Rifle,6800 FIELDVALE PL,1429075,518974,35.160883,-80.910357,Steele Creek,54,,Other/Unknown,3,2,,2015,09,2015/09/05 00:00:00+00
1442238.00012848,560729.000125721,997,997,20150905-0444-00,23,Male,Black,Exceptionally Cleared,,Handgun,4100 NORTHPOINTE INDUSTRIAL BV,1442238,560729,35.27628,-80.868953,North,158,2017/03/23 00:00:00+00,Argument,2,2,,2015,09,2015/09/05 00:00:00+00
1442238.00012848,560729.000125721,998,998,20150905-0444-00,25,Male,Black,Exceptionally Cleared,,Handgun,4100 NORTHPOINTE INDUSTRIAL BV,1442238,560729,35.27628,-80.868953,North,158,2017/03/23 00:00:00+00,Argument,2,2,,2015,09,2015/09/05 00:00:00+00
1449964.00009638,554992.00011681,999,999,20150824-0311-00,24,Male,Black,Cleared by Arrest,,Handgun,1300 LASALLE ST,1449964,554992,35.260916,-80.842714,Metro,374,2015/09/04 00:00:00+00,Other/Unknown,2,3,,2015,08,2015/08/24 00:00:00+00
1499272.99990338,537701.999919981,1000,1000,20150820-1043-03,47,Male,White,Cleared by Arrest,,Blunt Trauma,7500 BONDHAVEN DR,1499273,537702,35.215818,-80.676576,Hickory Grove,229,2017/02/08 00:00:00+00,Other/Unknown,5,4,,2015,08,2015/08/20 00:00:00+00
1460443.00013572,532731.000019476,1001,1001,20150818-1534-05,33,Male,Black,Cleared by Arrest,Intimate Partner,Handgun,400 SKYLAND AV,1460443,532731,35.20029,-80.806259,Providence,370,2015/08/19 00:00:00+00,Domestic,1,4,,2015,08,2015/08/18 00:00:00+00
1480834.00003606,581133.999998063,1002,1002,20150809-0734-01,19,Male,Black,Open,,Handgun,1000 MALLARD OAKS DR,1480834,581134,35.334264,-80.740852,University City,80,,Other/Unknown,4,3,,2015,08,2015/08/09 00:00:00+00
1469588.9998883,550929.000040725,1003,1003,20150802-1328-00,27,Male,Black,Cleared by Arrest,,Handgun,500 BLENDWOOD DR,1469589,550929,35.250737,-80.776738,North Tryon,40,2015/09/16 00:00:00+00,Drugs,1,3,,2015,08,2015/08/02 00:00:00+00
1444349.99984147,555679.000055149,1004,1004,20150722-0440-00,23,Male,Black,Open,,Handgun,2700 BOTANY ST,1444350,555679,35.262516,-80.861561,Metro,85,,Other/Unknown,2,2,BEATTIES FORD/ROZZELLES FERRY,2015,07,2015/07/22 00:00:00+00
1392178.99985297,496446.000083059,1005,1005,20150719-1545-01,64,Male,White,Cleared by Arrest,,Unknown,16500 PLANTATION WOODS DR,1392179,496446,35.096982,-81.032238,Steele Creek,130,2015/08/25 00:00:00+00,Other/Unknown,0,2,,2015,07,2015/07/19 00:00:00+00
1452580.00011373,537527.999939889,1006,1006,20150715-0149-03,36,Male,Black,Cleared by Arrest,,Knife,300 CHERRY ST,1452580,537528,35.213072,-80.832872,Providence,163,2015/07/15 00:00:00+00,Domestic,1,4,,2015,07,2015/07/15 00:00:00+00
1444190.00016147,550148.999960303,1007,1007,20150715-0020-00,34,Male,Black,Cleared by Arrest,,"Handgun, Rifle",200 SELDON DR,1444190,550149,35.247315,-80.861749,Metro,382,2016/05/18 00:00:00+00,Other/Unknown,2,2,BEATTIES FORD/ROZZELLES FERRY,2015,07,2015/07/15 00:00:00+00
1468442.99988373,548438.000101477,1008,1008,20150617-2220-02,,,,Open,,,1800 FINCHLEY DR,1468443,548438,35.243837,-80.780426,North Tryon,128,,,1,3,,2015,06,2015/06/17 00:00:00+00
1466301.99990064,550113.000032306,1009,1009,20150609-2355-03,26,Male,Black,Cleared by Arrest,,Handgun,4100 ATMORE ST,1466302,550113,35.248333,-80.787697,North Tryon,344,2015/12/15 00:00:00+00,Robbery,1,3,,2015,06,2015/06/09 00:00:00+00
1466301.99990064,550113.000032306,1010,1010,20150609-2355-03,23,Female,Black,Cleared by Arrest,,Handgun,4100 ATMORE ST,1466302,550113,35.248333,-80.787697,North Tryon,344,2015/12/15 00:00:00+00,Robbery,1,3,,2015,06,2015/06/09 00:00:00+00
1481001.00003013,553975.999852225,1011,1011,20150429-1600-01,40,Male,Black,Exceptionally Cleared,,Handgun,2300 ST JOHNS CHURCH RD,1481001,553976,35.259663,-80.738697,North Tryon,17,2016/04/05 00:00:00+00,Argument,5,3,,2015,04,2015/04/29 00:00:00+00
1505586.00007264,545117.999851733,1012,1012,20150428-0706-02,39,Female,Black,Exceptionally Cleared,Intimate Partner,"Arson, Physical",12100 HARPLEY CT,1505586,545118,35.236483,-80.655856,Hickory Grove,227,2015/05/29 00:00:00+00,Domestic,5,4,,2015,04,2015/04/28 00:00:00+00
1478486.00013889,571567.00010322,1013,1013,20150426-1348-03,37,Male,Black,Cleared by Arrest by Another Agency,,Handgun,8800 N TRYON ST,1478486,571567,35.307868,-80.748159,University City,219,2017/02/06 00:00:00+00,Other/Unknown,4,3,,2015,04,2015/04/26 00:00:00+00
1451110.00010097,557373.999945983,1014,1014,20150420-2259-03,33,Male,Black,Cleared by Arrest,,Rifle,2400 JULIA AV,1451110,557374,35.267518,-80.839024,Metro,363,2015/04/21 00:00:00+00,Argument,1,3,,2015,04,2015/04/20 00:00:00+00
1464762.00002788,561277.000013977,1015,1015,20150407-0007-00,22,Male,Black,Cleared by Arrest,,Knife,1200 W SUGAR CREEK RD,1464762,561277,35.278927,-80.79353,North Tryon,371,2015/04/07 00:00:00+00,Argument,1,3,SUGAR CREEK/I-85,2015,04,2015/04/07 00:00:00+00
1476849.00013205,548511.999953479,1016,1016,20150405-1028-02,29,Female,Black,Exceptionally Cleared,Intimate Partner,Handgun,4600 PERTH CT,1476849,548512,35.244452,-80.752281,North Tryon,249,2015/04/05 00:00:00+00,Domestic,1,3,,2015,04,2015/04/05 00:00:00+00
1431341.99993889,554932.999906734,1017,1017,20150331-1633-00,43,Male,White,Cleared by Arrest,,Handgun,4400 RIDGEVALLEY DR,1431342,554933,35.259788,-80.905082,Freedom,346,2015/04/01 00:00:00+00,Argument,2,2,,2015,03,2015/03/31 00:00:00+00
1424990.99984564,556918.999871731,1018,1018,20150327-0523-01,28,Male,Black,Open,,Handgun,1500 ELSWICK LN,1424991,556919,35.264907,-80.926483,Freedom,140,,Other/Unknown,2,2,,2015,03,2015/03/27 00:00:00+00
1481125.00011022,515104.999838471,1019,1019,20150308-1255-03,24,Female,White,Cleared by Arrest,Intimate Partner,Strangulation,8300 CARTER CREEK DR,1481125,515105,35.15288,-80.736005,Independence,272,2015/03/13 00:00:00+00,Domestic,6,4,,2015,03,2015/03/08 00:00:00+00
1470498.0000388,537696.999929979,1020,1020,20150301-2001-04,27,Male,Black,Cleared by Arrest by Another Agency,,Handgun,3000 TIMBER HOLLOW DR,1470498,537697,35.21443,-80.772902,Eastway,90,2015/03/05 00:00:00+00,Other/Unknown,5,4,CENTRAL/ALBEMARLE,2015,03,2015/03/01 00:00:00+00
1448366.00001155,554112.999906316,1021,1021,20150227-1254-04,23,Male,Black,Cleared by Arrest,,Handgun,1500 NEWCASTLE ST,1448366,554113,35.25842,-80.848012,Metro,374,2015/02/27 00:00:00+00,Argument,2,3,,2015,02,2015/02/27 00:00:00+00
1417433.9998678,562037.000134394,1022,1022,20150225-1817-02,68,Female,White,Exceptionally Cleared,,Handgun,8700 FARMWOOD CT,1417434,562037,35.278561,-80.952132,Freedom,34,2015/09/17 00:00:00+00,Domestic,3,2,,2015,02,2015/02/25 00:00:00+00
1456113.99993546,552266.99998939,1023,1023,20150224-1721-02,23,Male,Hispanic,Cleared by Arrest,,Handgun,700 NORRIS AV,1456114,552267,35.253742,-80.821948,Metro,369,2015/04/10 00:00:00+00,Drugs,1,3,GRAHAM STREET/NORTH TRYON,2015,02,2015/02/24 00:00:00+00
1456113.99993546,552266.99998939,1024,1024,20150224-1721-02,19,Female,White,Cleared by Arrest,,Handgun,700 NORRIS AV,1456114,552267,35.253742,-80.821948,Metro,369,2015/04/10 00:00:00+00,Drugs,1,3,GRAHAM STREET/NORTH TRYON,2015,02,2015/02/24 00:00:00+00
1456113.99993546,552266.99998939,1025,1025,20150224-1721-02,21,Male,Hispanic,Cleared by Arrest,,Handgun,700 NORRIS AV,1456114,552267,35.253742,-80.821948,Metro,369,2015/04/10 00:00:00+00,Drugs,1,3,GRAHAM STREET/NORTH TRYON,2015,02,2015/02/24 00:00:00+00
1453240.00010605,545837.000054151,1026,1026,20150129-1706-04,25,Male,White,Open,,Blunt Trauma,100 WADSWORTH PL,1453240,545837,35.235932,-80.831176,Metro,157,,Other/Unknown,1,4,,2015,01,2015/01/29 00:00:00+00
1424332.9998493,514244.999918059,1027,1027,20150128-2008-01,19,Male,Black,Cleared by Arrest,,Handgun,7700 S TRYON ST,1424333,514245,35.14764,-80.925913,Steele Creek,307,2015/01/29 00:00:00+00,Argument,3,2,,2015,01,2015/01/28 00:00:00+00
1476961.99990605,523536.000036806,1028,1028,20150120-2306-01,24,Male,Black,Cleared by Arrest,,Handgun,7100 WALLACE RD,1476962,523536,35.175842,-80.750428,Independence,245,2015/03/26 00:00:00+00,Drugs,5,4,,2015,01,2015/01/20 00:00:00+00
1429364.99995589,563036.000104889,1029,1029,20150108-1101-05,44,Female,White,Cleared by Arrest,,Handgun,200 WEST AV,1429365,563036,35.281944,-80.912227,Freedom,190,2015/01/11 00:00:00+00,Drugs,2,2,,2015,01,2015/01/08 00:00:00+00
1429364.99995589,563036.000104889,1030,1030,20150108-1101-05,52,Male,White,Cleared by Arrest,,Handgun,200 WEST AV,1429365,563036,35.281944,-80.912227,Freedom,190,2015/01/11 00:00:00+00,Drugs,2,2,,2015,01,2015/01/08 00:00:00+00
1470899.99989097,559865.999883235,1031,1031,20150106-0420-00,0,Male,Hispanic,Cleared by Arrest,,Physical,2200 CANTERWOOD DR,1470900,559866,35.275353,-80.772882,North Tryon,101,2015/01/07 00:00:00+00,Domestic,1,3,,2015,01,2015/01/06 00:00:00+00
1429778.00011414,550302.99998039,1032,1032,20150105-1627-03,26,Male,Black,Cleared by Arrest,,Handgun,3100 TIMBERBROOK DR,1429778,550303,35.246986,-80.910022,Freedom,199,2015/01/06 00:00:00+00,Argument,3,2,,2015,01,2015/01/05 00:00:00+00
1441228.99984989,533753.999941975,1033,1033,20150101-0401-00,37,Male,Black,Open,,Handgun,200 FAIRWOOD AV,1441229,533754,35.202122,-80.870631,Westover,30,,Other/Unknown,3,2,,2015,01,2015/01/01 00:00:00+00
