NPA,2002,2003,2004,2005,2006,2007,2008,2009,2010,2011,2012,2013,2014,2015,2016,2017,2018,2019,2020,2021,2022,2002 Raw,2003 Raw,2004 Raw,2005 Raw,2006 Raw,2007 Raw,2008 Raw,2009 Raw,2010 Raw,2011 Raw,2012 Raw,2013 Raw,2014 Raw,2015 Raw,2016 Raw,2017 Raw,2018 Raw,2019 Raw,2020 Raw,2021 Raw,2022 Raw
2,"2","3","2","2","2","2","2","2","2","2","3","3","3","3","3","3","3","2","1","1","1","1,012","1,099","959","923","873","883","880","804","800","864","1,172","1,165","1,045","1,151","1,218","1,211","1,118","1,010","531","551","580"
3,"20","19","20","20","21","22","23","26","26","25","27","29","29","28","28","31","30","34","36","32","31","22,684","22,394","22,617","23,184","24,426","25,558","27,147","29,621","29,838","29,102","31,177","33,915","33,769","32,237","32,387","35,803","34,496","39,679","41,328","36,582","35,685"
4,"1","1","1","1","1","0","0","0","0","0","0","0","0","0","0","0","0","0","0","0","0","289","324","318","330","391","143","109","86","51","55","65","70","54","41","93","82","108","92","84","103","102"
5,"2","2","1","1","0","1","1","1","1","1","1","1","1","1","1","1","1","1","1","1","1","273","262","161","171","77","102","136","120","134","152","127","130","129","139","179","217","235","194","153","163","205"
6,"2","2","2","2","2","2","2","2","2","2","2","2","2","2","2","2","2","1","1","2","2","787","760","779","815","835","806","905","721","705","673","705","753","903","806","863","713","607","548","571","651","895"
7,"8","6","6","5","7","7","6","7","7","7","7","7","8","7","6","6","6","4","5","5","6","4,237","3,365","3,266","2,951","4,038","3,861","3,399","3,749","3,912","4,093","3,743","4,082","4,165","3,633","3,213","3,121","3,216","2,442","2,644","2,696","3,468"
8,"1","1","1","1","1","1","1","1","1","1","1","1","1","1","1","1","1","1","1","1","1","776","720","827","684","761","558","565","524","494","560","803","647","683","609","533","571","529","571","561","568","566"
9,"1","1","0","1","0","1","1","1","1","1","1","1","0","0","0","1","1","1","1","1","2","58","52","37","52","46","47","48","48","53","63","101","126","40","42","46","48","51","55","91","128","149"
10,"1","1","1","1","1","1","1","1","1","1","1","1","1","1","1","1","1","1","1","1","1","697","724","731","821","723","440","486","476","384","434","566","613","600","647","661","710","600","616","625","691","695"
11,"4","4","4","4","4","3","3","3","3","3","3","3","3","3","4","4","4","4","4","4","5","1,889","1,844","1,860","1,865","2,181","1,645","1,593","1,388","1,282","1,296","1,452","1,526","1,544","1,589","1,814","1,853","1,967","1,845","1,829","2,001","2,592"
12,"2","2","3","2","2","1","1","2","2","5","5","1","1","1","1","1","1","1","1","1","1","305","327","511","387","360","228","173","245","309","838","726","110","105","93","83","191","123","80","87","115","175"
13,"3","3","3","3","3","2","2","2","2","3","3","3","3","3","3","3","3","3","3","3","3","1,248","1,300","1,144","1,151","1,150","1,046","1,075","873","971","1,282","1,444","1,453","1,395","1,287","1,437","1,426","1,174","1,202","1,335","1,308","1,298"
14,"1","1","1","1","1","1","1","1","1","1","1","1","1","1","1","1","1","1","0","1","1","428","417","362","385","421","401","371","292","330","322","352","364","371","380","370","391","330","296","191","287","435"
15,"0","0","1","1","0","1","1","1","0","1","1","1","1","1","1","1","1","1","1","1","1","330","327","348","347","338","391","388","372","340","364","390","384","446","438","428","450","416","439","437","497","562"
16,"3","3","2","2","2","3","2","2","3","2","2","2","3","3","3","3","2","2","3","3","2","1,847","2,019","1,691","1,635","1,570","1,979","1,595","1,682","2,064","1,711","1,811","1,806","2,007","2,028","1,962","2,151","1,776","1,802","2,126","1,924","1,592"
17,"1","1","1","1","1","1","1","1","1","1","1","1","1","1","1","1","1","1","1","1","1","313","324","410","357","331","446","376","350","319","293","254","276","275","280","327","337","327","328","349","344","367"
18,"1","1","1","1","1","1","2","2","2","2","2","2","3","2","2","2","2","2","2","2","2","750","732","759","814","800","794","1,064","1,065","969","1,033","1,091","1,144","1,685","1,190","1,365","1,301","1,111","1,022","1,077","1,375","1,381"
19,"1","1","1","1","1","1","1","0","1","1","1","1","1","1","0","1","1","1","1","1","1","969","1,209","786","879","1,002","862","483","397","844","857","515","538","616","682","405","610","856","884","1,004","487","697"
20,"0","0","0","0","0","0","1","1","0","0","0","0","0","0","1","1","1","1","1","1","1","23","34","28","58","94","162","490","554","136","156","124","174","160","190","403","440","380","391","406","441","486"
21,"4","3","3","3","3","3","3","3","3","3","3","3","3","3","3","3","3","3","3","3","3","3,349","2,735","2,781","2,876","2,854","2,978","2,933","2,755","2,654","2,863","2,788","2,702","3,002","3,084","3,058","2,907","2,782","2,829","3,042","2,847","2,912"
22,"3","3","3","3","2","3","2","2","2","2","2","3","3","3","3","3","3","3","3","4","6","993","956","878","893","784","841","717","602","572","609","638","888","864","873","1,031","1,059","977","897","999","1,381","1,790"
23,"1","1","1","2","3","2","2","2","2","2","3","4","3","3","3","3","2","2","2","2","2","361","374","277","614","865","604","524","522","484","662","861","1,021","892","897","866","760","686","504","554","480","598"
24,"6","7","6","7","7","7","7","7","8","8","7","6","3","2","1","2","2","2","2","2","3","1,131","1,223","1,123","1,267","1,349","1,343","1,328","1,346","1,514","1,532","1,230","1,105","463","354","269","308","317","339","316","346","525"
25,"1","1","1","1","1","1","1","1","2","1","1","1","1","1","1","1","1","1","1","1","1","616","945","882","733","687","734","770","743","1,034","834","854","720","742","746","739","767","713","579","616","760","721"
26,"0","0","0","0","0","0","0","0","0","0","0","0","0","0","0","0","0","0","0","0","0","63","56","62","128","65","63","50","38","38","63","63","66","177","185","159","168","71","76","122","108","148"
27,"0","0","0","0","0","0","0","0","0","0","0","0","0","0","0","0","0","0","0","1","0","26","31","10","15","7","14","78","70","94","87","116","155","112","136","136","118","115","121","136","162","155"
28,"4","4","4","4","4","5","4","4","4","4","5","4","4","5","6","6","6","6","6","5","6","827","818","797","808","836","1,022","818","819","747","808","918","854","859","955","1,107","1,208","1,167","1,077","1,141","1,029","1,078"
29,"2","1","1","1","1","1","1","1","1","1","1","1","1","0","2","1","1","1","1","1","1","644","450","462","485","493","513","504","462","484","491","550","533","574","199","627","572","551","589","545","576","608"
30,"6","6","5","5","6","5","5","5","5","5","5","5","6","7","7","9","8","8","7","8","8","2,703","3,048","2,283","2,334","2,631","2,555","2,557","2,353","2,444","2,588","2,265","2,388","2,888","3,162","3,231","4,155","3,857","3,886","3,575","3,720","3,619"
31,"0","0","0","0","0","0","0","0","0","0","0","0","0","0","0","0","0","0","0","0","0","26","25","31","33","21","28","45","43","51","71","67","91","103","160","148","143","113","112","85","132","171"
32,"13","13","11","13","12","13","13","11","10","11","12","14","14","15","14","14","13","13","15","16","17","1,146","1,118","922","1,110","1,028","1,152","1,164","976","859","946","1,081","1,186","1,190","1,275","1,217","1,208","1,144","1,149","1,338","1,387","1,478"
33,"5","4","1","3","2","3","3","2","1","3","2","3","3","3","2","2","1","1","1","3","3","1,224","1,063","186","706","556","677","720","578","375","810","529","686","723","776","609","436","360","292","386","707","785"
34,"0","0","0","0","0","0","0","0","0","7","0","0","0","0","0","0","0","0","0","0","0","271","290","311","302","255","81","87","81","126","6,419","228","220","246","157","181","186","137","174","169","198","349"
35,"0","0","0","0","0","0","0","0","0","0","0","0","0","0","0","1","1","1","3","2","2","394","359","433","480","388","469","465","360","313","569","445","411","735","654","657","1,357","1,658","2,824","6,246","4,426","4,642"
36,"1","1","1","1","1","1","1","1","1","1","1","1","1","1","1","1","1","1","1","1","1","662","654","565","581","534","556","500","465","460","350","432","390","392","448","484","563","499","467","422","542","586"
37,"1","0","0","1","1","0","1","0","0","0","1","1","1","1","1","1","1","1","1","1","1","245","89","70","280","341","118","138","109","88","92","219","237","217","169","190","166","169","187","247","331","339"
38,"3","3","3","3","4","4","4","3","3","4","4","4","4","5","5","4","4","4","5","4","5","5,855","6,046","5,918","6,238","6,809","7,695","7,265","6,100","5,874","6,768","7,216","7,478","7,847","8,666","9,230","8,015","7,632","8,017","8,663","8,326","8,795"
39,"0","0","0","0","0","0","0","0","0","0","0","0","0","0","0","0","0","0","0","0","0","168","181","174","148","165","172","125","119","97","74","181","183","179","101","166","150","155","179","149","210","247"
40,"0","0","0","0","0","0","0","0","0","0","0","0","0","0","0","0","0","0","0","0","0","20","19","40","32","24","52","43","29","58","60","75","82","148","143","135","105","84","63","108","141","163"
41,"1","1","1","1","1","1","1","1","1","1","1","1","2","2","2","2","2","2","2","1","1","259","398","259","285","346","356","413","395","405","409","412","418","472","551","665","756","568","547","609","466","414"
42,"1","1","1","1","0","0","0","0","0","0","1","1","1","1","0","0","0","0","0","0","1","206","227","236","209","140","70","72","87","39","77","189","223","184","179","149","149","162","166","169","161","252"
43,"0","0","0","0","0","0","1","1","1","1","1","1","1","1","1","1","1","1","1","1","1","160","169","151","167","171","143","412","371","391","536","270","247","203","248","234","301","268","230","243","250","215"
44,"3","2","2","3","0","3","3","3","3","3","0","3","3","2","3","3","2","2","2","1","2","578","491","500","660","19","613","716","639","613","589","55","574","567","503","729","750","489","443","391","293","357"
45,"0","0","0","0","0","0","0","0","0","0","0","0","0","0","1","1","1","1","1","1","2","29","12","29","11","40","9","13","15","32","69","90","81","85","246","827","914","1,016","1,219","1,310","1,439","1,685"
46,"1","1","0","0","1","1","1","1","1","0","1","1","1","1","1","1","1","1","1","1","1","195","169","140","136","161","177","225","217","216","112","223","208","193","222","194","208","185","216","183","203","200"
47,"4","4","4","4","5","4","4","4","4","3","3","3","4","3","3","3","4","4","4","4","5","621","548","546","611","666","550","532","570","498","472","479","481","521","420","384","460","523","534","513","524","678"
48,"0","0","0","0","0","0","0","0","0","0","0","0","0","0","0","0","0","0","0","0","0","329","386","370","387","463","251","153","145","149","107","372","375","368","343","265","276","303","291","296","285","269"
49,"2","0","0","0","0","0","0","0","0","1","0","0","0","0","0","0","0","0","0","0","0","2,212","250","325","286","377","428","141","128","573","685","124","108","124","120","114","99","114","107","249","235","387"
50,"1","1","1","0","0","0","0","0","0","0","1","0","1","1","1","1","1","1","1","1","1","172","184","183","122","127","133","119","98","96","94","155","91","166","144","171","181","160","163","197","206","225"
51,"4","3","3","3","4","5","3","3","3","4","4","4","4","4","5","3","3","4","4","3","4","1,112","926","939","862","1,197","1,283","969","884","875","1,039","1,227","1,261","1,218","1,237","1,326","936","921","1,035","1,189","852","1,101"
52,"4","4","3","3","3","3","3","2","2","2","2","2","2","2","3","3","3","3","3","3","3","1,927","1,850","1,628","1,529","1,534","1,412","1,307","1,185","1,123","1,131","1,153","1,189","1,129","1,001","1,339","1,419","1,378","1,319","1,425","1,463","1,710"
53,"0","1","1","0","1","0","0","1","1","1","1","1","1","1","1","2","2","2","2","2","2","198","499","497","207","277","202","155","338","336","336","420","398","386","544","605","864","773","908","962","975","729"
54,"5","4","4","4","4","4","3","2","3","6","3","3","3","4","4","4","4","3","3","3","3","3,838","3,573","3,191","3,342","3,447","2,976","2,527","2,072","2,122","4,689","2,809","2,665","2,515","2,936","3,440","3,586","3,273","2,714","2,409","2,286","2,658"
55,"3","3","3","3","3","3","2","2","2","2","2","3","3","4","3","3","3","3","3","2","3","1,509","1,768","1,585","1,624","1,799","1,911","1,381","1,236","1,225","1,202","1,299","1,665","1,920","1,964","1,835","1,663","1,559","1,654","1,433","1,265","1,441"
56,"7","7","7","7","6","7","7","7","6","6","6","6","7","8","7","7","6","6","6","6","6","1,950","1,995","1,967","1,976","1,894","2,086","2,060","1,920","1,862","1,877","1,891","1,907","2,015","2,221","2,176","2,178","1,802","1,779","1,728","1,618","1,725"
57,"6","6","5","6","6","5","5","4","5","10","5","6","6","7","13","9","8","8","8","6","5","978","951","921","952","963","855","799","660","918","1,615","887","961","983","1,093","2,099","1,437","1,367","1,322","1,412","979","902"
58,"1","1","1","1","1","1","1","1","1","1","1","1","1","1","1","1","1","1","1","1","2","170","172","127","165","197","181","149","162","157","158","170","139","130","167","205","266","232","249","320","312","378"
59,"1","1","0","1","0","1","0","0","1","1","1","2","2","4","4","4","4","3","4","4","4","232","202","152","223","162","189","160","138","218","338","483","775","840","1,225","1,443","1,517","1,299","1,189","1,227","1,328","1,459"
60,"0","0","0","0","0","0","0","0","0","0","0","0","0","0","0","0","0","0","0","0","1","309","235","233","256","212","172","142","147","166","267","254","211","214","236","245","290","286","365","246","323","613"
61,"0","0","0","0","0","0","1","1","1","1","1","1","1","1","1","1","0","0","0","0","1","51","75","78","134","124","113","202","191","177","230","262","250","289","208","176","160","144","138","147","114","153"
62,"10","11","12","13","14","16","15","16","15","17","16","17","15","15","16","17","15","13","14","14","13","3,049","3,156","3,357","3,783","3,963","4,658","4,409","4,549","4,506","4,821","4,788","4,941","4,358","4,390","4,718","4,903","4,483","3,832","4,110","3,888","3,860"
64,"3","2","2","2","2","2","2","1","1","2","2","2","2","2","2","2","2","2","2","2","2","973","831","772","783","807","704","607","559","515","767","769","786","890","912","817","764","713","594","737","684","820"
65,"0","0","0","0","0","0","1","0","1","1","0","0","0","1","1","1","1","1","1","1","1","68","76","74","122","133","174","183","161","414","341","161","134","124","256","310","332","282","310","316","382","478"
66,"8","9","10","9","8","10","13","11","11","11","12","12","13","13","7","7","6","6","12","13","12","2,985","3,118","3,493","3,380","3,081","3,514","4,660","4,197","4,112","4,109","4,377","4,335","4,755","4,761","2,409","2,463","2,191","2,180","4,633","4,802","4,602"
67,"2","2","3","3","3","4","1","1","1","1","1","1","1","1","1","1","1","1","1","1","1","228","212","253","299","270","358","99","73","68","92","76","77","122","71","62","87","80","79","87","89","98"
68,"3","2","3","3","3","3","3","3","3","4","3","3","3","4","3","3","3","3","3","3","3","3,491","3,156","3,269","3,689","3,600","3,749","3,808","3,442","4,007","5,117","3,857","4,045","4,399","4,540","4,298","4,298","4,374","4,423","4,185","4,000","4,085"
69,"0","0","0","0","0","0","0","0","1","1","1","1","1","1","1","1","1","1","1","1","2","91","76","90","68","62","65","130","130","224","315","310","364","389","381","348","367","376","494","455","301","596"
70,"2","2","2","2","2","1","1","1","1","1","2","2","2","2","2","2","1","1","2","1","1","448","472","488","500","494","330","265","296","224","243","489","520","537","476","464","464","431","429","470","440","420"
71,"0","0","0","0","0","0","0","0","0","0","0","0","0","0","0","0","0","0","0","0","0","35","57","46","50","42","31","34","37","17","36","36","50","56","59","61","47","34","39","47","57","47"
72,"0","0","0","0","1","2","2","2","2","2","3","3","3","4","3","3","2","2","3","3","3","262","304","359","352","898","1,825","2,639","2,583","2,479","2,799","3,515","3,672","3,672","4,240","3,322","3,357","2,866","2,837","3,169","3,306","3,458"
73,"0","0","0","0","0","0","0","0","2","0","0","0","0","1","1","1","1","1","1","1","1","1,419","1,170","1,191","1,423","1,347","1,225","1,276","917","6,547","1,150","1,870","1,841","2,029","2,167","2,387","2,211","2,053","2,306","2,490","4,470","5,439"
74,"1","1","1","1","1","0","0","0","0","1","1","2","2","2","3","3","3","3","3","3","3","249","255","260","242","256","79","65","77","63","113","285","320","302","330","692","678","622","657","629","550","618"
75,"0","0","0","0","0","0","0","0","0","0","0","0","1","1","0","0","1","1","1","1","1","35","5","9","48","57","99","97","139","149","139","142","151","194","209","164","152","227","197","228","303","318"
76,"0","0","0","0","0","0","0","0","0","0","0","0","0","0","0","0","0","0","0","0","0","155","113","159","31","37","92","179","123","103","112","146","154","167","261","209","249","215","224","365","608","624"
77,"0","0","0","0","0","0","0","0","0","1","0","1","1","1","1","1","1","1","1","1","1","199","158","172","215","215","156","380","496","287","548","448","725","671","738","800","896","788","924","795","731","809"
78,"6","4","5","5","6","6","6","5","6","7","7","7","6","7","8","8","6","7","7","6","6","3,563","2,794","3,046","3,236","3,927","3,790","3,759","3,224","3,911","4,307","4,688","4,273","4,007","4,680","5,078","5,203","4,094","4,305","4,588","4,095","4,100"
79,"0","0","0","0","0","0","0","0","0","0","0","1","1","0","1","1","1","1","1","1","1","5","20","27","21","21","20","20","29","29","31","34","42","39","27","50","65","63","51","65","50","67"
80,"0","0","0","0","0","0","0","0","0","0","0","0","0","0","0","0","0","0","0","0","0","54","68","98","95","97","136","55","69","73","56","56","55","45","45","46","64","77","55","58","79","94"
81,"1","1","1","1","1","2","1","1","1","2","1","1","1","1","1","1","1","1","1","1","1","113","107","116","104","103","390","270","246","270","325","146","144","160","141","128","128","129","128","124","105","135"
82,"0","0","0","0","0","1","1","1","1","1","1","1","1","1","1","2","1","2","2","2","2","141","31","135","154","150","206","344","329","211","425","236","236","288","477","460","600","522","565","610","652","663"
83,"0","0","0","0","0","0","0","0","0","0","0","0","0","0","0","0","0","0","0","0","0","273","248","271","277","305","279","379","317","229","308","533","573","424","434","442","115","448","479","485","481","533"
84,"0","0","0","0","0","0","0","0","0","0","0","0","0","0","0","0","0","0","0","0","0","95","208","160","115","47","45","37","39","42","93","315","107","162","161","235","198","206","599","567","514","653"
85,"1","1","1","1","2","0","0","0","0","0","1","1","1","1","1","1","1","1","1","1","1","335","374","383","392","450","52","39","77","53","102","273","242","235","241","207","202","224","228","214","202","166"
86,"0","0","0","0","0","0","1","1","1","0","1","1","1","0","1","1","0","1","1","1","1","21","46","31","37","43","47","69","56","59","35","60","59","53","43","59","53","42","61","80","87","90"
87,"2","1","2","1","1","1","1","1","1","1","2","2","2","2","2","2","2","2","2","1","2","306","276","307","247","244","173","172","162","118","203","437","477","472","447","417","441","420","375","333","289","350"
88,"1","1","1","1","1","1","1","2","1","1","1","0","1","1","1","1","1","1","1","1","1","569","555","534","562","582","500","605","684","256","274","224","166","243","240","248","306","368","294","312","327","556"
89,"0","0","0","0","0","0","0","0","0","0","0","0","0","0","0","0","0","0","0","0","0","15","24","17","28","27","39","32","23","32","31","35","35","29","41","54","69","70","76","56","54","62"
90,"1","1","0","0","0","1","1","1","1","1","1","1","1","1","1","1","1","1","1","1","1","144","165","121","122","122","176","166","141","141","176","173","153","171","187","166","191","184","163","201","145","163"
91,"1","1","1","1","1","1","1","1","1","1","0","0","0","0","0","0","0","0","0","0","0","202","203","209","203","170","168","220","239","223","278","29","28","24","23","25","22","30","40","56","41","47"
92,"7","6","6","6","6","7","7","6","7","10","8","10","11","10","10","12","11","12","12","12","15","1,773","1,633","1,592","1,654","1,567","1,781","1,783","1,573","1,756","2,580","2,140","2,592","2,920","2,705","2,678","3,213","3,109","3,159","3,183","3,174","3,988"
93,"9","9","8","9","8","8","8","8","8","7","8","8","8","8","8","7","7","9","10","9","10","5,364","5,271","4,807","5,119","4,440","4,464","4,807","4,836","4,396","4,377","4,710","4,694","4,399","4,656","4,615","4,392","4,214","5,037","5,731","5,357","5,970"
94,"4","4","4","4","4","4","4","3","3","3","4","4","4","4","5","5","4","4","5","5","5","2,523","2,583","2,575","2,847","2,822","2,744","2,477","2,197","1,686","2,133","2,897","2,767","2,550","2,883","3,561","3,489","2,888","2,818","3,012","3,141","3,295"
95,"7","6","7","7","7","6","8","8","8","8","8","8","7","10","12","11","11","11","10","11","13","2,920","2,578","2,971","3,120","3,001","2,811","3,703","3,509","3,454","3,688","3,529","3,476","2,958","4,499","5,097","4,728","4,903","4,702","4,237","4,936","5,833"
96,"2","2","2","3","4","4","4","4","4","4","4","4","4","5","6","5","6","6","5","6","5","1,495","1,147","1,533","2,432","2,673","2,535","2,795","2,636","2,591","2,567","2,782","3,245","3,114","3,662","4,438","3,719","4,654","4,082","3,841","4,418","3,804"
97,"0","0","0","0","0","0","0","0","0","0","0","0","0","0","0","0","0","0","0","0","0","16","16","19","16","29","33","46","36","39","99","132","125","162","157","165","163","178","198","183","183","211"
98,"0","0","0","0","0","0","0","0","0","0","0","0","0","0","0","0","0","0","0","0","0","71","79","83","75","93","104","110","82","67","69","86","79","112","136","102","117","121","161","169","204","137"
99,"1","1","1","1","1","0","0","0","0","0","1","1","1","1","1","1","1","1","1","1","1","221","329","238","221","248","22","35","47","22","82","305","285","374","369","336","365","354","419","400","362","416"
100,"3","2","2","2","3","3","2","2","2","2","2","2","3","3","3","3","3","3","3","3","3","2,487","1,720","1,611","1,696","1,931","1,810","1,718","1,497","1,367","1,587","1,701","1,737","1,843","1,868","1,955","2,083","2,141","2,058","1,965","1,970","2,017"
101,"0","0","0","0","0","0","0","0","0","0","0","0","0","1","1","1","1","1","1","1","1","14","9","13","20","18","8","5","10","10","14","32","31","35","68","73","108","95","111","106","99","83"
102,"1","1","1","1","1","0","0","0","0","0","0","0","0","0","0","0","1","1","2","2","2","130","141","121","130","141","40","33","44","41","41","38","35","39","44","46","35","203","156","367","316","362"
103,"1","1","1","1","2","2","2","2","2","2","2","1","1","1","1","1","1","1","1","1","1","138","158","110","118","213","339","329","283","273","291","214","200","174","185","181","162","171","150","162","140","131"
105,"0","1","1","0","0","0","0","0","0","0","0","0","0","0","0","0","0","0","0","0","0","79","215","177","56","21","15","34","38","43","14","20","40","94","52","65","66","77","70","88","104","87"
106,"5","7","5","6","6","4","4","4","4","4","4","4","4","5","6","6","5","5","5","5","5","812","1,025","829","899","984","680","659","583","591","533","640","663","647","725","979","920","738","823","767","689","704"
107,"1","1","2","2","2","2","2","2","2","2","2","2","2","2","2","2","2","2","2","2","2","145","232","307","336","311","340","317","243","257","336","331","393","394","395","394","377","314","287","278","312","337"
108,"1","1","1","1","1","1","1","1","1","1","1","1","1","1","1","1","1","1","1","1","1","374","457","453","447","468","505","408","323","372","400","417","445","410","439","496","519","552","453","447","406","368"
109,"0","0","0","1","1","1","1","1","1","1","1","1","1","1","1","1","1","1","1","1","1","570","544","573","784","1,009","1,135","760","769","751","790","882","903","907","847","1,011","993","832","1,007","1,038","1,036","1,045"
110,"0","0","0","0","0","0","0","0","0","0","0","0","0","0","0","0","0","0","0","0","1","283","164","180","285","379","420","245","205","253","282","279","262","322","360","380","390","296","332","436","582","866"
111,"1","1","1","1","1","1","1","1","0","0","0","0","0","1","1","1","1","1","1","1","1","516","481","470","465","484","520","615","530","278","269","303","310","293","529","602","658","717","769","818","800","868"
112,"0","0","0","0","0","0","0","0","0","0","0","0","0","0","0","0","0","0","0","0","0","141","117","158","165","179","140","49","35","27","26","43","50","54","38","47","47","58","48","64","136","75"
113,"1","1","1","0","1","0","0","0","0","1","1","1","1","1","0","0","0","0","1","1","0","714","715","771","610","796","603","550","441","656","901","713","866","917","846","659","645","546","635","821","891","655"
114,"2","2","2","2","2","2","2","2","2","2","2","2","2","3","4","4","3","3","3","3","3","1,362","1,207","1,083","1,289","1,263","1,396","1,607","1,398","1,460","1,503","1,405","1,448","1,478","2,137","2,605","2,891","1,962","1,952","1,652","1,745","1,849"
115,"0","0","0","0","0","0","0","0","0","2","2","2","2","2","1","1","1","2","1","2","2","77","51","75","99","117","197","345","332","335","1,204","1,443","1,517","1,633","1,778","861","1,001","1,072","1,104","1,087","1,213","1,320"
116,"3","2","2","3","3","3","3","2","2","2","3","3","3","3","3","3","3","3","3","3","3","9,444","9,035","8,951","9,514","10,092","10,346","10,173","8,777","7,799","8,213","9,236","9,448","9,665","10,148","11,063","11,303","10,754","11,117","11,910","10,929","11,708"
117,"0","0","0","1","0","0","0","0","1","1","1","1","1","1","0","0","1","1","1","1","1","319","472","440","515","297","263","407","448","1,127","609","751","764","661","840","472","491","700","680","664","625","631"
118,"0","0","0","0","0","0","0","0","0","0","0","0","0","0","0","0","0","0","0","0","0","67","60","71","74","69","48","53","82","75","67","70","68","96","88","74","89","99","101","99","77","98"
119,"1","1","1","1","1","0","0","0","0","0","1","1","1","1","0","0","0","0","0","1","1","549","560","533","545","579","279","242","261","265","403","580","567","583","575","483","491","430","426","471","580","533"
120,"1","0","1","0","0","0","1","1","1","1","0","1","1","1","1","1","1","1","1","1","1","225","167","201","191","182","188","252","246","192","226","161","233","253","262","283","297","274","295","529","280","330"
121,"1","5","1","1","1","2","2","2","1","2","1","1","1","1","1","1","1","1","1","1","2","401","2,213","332","388","528","908","797","717","684","889","366","347","443","415","544","514","484","596","801","744","859"
122,"1","1","1","1","1","1","1","1","1","1","3","3","3","3","4","5","4","5","5","4","5","2,773","3,319","3,336","3,567","2,843","3,382","3,595","3,309","2,281","3,958","9,700","11,512","12,171","12,414","17,117","17,544","16,159","17,508","19,105","16,343","18,111"
123,"0","0","0","0","0","0","0","0","0","0","0","1","1","1","1","1","0","0","1","0","1","273","295","261","290","198","366","337","316","463","500","575","670","766","803","644","656","605","554","645","585","857"
124,"2","3","2","2","3","2","3","3","2","3","3","3","4","4","4","4","3","3","4","3","3","1,764","1,841","1,646","1,634","1,791","1,586","1,977","1,898","1,631","2,166","2,384","2,359","2,836","2,575","2,587","2,545","2,445","2,416","2,493","2,407","2,474"
125,"2","2","2","2","2","2","2","2","1","1","2","2","2","2","2","2","2","2","2","2","2","1,654","1,571","1,707","1,685","1,696","1,649","1,757","1,541","1,211","1,262","1,634","1,619","1,656","1,717","1,982","2,089","2,362","2,193","2,378","2,149","2,148"
126,"0","0","0","0","0","0","0","0","0","0","0","0","0","0","0","0","0","0","0","0","0","49","57","61","61","55","11","1","6","2","5","6","5","3","23","6","10","14","11","25","23","45"
127,"3","3","3","2","3","2","2","2","1","1","1","1","1","1","1","1","1","1","1","1","1","1,416","1,501","1,248","936","1,128","1,046","899","723","593","495","480","523","539","476","384","337","301","261","308","312","291"
128,"0","0","0","0","0","0","0","0","0","0","0","0","0","0","0","0","0","0","0","0","0","58","62","64","41","47","49","51","51","67","68","59","66","74","61","56","62","54","50","65","70","88"
129,"0","0","0","0","0","0","0","0","2","0","0","0","0","0","0","0","0","0","0","0","0","46","51","49","46","48","76","72","74","1,119","34","53","73","79","110","114","153","114","135","130","189","219"
130,"0","0","0","0","0","0","0","0","0","0","0","0","0","0","0","0","0","0","0","0","0","153","170","201","219","235","234","288","241","210","212","275","296","288","250","281","174","279","496","619","513","500"
131,"0","0","0","0","0","0","0","0","0","0","0","0","0","0","0","0","0","0","0","0","0","72","53","27","59","51","82","76","48","72","56","53","55","44","64","53","57","65","63","77","86","80"
132,"1","0","0","0","0","1","1","1","1","1","1","1","1","1","1","1","1","1","1","2","2","114","62","77","88","90","106","112","122","113","185","246","252","218","229","219","213","188","258","267","296","369"
133,"0","0","0","0","0","0","0","0","0","0","1","1","1","1","0","0","0","1","0","1","1","43","39","33","31","36","41","49","42","41","56","128","120","127","134","71","73","75","80","76","115","185"
134,"0","0","0","0","0","0","0","0","0","0","0","0","0","0","0","0","0","0","0","0","1","55","42","24","29","23","35","34","24","29","43","34","29","24","34","40","29","26","23","29","41","65"
135,"18","21","17","19","18","15","10","12","13","7","8","8","9","8","5","6","6","7","7","7","6","2,556","2,967","2,421","2,747","2,610","2,119","1,481","1,688","1,878","957","1,122","1,111","1,243","1,093","768","787","809","925","971","950","896"
136,"0","0","0","0","0","0","0","0","0","0","0","0","0","0","0","0","0","0","0","0","0","14","12","16","23","18","21","43","41","41","55","22","21","27","64","94","110","90","72","80","83","131"
137,"1","1","1","1","1","1","2","1","1","1","1","2","1","2","2","2","1","1","1","1","2","1,067","742","700","695","786","932","1,122","1,006","984","1,036","1,075","1,183","1,070","1,321","1,557","1,396","1,030","1,048","846","866","1,157"
138,"5","5","5","6","6","6","6","6","6","6","7","8","6","7","5","4","5","5","5","4","5","2,675","2,485","2,759","2,970","3,119","3,273","3,114","2,917","2,847","3,099","3,809","3,836","3,070","3,436","2,631","2,274","2,438","2,475","2,380","2,211","2,343"
139,"0","0","0","0","0","0","0","0","0","0","0","1","1","1","1","1","0","0","0","1","1","186","215","191","228","233","301","284","243","220","237","268","327","416","364","343","329","287","250","265","347","350"
140,"0","0","0","0","0","0","0","0","0","0","1","1","1","1","0","0","0","0","0","0","0","451","460","397","414","387","347","329","288","253","273","681","689","656","660","364","415","368","398","415","421","422"
141,"3","2","2","3","3","3","4","3","3","3","4","4","4","4","4","4","4","4","3","3","3","2,076","1,608","1,693","1,743","2,062","2,278","2,591","2,367","1,996","1,991","2,399","2,419","2,547","2,549","2,536","2,638","2,443","2,502","2,082","2,102","2,221"
142,"3","4","4","4","4","5","4","3","3","3","3","4","4","4","5","5","4","5","5","5","5","1,442","1,925","1,730","1,835","1,943","2,026","1,785","1,502","1,482","1,495","1,467","1,564","1,559","1,609","2,225","2,243","1,979","2,013","2,031","2,052","2,105"
143,"0","0","0","0","0","0","0","0","0","0","0","0","0","0","0","0","0","0","0","0","1","53","52","56","57","68","58","53","55","44","50","44","28","39","54","37","57","55","64","66","80","156"
144,"1","1","1","1","0","0","0","0","0","0","0","0","0","0","0","0","0","1","1","1","0","149","148","164","127","97","114","87","84","71","52","61","54","35","56","72","87","89","138","136","127","116"
145,"1","1","1","1","1","0","0","0","0","0","1","1","1","1","1","1","1","1","1","1","1","597","590","606","591","650","143","141","177","102","135","420","415","422","455","461","476","460","457","441","415","419"
146,"0","0","0","0","0","1","1","0","1","1","1","1","2","2","2","1","1","1","2","2","2","113","84","116","79","118","241","228","215","264","333","526","509","658","655","723","616","587","613","671","697","723"
147,"0","0","0","0","0","0","0","0","0","0","0","0","0","0","0","0","0","0","0","0","0","160","163","162","186","201","195","131","163","134","137","125","166","169","188","183","225","176","158","165","166","179"
148,"0","0","0","0","0","0","0","0","0","0","1","0","0","0","0","0","0","0","0","0","1","88","103","97","112","133","119","121","86","84","94","401","179","189","198","185","199","204","218","236","258","393"
149,"3","2","2","2","4","2","3","3","2","2","2","2","2","3","3","3","3","4","4","3","3","903","576","555","539","1,231","530","791","766","626","587","667","666","664","859","836","826","961","1,000","973","804","881"
150,"0","0","0","0","0","0","0","0","0","0","0","0","0","0","0","0","0","0","0","0","0","117","119","126","119","126","87","88","110","92","108","224","218","242","236","185","224","243","238","254","174","243"
151,"0","0","0","0","0","0","0","0","0","0","1","1","1","1","1","1","1","1","1","1","1","18","21","13","24","40","69","90","111","55","138","329","297","290","404","477","522","446","563","693","601","775"
152,"0","0","0","0","0","0","0","0","0","0","0","0","0","0","--","--","0","0","0","0","0","11","3","4","3","3","5","12","5","4","3","1","2","0","2","0","0","4","8","21","26","19"
153,"0","0","0","0","1","1","1","1","1","1","2","2","2","2","2","3","3","3","4","4","4","202","152","312","393","408","816","587","466","614","877","1,446","1,521","1,435","1,552","1,825","2,086","2,143","2,660","3,237","3,104","3,100"
154,"1","1","1","1","2","1","0","0","0","0","0","0","0","1","1","1","1","1","1","1","1","977","806","935","1,053","1,338","947","289","250","249","223","273","343","351","466","514","487","405","386","402","387","431"
155,"0","0","0","0","0","0","0","0","0","0","0","0","0","0","0","0","0","0","0","0","0","98","93","85","112","127","156","128","126","147","146","211","215","247","253","275","317","287","252","303","424","506"
156,"0","0","0","0","0","0","0","0","0","0","0","0","0","0","0","0","0","0","0","0","0","42","27","18","38","54","43","54","58","55","94","400","362","433","382","300","307","295","249","414","270","288"
157,"7","7","6","7","6","6","7","6","7","8","6","6","6","6","5","5","4","4","4","4","5","4,056","3,857","3,327","3,811","3,665","3,560","3,800","3,611","4,251","4,292","3,480","3,386","3,557","3,407","3,006","2,999","2,525","2,191","2,202","2,355","2,604"
158,"2","1","1","1","1","1","2","2","1","1","1","1","1","2","2","2","2","2","3","3","3","1,943","1,528","1,349","1,371","1,424","1,443","2,164","1,932","1,505","1,655","1,668","1,635","1,632","1,945","2,496","2,231","2,483","2,431","3,105","3,118","3,247"
159,"0","0","0","0","0","0","0","0","0","0","0","0","0","0","0","0","0","0","0","0","0","108","94","98","99","108","9","11","25","2","33","153","147","115","129","100","99","87","76","73","64","121"
160,"2","1","2","2","2","2","2","1","1","1","2","2","1","1","2","2","1","1","1","1","2","1,277","891","1,551","1,504","1,566","1,482","1,323","1,107","1,108","1,145","1,370","1,226","1,100","1,115","1,179","1,198","1,038","1,077","1,057","1,025","1,218"
161,"0","0","0","0","0","0","0","0","0","0","0","0","0","0","0","0","0","0","0","0","0","127","135","103","92","91","64","42","58","46","59","62","71","55","27","56","127","64","77","55","93","135"
162,"1","1","1","1","1","1","1","1","1","1","1","1","1","1","1","1","1","1","1","1","1","376","386","355","356","413","249","257","250","212","241","410","420","432","384","369","371","386","405","432","474","520"
163,"9","10","9","11","10","11","10","10","9","11","11","28","28","29","29","29","23","23","28","28","28","1,616","1,671","1,638","1,917","1,769","1,991","1,723","1,739","1,633","1,921","1,935","4,837","4,822","4,994","5,055","5,039","4,087","4,073","4,887","4,829","4,800"
164,"3","4","3","2","3","2","3","3","2","2","2","3","3","2","3","3","2","2","2","2","3","2,073","2,422","2,010","1,472","1,647","1,476","1,616","1,800","1,036","1,334","1,553","1,608","1,622","1,562","1,745","1,698","1,579","1,558","1,540","1,434","1,614"
165,"1","1","1","1","1","1","1","1","2","4","5","5","5","4","3","3","4","5","5","4","3","148","136","130","124","146","145","132","147","394","781","817","862","942","745","463","461","755","819","876","811","496"
166,"1","1","1","1","1","1","1","1","1","0","1","1","1","1","1","1","1","1","1","1","1","197","201","194","169","177","158","165","191","195","73","161","156","152","182","175","224","152","159","177","182","210"
167,"0","0","0","0","0","0","0","1","1","1","0","0","0","0","0","0","0","1","1","1","1","60","75","62","28","28","35","52","110","152","245","35","48","45","63","86","68","82","109","92","109","178"
168,"0","0","0","0","0","0","0","0","0","0","0","0","1","1","0","0","0","0","0","0","1","50","49","32","28","38","55","55","55","69","49","102","100","117","134","64","74","59","50","49","78","240"
169,"0","0","0","0","0","0","0","0","0","0","0","0","0","0","0","0","0","0","0","1","1","1","2","7","8","9","41","42","26","21","27","44","48","58","84","103","78","69","98","98","168","244"
170,"0","0","0","0","0","1","1","1","2","1","1","2","2","2","2","2","2","2","1","1","2","65","59","73","82","180","308","648","596","946","586","366","765","867","845","976","1,080","852","786","699","657","853"
171,"4","5","6","6","6","6","6","8","9","9","8","8","8","8","8","9","8","7","7","7","8","1,232","1,466","1,699","1,829","1,739","1,767","1,857","2,242","2,545","2,563","2,416","2,175","2,353","2,167","2,399","2,478","2,192","2,029","2,076","1,980","2,374"
172,"0","0","1","1","1","1","1","1","1","1","1","1","1","1","1","1","1","2","2","2","2","293","434","737","857","1,092","1,200","1,126","935","551","979","1,280","1,223","1,260","1,408","1,374","1,287","1,279","1,513","1,653","1,634","1,988"
173,"2","2","2","2","0","0","3","2","2","3","2","0","2","2","3","3","3","2","3","4","5","734","781","767","769","107","126","953","922","933","1,007","861","150","838","837","965","995","954","947","1,170","1,643","1,808"
174,"1","1","1","1","1","1","1","1","1","1","1","1","1","1","1","1","1","1","1","1","2","2,270","2,033","2,222","2,154","2,247","2,610","2,307","2,240","2,088","2,449","2,784","2,576","2,690","2,999","3,011","3,665","3,759","3,731","4,423","4,285","5,122"
175,"0","0","0","0","0","0","0","0","0","0","0","0","1","0","0","0","0","0","0","0","0","59","73","83","90","89","168","163","165","168","175","230","260","297","249","241","239","229","223","217","248","250"
176,"0","0","0","0","0","0","1","1","0","0","0","0","0","0","0","0","0","0","0","0","1","27","56","44","65","88","110","322","318","156","105","116","183","187","166","158","163","119","164","200","218","258"
177,"0","0","0","0","0","0","0","0","0","0","0","1","1","0","1","1","1","0","0","0","0","125","108","68","125","75","157","184","138","137","203","246","261","262","247","282","283","282","219","253","208","217"
178,"6","6","6","6","6","6","6","6","6","5","7","7","8","10","10","9","9","9","9","10","10","12,760","12,725","12,354","11,736","11,384","12,870","12,719","12,092","11,972","10,768","14,017","14,641","15,573","19,513","20,488","19,008","18,947","18,938","17,818","20,218","20,287"
179,"1","1","1","1","1","1","1","1","1","1","1","1","1","1","1","1","1","0","1","1","1","507","485","377","503","518","684","499","458","267","324","288","322","353","352","280","298","267","210","261","325","354"
180,"2","2","2","2","2","2","2","2","2","2","2","2","2","2","2","2","2","2","2","2","2","643","672","645","621","563","659","634","513","575","484","587","543","575","559","531","518","557","547","563","588","642"
181,"0","0","0","0","0","0","0","1","0","0","1","1","1","1","1","1","1","1","1","1","1","317","351","340","396","402","370","486","513","413","451","682","609","666","579","606","627","528","531","573","579","604"
182,"0","0","0","0","0","0","0","0","1","1","2","2","2","2","3","4","4","4","4","4","4","51","49","59","57","69","57","32","41","162","321","413","472","421","455","722","872","773","776","791","884","934"
183,"1","1","1","1","1","1","1","1","2","0","0","0","0","1","1","1","2","1","1","0","0","192","186","160","166","205","177","184","178","496","5","31","105","99","141","251","289","350","188","220","10","12"
184,"9","6","4","5","0","0","0","0","1","1","2","2","1","1","1","1","1","0","1","1","1","2,013","1,498","962","1,085","40","82","78","107","125","234","367","391","263","254","214","140","130","104","217","280","269"
185,"5","5","5","4","4","4","4","4","3","3","3","2","3","2","3","3","2","1","1","2","2","670","655","610","548","587","563","504","553","421","444","414","240","371","277","400","421","286","175","188","314","320"
186,"1","1","1","1","1","1","1","1","1","1","1","1","2","2","2","2","1","1","1","2","2","795","657","664","758","774","675","605","603","593","639","929","936","1,030","1,406","1,096","1,054","923","945","952","975","1,161"
187,"0","0","0","0","0","0","0","0","0","0","0","1","1","3","3","4","3","3","3","3","3","29","40","29","33","7","28","41","41","5","68","78","96","106","509","543","658","476","449","494","504","522"
188,"0","0","0","0","0","0","1","1","0","0","0","0","0","0","0","0","0","0","1","1","1","29","42","32","52","53","119","188","220","122","69","53","45","49","68","66","57","106","146","227","256","257"
189,"0","2","1","3","3","1","0","1","2","4","5","6","7","6","9","3","4","1","1","1","2","32","124","113","265","238","119","37","51","195","314","450","525","537","462","711","219","314","110","107","99","150"
190,"1","1","1","1","1","7","10","10","1","1","1","1","1","1","1","1","2","2","2","1","2","912","796","699","675","903","4,826","6,757","6,518","589","769","659","695","661","657","728","706","1,036","1,077","1,072","996","1,190"
191,"0","0","0","0","0","0","0","0","0","0","0","0","0","1","0","0","0","0","0","0","1","9","17","18","31","40","42","50","48","38","46","66","61","93","214","110","134","117","162","157","161","229"
192,"1","1","1","1","1","1","1","1","1","1","1","1","1","1","1","1","1","1","1","1","1","1,392","1,223","1,241","1,309","1,638","1,617","1,429","1,590","1,780","1,720","1,753","1,718","1,466","1,654","1,331","1,465","1,879","1,957","2,084","1,435","1,445"
193,"5","6","6","5","5","6","6","6","5","6","3","4","4","4","4","5","4","4","4","5","5","1,523","1,712","1,682","1,531","1,617","1,785","1,952","1,787","1,514","1,704","991","1,086","1,179","1,329","1,361","1,376","1,366","1,368","1,270","1,416","1,444"
194,"0","0","0","0","0","1","1","1","0","0","0","0","0","0","0","0","0","0","0","0","1","246","269","316","363","362","452","410","377","291","284","305","247","253","279","266","282","288","297","316","365","422"
195,"0","0","0","0","0","0","0","0","0","0","0","0","0","0","0","0","0","0","0","0","0","7","8","6","13","18","19","20","25","19","56","13","20","43","37","34","46","47","43","50","69","81"
196,"0","0","0","0","0","0","0","0","0","0","0","0","0","0","0","0","0","0","0","0","0","125","133","208","196","170","173","190","181","276","146","120","117","131","132","163","209","177","176","189","212","278"
197,"0","0","0","0","0","0","0","0","0","0","0","0","0","0","0","0","0","0","0","0","0","31","21","28","31","24","19","21","16","15","14","27","45","65","102","48","118","70","46","43","54","76"
198,"1","1","1","1","1","2","2","2","2","2","2","2","2","2","2","2","1","1","1","1","1","447","451","435","445","425","502","556","544","559","700","567","564","519","490","544","510","440","381","420","328","302"
199,"2","1","1","2","2","3","3","2","3","3","4","4","4","4","6","6","6","5","4","4","4","625","508","554","644","751","1,118","1,112","949","1,048","1,122","1,350","1,532","1,535","1,522","2,283","2,272","2,175","1,804","1,720","1,554","1,640"
200,"6","9","8","9","9","10","4","4","3","4","5","5","4","3","3","3","2","3","3","4","4","499","816","689","825","824","924","367","402","304","338","462","430","390","295","250","225","224","258","261","349","327"
201,"0","0","0","0","0","0","0","0","0","0","0","0","0","0","0","0","0","0","0","0","0","179","228","192","225","260","293","217","137","97","212","219","239","143","165","150","134","140","183","169","179","182"
202,"2","1","2","2","1","1","5","4","1","1","1","1","1","1","1","1","1","1","1","1","1","397","376","394","410","292","345","1,172","1,072","286","233","215","270","256","317","272","289","236","195","312","349","349"
203,"0","0","0","0","0","0","0","0","0","0","0","0","0","0","0","0","0","0","0","0","0","8","2","6","12","15","13","16","14","6","10","27","12","16","14","14","20","24","17","38","34","24"
204,"0","0","0","0","0","1","2","2","2","1","2","2","2","2","5","5","4","5","7","6","7","37","30","49","56","118","269","451","474","437","305","493","588","592","551","1,209","1,261","1,078","1,128","1,711","1,623","1,792"
205,"0","0","0","0","0","0","0","0","0","1","1","1","1","1","1","1","1","1","1","1","1","143","137","105","110","114","38","130","145","151","177","296","301","283","286","301","309","264","293","281","290","337"
206,"1","1","1","1","1","0","1","1","1","1","1","1","1","1","1","1","1","1","1","1","1","71","74","72","71","73","52","198","178","146","110","70","69","69","106","101","118","97","98","107","160","159"
207,"2","2","2","2","3","2","3","3","4","4","5","5","6","7","9","10","10","10","10","9","10","873","893","864","891","1,272","1,119","1,690","1,549","1,975","2,165","2,406","2,697","2,881","3,744","4,581","4,864","4,884","5,135","4,937","4,508","4,848"
208,"0","0","0","0","0","0","0","0","0","0","1","1","0","0","0","0","0","0","0","0","0","67","71","78","83","63","95","107","119","88","144","484","508","96","85","124","174","173","145","167","148","170"
209,"0","0","0","0","0","0","0","0","0","0","0","0","0","0","0","0","0","0","0","0","0","4","8","2","3","2","19","7","15","13","12","14","18","43","44","201","199","202","188","179","240","322"
210,"6","5","4","4","5","5","5","4","5","5","5","7","7","9","10","10","9","8","7","8","9","990","830","665","704","877","901","895","704","837","910","873","1,139","1,224","1,538","1,724","1,677","1,556","1,466","1,191","1,437","1,619"
211,"0","0","0","0","0","0","0","0","0","0","0","0","0","0","0","0","0","0","0","0","0","45","51","40","60","45","35","47","39","39","43","25","55","11","12","26","43","47","43","53","75","69"
212,"8","8","10","11","12","9","10","9","9","8","9","10","10","11","11","12","12","11","10","11","12","4,523","4,459","5,272","5,672","6,246","4,688","5,607","4,696","4,583","4,332","4,870","5,261","5,192","5,625","5,990","6,256","6,194","5,780","5,114","5,621","6,538"
213,"18","18","16","17","17","16","17","16","16","16","21","17","18","20","25","24","24","25","23","23","24","5,912","5,782","5,187","5,606","5,555","5,147","5,583","5,249","5,150","5,230","6,692","5,502","5,902","6,566","7,924","7,609","7,617","7,927","7,313","7,473","7,914"
215,"0","0","0","0","0","0","0","0","0","0","0","0","0","0","0","0","0","0","0","0","0","104","45","25","36","36","49","54","43","36","40","40","32","81","26","30","27","31","26","31","32","36"
216,"0","1","1","1","0","0","1","1","1","0","0","0","0","0","0","1","0","0","0","1","1","49","117","118","139","59","59","104","129","120","34","55","42","43","54","56","198","56","65","99","109","182"
217,"0","0","0","0","0","0","0","0","0","0","0","0","0","0","0","0","0","0","0","0","0","58","51","42","34","35","52","59","72","72","74","43","39","42","58","59","79","63","72","60","83","121"
218,"1","1","0","1","1","0","0","0","0","0","1","1","1","1","1","1","1","1","1","1","1","287","317","242","394","416","246","207","223","161","228","346","380","336","313","348","341","283","286","286","277","275"
219,"2","2","2","2","3","2","2","2","3","3","3","3","3","3","3","3","3","3","4","3","4","2,331","2,387","2,652","2,646","2,807","2,757","2,592","2,797","3,060","3,392","3,441","3,338","3,245","3,228","3,522","3,533","3,266","3,911","4,168","3,617","3,928"
220,"0","0","0","0","0","1","1","1","1","1","1","1","1","1","1","1","1","0","0","0","0","191","179","195","193","208","275","301","262","272","284","290","304","310","443","431","323","399","161","174","162","173"
221,"3","3","2","2","2","3","2","2","2","1","1","1","1","1","1","1","1","1","1","1","1","1,178","1,127","1,015","1,035","1,001","1,121","747","705","668","390","438","447","454","507","435","467","356","330","355","431","488"
222,"0","0","0","0","0","0","0","0","0","0","0","0","0","0","0","0","0","0","0","0","0","29","22","54","50","78","73","72","65","68","76","78","60","65","65","67","69","94","100","86","104","153"
223,"0","0","0","0","0","0","0","0","0","0","0","0","0","0","0","0","0","0","0","0","0","113","98","63","65","70","100","75","88","51","70","31","65","73","76","70","64","65","74","70","78","102"
224,"1","1","1","1","1","1","1","1","1","1","1","1","1","1","0","0","1","1","1","1","1","224","251","263","293","327","299","339","300","264","200","232","227","219","229","186","176","330","324","326","304","350"
225,"0","0","0","0","0","0","0","0","0","0","0","0","1","1","1","0","0","0","0","0","0","146","361","145","91","111","64","91","95","70","92","507","477","997","788","828","275","302","307","294","182","200"
226,"0","0","0","0","0","0","0","0","0","0","0","0","2","2","0","1","1","1","0","0","0","17","22","20","19","22","18","46","37","19","12","18","17","178","271","43","61","81","64","24","36","35"
227,"0","0","0","0","0","0","0","0","0","0","0","0","0","0","0","0","0","0","0","1","0","51","55","54","84","56","58","97","87","154","148","83","106","107","109","61","60","49","55","59","646","96"
228,"0","0","0","0","0","0","0","0","0","0","0","0","0","0","0","0","0","0","0","1","1","12","20","18","22","23","35","22","22","24","76","67","72","68","65","73","70","60","301","395","526","599"
229,"0","0","0","0","0","0","0","0","0","0","0","0","0","0","0","0","0","0","0","0","1","157","176","145","144","162","82","70","66","46","73","154","161","143","153","126","139","142","126","133","118","814"
230,"3","0","0","0","0","0","0","0","1","1","1","1","1","0","0","0","1","1","1","0","0","790","25","21","52","57","88","51","41","239","343","227","243","215","101","104","102","175","166","104","95","88"
231,"0","0","0","0","0","0","0","0","0","0","1","1","1","1","1","1","1","1","1","1","1","300","207","278","321","318","318","390","342","484","474","674","724","846","815","825","736","762","805","842","759","837"
232,"0","0","0","0","0","0","0","0","0","0","0","0","0","0","0","1","1","1","1","1","1","9","11","20","37","44","48","48","49","48","81","130","135","130","181","189","320","397","413","301","481","654"
233,"1","0","0","0","1","1","1","1","2","2","2","2","2","2","3","3","3","3","3","4","5","390","160","208","329","571","748","970","970","1,246","1,399","1,618","1,621","1,594","1,613","1,890","1,976","2,198","2,158","2,186","2,340","3,275"
234,"1","1","1","1","1","1","1","1","1","1","1","1","1","1","1","1","1","1","1","1","1","1,459","1,850","1,786","1,170","1,200","1,262","1,729","1,350","1,167","1,197","783","831","862","869","760","802","743","788","778","1,055","1,172"
235,"0","0","0","0","0","0","0","0","0","0","0","0","0","0","0","0","0","0","0","0","0","176","231","227","227","227","131","225","204","151","146","242","229","193","206","219","219","211","214","177","176","197"
236,"1","1","1","1","1","1","0","1","0","1","1","1","1","1","1","1","1","1","1","1","1","445","441","428","454","439","369","344","376","335","433","618","605","604","641","655","696","602","614","693","671","965"
237,"0","1","0","1","0","0","0","0","0","0","0","0","0","0","0","0","0","0","0","0","0","432","528","462","480","465","189","228","257","202","225","385","394","340","358","366","349","322","379","364","369","375"
238,"2","2","2","2","3","3","0","0","0","0","0","0","0","0","1","1","1","1","1","1","1","1,288","1,246","1,265","1,345","1,425","1,674","252","270","157","105","99","118","137","209","773","629","607","564","567","557","566"
240,"3","3","2","2","2","2","2","2","2","2","2","1","2","2","1","2","1","1","2","3","4","1,118","1,165","821","863","909","867","770","622","680","614","601","498","719","620","588","690","505","549","937","1,062","1,442"
241,"0","0","0","0","0","0","0","0","0","0","0","1","0","0","0","1","0","0","0","0","0","179","159","135","184","205","143","128","117","112","176","273","288","245","250","257","330","268","276","277","264","261"
242,"0","0","0","0","0","0","0","0","0","0","0","0","0","0","0","0","0","0","0","0","0","0","0","0","0","1","3","10","8","25","42","8","4","8","4","8","21","18","16","19","10","83"
243,"0","0","0","0","0","0","0","0","0","0","0","0","0","0","0","0","0","0","0","0","0","1","1","1","1","2","3","3","0","0","0","2","2","3","2","3","1","2","12","8","8","19"
244,"0","0","0","0","0","0","0","0","0","0","0","0","0","0","0","0","0","0","0","0","0","130","127","97","193","180","106","165","156","82","148","16","19","19","22","14","21","16","16","22","24","47"
245,"1","1","1","1","1","1","1","1","1","1","1","1","1","1","1","0","0","0","1","1","1","116","141","134","148","105","121","128","94","91","118","102","97","91","97","90","73","67","75","89","110","121"
246,"2","2","2","2","2","2","3","2","2","2","2","2","2","3","3","3","3","3","3","3","3","468","596","659","687","685","706","717","678","648","649","632","671","703","737","852","844","828","780","809","777","974"
247,"4","4","5","4","3","3","4","3","3","3","3","4","4","5","7","7","4","4","4","6","4","523","568","690","513","407","429","527","432","348","330","362","474","575","662","872","930","532","520","556","732","569"
248,"4","4","5","4","4","4","4","4","4","2","2","2","1","2","2","2","2","1","1","1","1","664","660","728","638","699","658","628","627","606","251","320","297","238","278","326","311","272","210","186","161","194"
249,"2","2","1","2","2","1","1","1","1","1","3","3","3","3","2","3","2","2","2","2","2","216","242","182","240","248","165","165","160","134","187","360","368","341","328","298","331","285","277","305","252","256"
250,"0","0","0","0","0","0","0","0","0","0","0","0","0","0","0","0","0","0","1","1","1","25","18","23","20","23","21","17","18","18","17","24","46","64","21","36","72","86","90","223","190","243"
251,"0","0","0","0","0","0","0","0","0","0","0","0","0","0","0","0","0","0","0","0","0","5","4","3","4","3","4","38","24","44","30","53","73","92","62","61","99","105","72","77","74","105"
252,"0","0","0","0","0","1","0","0","0","0","1","1","1","1","0","0","0","0","0","0","0","32","32","50","48","48","128","59","53","60","36","245","243","244","237","25","17","35","36","49","64","65"
253,"1","1","1","1","1","2","2","1","2","4","3","4","6","7","7","10","10","10","11","11","12","547","617","660","743","777","1,095","971","749","1,601","2,701","2,009","2,540","3,704","4,404","4,708","6,401","6,408","6,113","7,047","7,053","7,535"
254,"6","6","6","6","7","7","8","5","7","8","8","9","9","11","11","11","11","11","11","10","11","7,824","7,850","8,079","8,888","9,854","10,314","11,356","7,377","9,957","11,438","11,788","12,330","12,169","15,566","15,853","15,613","16,115","15,207","15,011","14,425","14,999"
255,"1","1","1","1","2","2","1","0","1","1","1","1","1","0","1","0","0","0","1","2","1","485","423","508","609","818","798","252","229","256","244","258","266","370","236","263","211","187","144","561","722","644"
256,"0","0","0","0","0","0","0","0","0","0","0","0","0","0","0","0","0","0","0","0","0","64","51","47","63","75","123","123","103","162","143","139","136","220","215","221","242","275","314","467","475","580"
257,"0","0","0","0","0","0","0","0","0","0","1","1","1","1","1","1","1","1","1","1","1","82","82","87","226","191","119","228","255","422","557","1,124","1,176","1,115","1,166","1,389","1,604","1,526","1,339","1,331","1,180","1,359"
258,"0","0","0","0","0","0","0","0","0","0","0","0","0","0","0","0","0","0","0","0","1","210","230","254","273","301","286","299","320","316","304","343","366","366","323","339","368","260","273","391","371","429"
259,"4","3","1","2","2","2","2","2","1","0","0","0","0","0","0","0","0","0","0","0","0","1,559","1,251","222","855","765","850","869","748","477","139","108","106","103","125","82","81","85","93","101","92","90"
260,"2","1","2","2","2","2","2","2","2","3","3","3","3","3","3","3","3","3","3","3","3","2,699","2,045","2,810","3,129","3,259","3,247","3,285","2,871","3,101","3,986","4,146","3,933","4,009","4,052","4,274","4,438","4,352","4,547","4,576","4,321","4,472"
261,"0","0","0","0","0","0","0","0","0","0","0","0","0","0","0","0","0","0","0","0","0","31","73","73","30","33","23","38","27","29","73","47","55","61","57","59","64","64","59","89","135","218"
262,"0","0","0","0","0","0","0","0","0","0","0","0","0","0","0","0","0","0","0","0","0","139","271","150","187","184","302","111","80","83","91","227","181","168","267","301","310","258","278","275","335","302"
263,"0","0","0","0","0","0","0","0","0","0","0","0","0","0","0","0","0","0","1","1","0","95","57","44","37","72","105","155","149","198","212","215","198","210","159","211","233","264","285","388","334","290"
264,"0","0","0","0","0","0","2","2","0","0","0","0","0","0","0","0","0","0","0","0","0","26","102","96","18","35","63","580","631","48","47","60","68","58","65","78","75","74","72","81","71","114"
265,"0","0","0","0","0","0","0","1","0","0","1","1","0","0","0","0","1","1","1","0","0","86","67","63","70","75","117","110","141","109","119","144","145","127","113","109","95","183","182","168","122","121"
266,"0","0","0","0","0","0","0","0","0","0","0","0","0","0","0","0","0","0","0","0","0","151","142","176","184","210","127","105","101","166","93","273","259","248","260","255","271","246","236","271","252","332"
267,"1","1","1","1","1","1","1","1","1","1","1","2","2","2","2","2","2","2","2","2","2","1,643","1,420","1,287","1,502","1,863","1,818","1,547","1,668","1,620","2,456","2,742","3,055","3,520","3,799","3,723","3,775","3,638","3,423","3,517","3,386","3,455"
268,"0","0","0","0","0","0","0","0","0","0","0","0","0","0","0","0","0","0","0","0","0","46","29","34","21","8","15","8","11","13","21","22","14","45","15","23","17","19","24","26","43","44"
269,"1","1","1","1","1","1","1","1","1","1","1","2","2","2","2","2","2","2","2","2","2","418","307","376","436","532","573","597","577","575","634","650","713","763","881","872","956","978","982","1,011","948","970"
270,"3","3","3","3","4","3","4","3","3","6","6","7","6","5","8","8","5","6","8","9","10","291","307","298","279","362","314","352","286","277","557","573","610","541","453","722","754","462","571","695","852","902"
271,"1","1","0","1","0","0","1","0","0","0","0","0","0","0","0","0","0","0","0","0","0","152","87","84","88","81","74","87","79","70","4","4","6","2","3","2","4","6","5","3","10","17"
272,"6","6","6","6","7","6","5","4","4","5","4","4","5","6","6","6","5","6","5","5","5","3,231","3,167","3,035","3,347","3,657","3,214","2,617","2,226","2,186","2,577","2,267","2,078","2,473","2,981","2,928","2,924","2,712","2,988","2,844","2,723","2,837"
273,"0","0","0","0","0","0","0","0","0","0","0","0","0","0","0","0","0","0","0","0","0","14","8","8","7","6","26","26","46","20","11","45","96","53","51","28","16","214","38","64","69","86"
274,"11","9","10","11","11","15","14","11","10","9","9","8","8","22","23","27","31","27","26","26","28","1,367","1,050","1,250","1,323","1,355","1,867","1,661","1,270","1,200","1,109","1,055","987","972","2,659","2,754","3,286","3,795","3,213","3,264","3,221","3,437"
275,"2","2","2","2","2","2","1","1","1","1","1","1","1","1","1","1","1","1","1","1","1","766","754","853","936","973","936","561","562","416","372","437","415","402","444","563","512","367","347","390","371","328"
276,"0","0","0","0","0","0","1","0","0","0","0","0","1","0","0","0","1","0","1","1","1","53","82","80","69","101","141","211","136","57","61","98","141","212","199","203","195","210","201","206","244","348"
277,"0","0","0","0","0","0","0","0","0","0","0","0","0","0","0","0","0","0","0","0","0","4","6","5","14","40","32","17","24","24","42","82","98","130","99","112","121","69","83","100","113","93"
278,"1","2","1","1","1","1","1","1","1","1","1","1","2","2","2","1","1","1","1","2","2","207","324","226","215","248","194","128","118","153","93","190","196","283","316","282","234","178","211","194","298","307"
279,"0","1","1","1","0","0","1","1","2","5","0","0","0","1","2","2","1","1","1","0","0","54","100","77","79","51","58","91","104","231","558","20","27","53","77","215","217","176","172","65","10","13"
280,"3","3","3","3","3","3","3","3","3","3","3","3","3","3","3","3","3","3","3","3","4","2,702","2,582","2,732","2,890","2,846","2,935","2,674","2,518","2,754","2,772","2,968","2,990","2,867","2,801","2,812","2,629","2,677","2,856","2,840","2,957","4,005"
281,"2","2","3","3","3","4","4","4","4","6","4","4","5","4","4","4","4","4","4","5","5","433","457","588","609","650","692","783","689","680","1,031","679","775","1,014","812","661","771","708","727","845","970","953"
282,"0","0","0","0","0","0","0","0","0","0","0","0","0","0","0","0","0","0","0","0","0","4","6","6","6","2","7","24","27","50","37","54","53","87","105","89","80","83","83","93","87","78"
283,"0","0","0","0","0","0","0","0","0","0","0","0","0","0","0","0","0","0","0","0","0","100","99","88","84","53","55","50","59","82","49","34","72","80","82","95","125","77","85","100","96","61"
284,"0","0","0","0","0","0","0","0","0","0","0","0","0","0","0","0","1","1","1","2","2","31","44","61","84","77","94","32","41","30","116","136","149","149","185","191","278","694","958","1,128","1,459","1,784"
285,"5","4","4","4","4","5","4","4","4","4","4","5","5","5","5","5","4","4","4","4","5","12,526","12,095","11,125","10,626","12,090","12,639","11,352","10,033","11,589","11,595","12,374","13,344","13,990","13,561","12,842","12,692","12,059","12,000","11,974","12,274","13,521"
286,"0","1","0","1","1","1","0","0","1","1","1","1","1","1","1","1","1","1","2","4","5","479","1,152","787","874","855","883","360","704","1,677","1,604","1,413","1,386","1,265","1,526","1,561","1,701","2,070","2,007","2,493","7,280","8,401"
287,"6","7","6","7","7","7","7","6","7","7","8","8","8","9","8","8","7","7","7","7","7","9,398","10,233","9,748","10,045","10,502","11,218","10,147","9,170","10,024","10,955","11,779","11,806","11,724","13,272","12,871","11,769","11,117","10,893","10,898","11,037","10,471"
288,"3","3","3","4","4","4","0","0","4","4","0","0","0","1","1","1","1","1","1","1","1","1,843","1,933","1,909","2,029","2,033","2,240","276","286","2,313","2,217","240","243","280","325","374","382","434","532","326","369","435"
289,"0","0","0","0","0","0","0","0","0","1","1","1","1","1","1","1","1","1","1","1","1","9","4","6","8","49","236","452","446","522","695","990","1,291","1,350","1,351","1,478","1,436","1,314","1,472","1,546","1,608","1,657"
290,"11","11","11","11","11","12","10","9","8","9","10","10","10","11","13","13","12","12","13","13","15","8,936","9,180","8,917","9,585","9,508","10,307","8,674","7,808","6,658","7,551","8,327","8,570","8,789","9,197","11,121","10,673","10,363","10,130","10,731","11,085","12,312"
291,"1","1","1","0","1","1","1","1","1","0","0","0","0","0","0","0","0","0","0","0","1","141","124","101","32","190","176","190","175","175","37","36","37","38","62","37","24","41","60","49","73","100"
292,"1","1","1","2","2","2","1","1","2","1","1","1","1","1","1","1","1","1","1","2","1","424","313","224","498","513","513","443","400","513","310","325","394","351","362","348","272","351","402","384","536","375"
293,"1","1","1","1","2","1","1","1","1","1","1","1","1","1","0","0","0","0","0","1","1","146","145","145","125","176","161","162","108","72","101","113","107","104","101","50","53","44","36","38","60","131"
294,"1","1","1","1","1","0","1","1","1","1","1","1","1","1","1","1","1","1","1","1","1","387","284","314","461","463","156","208","211","239","311","480","490","446","441","324","332","345","337","339","289","325"
295,"1","1","1","1","1","0","0","0","0","0","1","2","1","0","0","0","0","0","0","0","0","56","66","66","64","75","16","11","22","28","20","144","170","59","22","17","10","20","30","29","32","12"
296,"0","0","0","0","0","0","0","0","0","0","0","0","0","0","0","0","0","0","0","0","0","20","20","19","12","20","15","22","22","18","49","72","94","79","52","62","74","58","66","82","124","119"
297,"1","1","1","1","1","2","2","2","1","2","2","2","2","2","2","2","1","2","1","1","1","62","96","114","99","99","185","171","157","135","177","157","178","174","174","178","173","147","159","153","77","115"
298,"9","9","8","9","9","9","10","8","8","9","9","9","8","8","9","10","8","9","9","10","10","2,250","2,289","2,131","2,231","2,221","2,219","2,477","2,021","2,091","2,258","2,316","2,362","1,975","2,098","2,181","2,449","2,102","2,177","2,178","2,408","2,448"
299,"0","0","0","0","0","0","0","0","0","0","0","0","0","0","1","1","0","0","0","0","1","135","126","141","137","149","152","120","119","145","125","125","105","131","121","291","301","205","230","241","222","260"
300,"7","8","5","5","5","5","5","4","5","8","9","9","6","5","6","6","5","5","4","5","5","3,464","3,573","2,302","2,381","2,578","2,374","2,348","2,111","2,140","3,762","4,072","4,263","2,604","2,477","2,641","2,630","2,432","2,183","2,046","2,300","2,290"
301,"0","0","0","0","0","0","0","0","0","0","0","0","0","0","0","0","0","0","0","0","0","71","69","77","75","76","19","15","14","13","15","16","23","31","37","52","29","35","49","53","47","26"
302,"0","0","0","0","0","0","0","0","0","0","0","0","0","0","0","0","0","0","0","0","1","106","116","108","103","121","54","42","59","45","60","111","115","121","135","149","168","162","110","130","134","195"
303,"4","4","4","5","4","4","4","4","4","4","5","5","6","6","6","6","6","6","7","6","8","755","872","876","917","811","871","880","889","868","873","992","1,097","1,261","1,184","1,242","1,144","1,151","1,218","1,299","1,266","1,576"
304,"3","3","3","3","3","1","2","2","2","2","2","2","2","2","2","2","3","1","1","1","1","232","225","199","222","219","36","151","114","113","139","119","107","126","111","114","126","173","48","46","66","82"
305,"0","0","0","0","0","0","0","0","0","0","0","0","0","0","0","0","0","0","0","0","0","31","26","25","18","10","10","11","20","25","27","34","26","24","25","23","35","27","25","22","39","45"
306,"4","3","4","4","5","6","6","6","7","6","7","7","6","7","5","5","5","5","6","6","6","2,677","1,935","2,409","2,942","3,409","4,156","3,975","3,787","4,476","4,027","4,761","4,933","4,321","4,442","3,146","3,182","3,101","3,212","3,733","3,910","4,325"
307,"0","0","1","1","1","2","2","2","3","4","3","4","4","4","4","3","3","4","4","4","4","157","247","344","494","592","947","1,261","1,252","1,340","1,849","1,667","2,081","2,127","2,118","1,949","1,660","1,778","1,806","1,894","2,062","2,317"
308,"0","0","0","0","0","0","0","0","0","0","0","0","1","1","2","2","2","2","0","0","0","10","2","10","13","25","13","13","21","6","40","67","65","143","142","435","395","451","406","114","87","109"
309,"0","0","0","0","0","0","0","0","0","0","0","0","0","0","0","0","0","0","0","0","0","73","154","164","153","39","54","47","37","27","41","54","54","64","70","85","219","68","74","76","95","133"
310,"1","1","2","2","1","3","3","2","2","3","1","2","3","2","3","3","3","2","2","2","2","599","545","676","908","522","1,024","1,114","955","985","1,033","565","951","1,051","972","1,220","1,246","1,026","949","953","897","1,013"
311,"1","1","1","1","1","0","0","0","0","0","0","0","1","1","1","1","1","1","1","1","1","219","216","216","237","203","72","61","80","55","94","163","165","210","220","234","239","237","223","238","291","436"
312,"0","0","0","0","0","0","0","0","0","0","0","0","0","0","1","1","0","0","0","0","0","75","41","46","63","58","72","45","45","39","35","6","9","1","6","186","185","3","11","9","13","15"
313,"2","2","2","3","3","4","3","2","2","2","2","2","2","2","3","2","4","4","4","5","5","1,504","1,429","1,565","1,988","2,161","2,430","1,830","1,530","1,459","1,547","1,544","1,533","1,384","1,478","1,672","1,533","2,399","2,631","2,611","3,109","2,945"
314,"1","0","1","1","1","0","0","0","1","1","0","0","0","0","1","1","0","0","0","0","0","171","146","203","235","213","157","143","153","265","247","98","88","98","74","263","283","70","59","37","47","76"
315,"4","5","4","4","5","4","4","3","2","3","2","3","3","3","4","4","3","3","3","4","5","977","1,180","912","853","1,134","918","868","726","584","672","557","667","749","833","948","1,016","835","833","793","1,070","1,129"
316,"2","2","2","2","1","1","1","1","1","2","2","2","3","2","2","2","2","2","2","2","2","829","1,055","972","1,030","645","571","605","609","611","673","951","1,026","1,088","935","995","1,046","1,023","1,000","1,017","1,035","928"
317,"1","0","0","0","0","0","0","0","1","1","1","1","1","1","1","1","1","1","1","1","1","88","70","66","81","76","74","82","63","96","100","93","114","110","116","136","140","102","107","121","127","149"
318,"0","0","0","0","0","0","0","0","0","0","0","0","0","0","0","0","1","1","1","1","1","113","131","120","150","131","159","120","118","112","121","118","176","180","184","156","184","201","209","243","247","277"
319,"2","2","2","2","2","3","3","2","2","2","2","2","3","3","3","3","3","3","3","3","3","1,662","1,632","1,610","1,721","1,623","1,917","1,947","1,676","1,576","1,218","1,514","1,558","1,956","2,117","2,161","2,087","1,864","1,932","2,148","2,179","2,153"
320,"4","4","3","3","3","2","2","2","2","3","3","4","4","4","3","5","4","5","6","6","6","998","1,051","723","778","741","644","647","632","652","684","913","1,011","1,105","940","861","1,208","1,183","1,405","1,697","1,570","1,631"
321,"0","0","0","0","1","1","0","0","0","0","0","0","0","0","0","0","1","1","1","1","1","103","91","106","104","129","117","82","54","51","53","85","74","79","80","80","98","132","127","153","136","209"
322,"0","0","0","0","0","0","0","0","0","0","0","0","0","0","0","0","0","0","0","0","0","11","20","20","33","20","30","14","16","16","23","32","17","19","8","16","13","16","4","7","8","8"
323,"2","2","2","2","2","2","2","2","2","2","2","2","2","2","2","2","2","2","2","2","2","853","877","902","936","949","947","986","926","864","899","939","953","974","959","948","921","960","939","965","1,077","1,166"
324,"0","0","0","0","0","0","0","0","0","0","0","0","0","0","0","0","0","0","0","0","0","266","290","273","320","340","282","340","313","302","146","223","245","246","286","211","285","279","272","277","297","254"
325,"0","0","0","0","0","0","0","0","0","0","0","0","0","0","0","0","0","0","0","0","0","120","156","171","181","124","77","102","111","92","107","99","99","104","90","129","122","151","132","148","120","98"
326,"0","0","0","0","0","0","0","0","0","0","0","0","0","0","0","0","0","0","0","0","0","51","42","31","32","30","28","18","8","18","22","22","23","25","36","49","46","31","41","55","71","67"
327,"2","2","2","2","2","2","2","2","2","2","2","2","1","1","2","2","2","2","2","2","2","415","366","417","395","432","466","465","437","435","397","374","369","321","336","377","406","421","449","501","502","486"
328,"2","2","2","2","2","1","2","2","2","2","2","2","2","2","1","1","1","1","2","1","1","1,374","1,325","1,333","1,292","1,184","1,091","1,240","1,655","1,682","1,145","1,232","1,214","1,229","1,291","1,020","995","966","1,062","1,142","1,017","913"
329,"1","0","0","1","1","0","0","0","0","0","0","1","1","1","0","0","0","0","0","0","0","313","219","207","335","344","203","190","195","181","167","219","296","284","324","105","102","102","96","113","155","118"
330,"0","0","0","0","0","1","1","0","0","0","0","0","0","0","0","0","0","0","0","0","0","232","250","240","258","260","322","310","245","204","183","229","179","175","222","214","242","237","228","296","143","197"
331,"2","2","2","2","2","2","3","3","3","4","4","6","5","5","6","7","6","6","5","5","5","3,158","2,470","2,539","2,807","2,907","3,088","3,831","3,837","3,859","5,118","5,793","7,227","6,401","6,928","7,734","8,976","7,809","7,879","5,894","6,438","6,869"
332,"0","0","0","0","0","0","0","0","0","0","0","0","0","0","0","0","0","0","0","0","0","80","69","43","129","175","217","206","208","161","92","137","172","127","167","175","108","82","139","247","186","210"
333,"11","9","8","9","8","0","0","0","0","0","0","0","0","0","0","0","0","0","0","0","1","6,802","5,797","5,246","5,416","5,110","90","92","83","80","240","88","111","75","108","124","103","128","113","191","152","322"
334,"25","24","22","22","19","20","20","19","14","27","27","29","30","10","34","35","35","37","40","44","42","10,040","9,485","8,783","8,614","7,714","7,843","8,004","7,409","5,434","10,693","10,782","11,447","11,848","4,061","13,481","13,920","14,045","14,910","15,741","17,501","16,498"
335,"0","0","0","0","0","0","0","0","0","0","0","0","1","1","1","1","1","1","1","1","1","44","46","56","79","61","83","118","186","267","322","326","368","631","630","707","798","728","741","843","846","1,088"
336,"0","0","0","0","0","0","0","0","0","0","0","0","0","0","1","1","1","1","0","0","0","121","30","105","111","124","159","102","103","138","202","535","506","656","711","840","872","1,039","824","705","540","649"
337,"0","0","0","0","0","0","0","0","0","0","0","0","0","0","0","0","0","0","0","0","0","12","8","5","9","19","14","10","14","61","94","82","101","95","90","61","60","71","83","95","109","98"
338,"10","12","13","15","8","8","9","7","7","8","7","7","7","7","7","8","7","7","10","10","10","1,456","1,823","1,942","2,266","1,293","1,279","1,342","1,078","1,082","1,169","1,014","1,010","1,029","1,060","1,139","1,157","1,118","1,073","1,495","1,523","1,588"
339,"8","9","8","8","8","9","10","10","9","9","7","9","10","10","10","10","11","12","15","20","24","2,063","2,200","2,057","1,971","1,996","2,340","2,640","2,444","2,158","2,230","1,851","2,193","2,612","2,611","2,511","2,452","2,775","3,004","3,746","5,048","5,996"
343,"1","1","1","1","1","1","1","1","1","1","2","2","2","2","2","2","2","2","3","3","3","182","314","375","261","287","216","224","316","250","266","533","545","579","547","581","642","559","562","650","703","801"
344,"2","2","2","2","1","1","1","1","1","2","2","2","2","2","2","2","2","2","2","2","1","544","562","464","467","348","300","316","378","363","444","444","408","400","418","399","476","414","412","435","395","308"
345,"0","0","0","0","0","1","0","0","1","1","1","0","1","1","0","0","0","0","0","0","0","221","252","273","271","320","371","318","310","419","490","435","292","361","391","281","308","320","264","266","256","284"
346,"1","2","2","2","1","2","1","1","1","1","2","3","3","3","3","3","3","4","4","2","3","931","1,220","1,217","1,146","919","1,095","996","947","801","881","1,776","2,282","2,482","2,480","2,509","2,500","2,386","2,592","2,748","1,351","2,079"
347,"4","4","3","4","4","4","4","4","4","3","4","4","4","4","5","5","2","2","2","2","3","519","498","479","497","503","523","552","561","519","481","629","612","602","621","663","675","307","313","288","225","358"
348,"0","0","0","0","0","0","0","0","0","0","0","0","0","0","0","0","0","0","0","0","0","340","369","356","360","363","214","199","207","162","214","270","317","413","362","353","320","340","329","317","292","270"
349,"0","0","0","0","0","0","0","0","0","0","0","0","0","0","0","0","0","0","0","0","0","47","33","36","49","100","47","40","50","79","86","44","51","81","68","100","90","44","35","55","83","123"
350,"2","2","1","1","2","3","3","2","2","2","2","2","2","2","2","2","2","2","2","2","2","579","573","392","466","527","780","831","594","512","593","594","623","609","604","672","655","613","622","680","706","771"
351,"0","0","0","0","0","0","0","0","0","0","0","0","0","0","0","0","0","0","0","0","0","12","8","10","20","19","17","28","18","17","21","19","35","23","34","27","26","27","31","44","44","43"
352,"0","0","0","0","0","0","0","0","0","1","0","0","0","0","0","0","0","0","0","1","0","100","87","101","92","78","48","91","96","103","185","82","74","82","113","112","119","107","98","122","135","120"
353,"0","0","0","1","0","0","0","0","0","1","1","1","1","1","1","1","1","1","1","1","1","192","212","313","357","317","246","223","205","274","362","505","510","527","475","579","593","547","696","702","783","756"
354,"6","5","6","6","7","8","7","6","8","8","7","7","7","7","7","7","7","7","8","9","7","1,625","1,346","1,455","1,518","1,735","1,978","1,817","1,555","1,958","1,949","1,878","1,737","1,738","1,815","1,770","1,845","1,766","1,747","2,062","2,180","1,874"
355,"6","4","5","6","7","10","9","8","8","11","11","12","13","13","13","14","16","17","17","14","13","3,541","2,631","3,317","3,637","4,629","6,557","5,568","5,078","5,316","7,236","7,191","7,708","8,039","8,454","8,264","9,012","10,359","11,013","10,647","8,751","8,413"
356,"0","1","1","1","1","2","1","1","1","1","1","1","2","3","2","3","2","2","2","2","2","435","512","559","708","823","1,481","926","875","1,186","875","1,038","1,097","1,535","2,757","2,412","2,501","2,268","2,309","1,837","1,964","2,415"
357,"2","2","2","2","2","2","2","2","2","3","2","2","3","2","2","2","2","2","2","2","2","682","538","638","745","726","642","740","739","706","1,030","681","791","865","798","732","783","650","721","714","629","585"
358,"13","14","13","15","16","16","16","15","14","16","18","18","18","19","20","19","18","19","20","18","19","10,555","11,471","11,014","12,277","12,806","13,204","13,327","12,249","11,857","12,951","14,591","14,842","14,465","15,884","16,316","15,613","14,928","15,269","16,458","15,227","15,909"
359,"1","1","1","1","1","1","1","1","1","1","1","1","1","1","1","2","1","1","1","1","1","281","326","390","386","382","404","424","403","434","498","490","520","562","529","580","633","473","463","572","551","551"
360,"0","0","0","0","0","0","0","0","0","0","0","0","0","0","0","0","0","0","0","0","0","197","140","151","164","185","220","179","176","211","76","167","178","176","171","229","228","176","212","244","268","319"
361,"5","4","4","4","4","4","4","4","3","3","3","4","5","5","5","6","5","5","6","8","8","2,319","1,963","1,926","1,996","2,157","2,022","2,031","1,883","1,517","1,590","1,705","1,884","2,267","2,460","2,724","2,749","2,593","2,545","2,963","3,831","3,857"
362,"2","1","1","2","2","2","2","2","3","2","2","2","2","3","2","2","2","2","2","2","2","1,446","1,139","1,176","1,530","1,669","1,938","1,833","1,464","2,044","1,737","1,733","1,665","1,982","2,256","1,761","1,877","1,761","1,659","1,704","1,771","1,887"
363,"3","3","3","3","3","3","3","3","2","2","3","3","3","3","5","5","5","5","5","5","5","3,713","3,433","3,583","3,915","4,059","3,682","3,913","3,408","3,223","3,288","3,731","4,188","4,249","4,556","6,658","6,466","6,392","6,439","6,357","6,636","6,323"
364,"2","2","2","2","2","2","2","2","2","2","2","2","2","2","2","2","2","2","2","2","2","901","1,043","1,023","981","1,054","1,159","1,159","1,045","1,097","1,015","792","775","871","941","1,027","930","895","794","800","782","1,193"
365,"2","2","1","1","1","1","1","1","1","1","2","2","1","1","2","2","2","2","2","2","2","551","517","394","364","399","389","329","331","272","319","408","426","361","358","408","451","463","576","531","514","519"
366,"9","7","8","8","7","5","6","4","5","5","6","6","6","7","7","7","6","7","7","7","7","3,013","2,411","2,699","2,616","2,506","1,817","2,222","1,437","1,861","1,912","2,177","2,166","2,156","2,360","2,390","2,496","2,205","2,287","2,555","2,268","2,500"
367,"20","19","20","21","22","24","25","25","25","27","25","20","21","21","21","22","22","21","23","25","26","14,929","13,900","14,518","15,635","16,257","17,893","18,025","18,410","18,387","19,704","18,233","14,796","15,344","15,120","15,490","16,102","16,175","15,645","16,992","18,433","18,904"
368,"3","3","3","3","3","4","4","3","3","3","3","3","5","5","5","5","5","5","5","4","4","3,502","3,757","3,340","3,399","3,297","4,396","4,075","3,483","3,000","2,974","3,715","3,731","5,621","5,630","5,904","5,785","5,126","5,009","5,198","4,494","4,715"
369,"7","6","6","6","6","9","8","7","3","4","3","4","3","4","2","2","2","2","2","2","2","2,423","1,970","2,033","2,023","2,114","2,804","2,670","2,152","1,129","1,246","1,108","1,197","1,079","1,217","587","669","776","664","669","754","818"
370,"5","5","5","6","6","6","6","6","6","6","5","6","6","6","6","6","6","6","7","7","7","2,286","2,450","2,475","2,784","2,779","2,828","2,793","2,904","2,739","2,908","2,568","2,819","2,833","2,716","2,798","2,735","2,653","2,791","3,122","3,103","3,080"
371,"1","1","1","1","1","1","1","1","1","1","2","2","2","2","2","2","1","1","2","2","2","1,784","1,602","1,623","1,865","2,074","1,603","1,591","1,584","1,372","1,751","2,230","2,157","2,745","2,787","2,436","2,338","2,036","2,053","2,205","2,155","2,306"
372,"0","0","0","0","0","0","0","0","0","0","1","1","1","1","1","1","1","1","1","1","1","314","390","408","356","471","486","559","380","687","953","1,164","1,231","1,229","1,275","1,342","1,339","1,349","1,304","1,272","1,403","1,494"
373,"1","1","1","1","1","1","1","1","1","1","1","1","1","1","1","1","1","1","1","1","1","717","724","750","842","732","692","675","655","711","761","830","836","859","865","867","901","831","864","944","962","1,029"
374,"0","0","0","0","0","0","0","0","0","0","1","1","1","1","0","0","0","0","0","0","0","147","178","179","174","165","160","155","148","121","81","332","310","293","259","145","158","127","123","131","132","140"
375,"0","0","0","0","0","0","1","0","1","1","0","0","0","0","0","0","0","0","1","1","1","343","299","310","309","333","369","536","487","576","628","408","379","401","380","427","439","452","422","511","871","838"
376,"0","0","0","0","0","0","0","0","0","0","0","0","0","0","0","0","0","0","0","0","0","78","107","134","140","119","128","162","178","223","248","277","278","208","215","225","231","195","224","184","199","154"
377,"0","0","0","0","0","0","0","0","0","0","0","0","0","0","0","0","0","0","0","0","0","16","12","12","18","35","77","63","77","73","112","123","150","245","152","166","136","80","122","130","389","192"
378,"1","1","1","1","1","1","1","1","1","1","2","2","2","2","2","2","2","2","2","2","2","1,219","1,358","1,288","1,165","1,224","1,292","1,262","1,275","1,106","1,226","1,432","1,399","1,517","1,692","1,750","1,563","1,506","1,498","1,690","1,785","2,194"
379,"0","0","0","0","0","0","0","0","0","0","0","0","0","1","1","1","1","1","1","1","1","461","386","378","350","194","350","199","325","376","448","426","467","523","604","641","664","633","823","1,059","1,312","1,489"
380,"0","0","0","0","0","0","0","0","0","0","0","0","1","1","0","1","1","1","1","1","1","136","120","81","188","221","229","265","282","318","408","712","763","1,030","1,101","855","946","947","1,011","1,029","950","1,277"
381,"3","2","1","1","3","2","3","2","2","1","1","1","1","1","1","1","1","1","1","1","2","1,482","865","434","476","1,418","1,210","1,270","932","837","639","738","706","643","544","538","581","631","695","729","729","768"
382,"2","2","2","2","3","3","2","3","2","2","2","2","2","2","2","2","2","2","2","1","1","1,005","932","845","950","1,220","1,172","1,078","1,166","1,015","919","949","923","774","850","859","784","706","664","694","615","583"
383,"1","2","2","2","2","1","1","1","1","1","1","2","1","1","1","1","1","1","1","1","1","895","1,023","1,158","1,036","1,149","872","716","620","684","566","837","992","745","745","853","897","875","751","825","835","767"
385,"1","1","1","1","1","1","0","0","0","0","1","1","1","1","1","1","1","1","1","1","1","426","671","707","644","684","666","341","352","354","333","458","473","441","461","565","623","604","532","529","511","469"
386,"1","1","1","1","1","1","1","1","1","1","1","1","1","1","1","1","1","1","1","1","2","341","321","335","323","342","272","247","247","263","266","267","281","309","252","377","370","376","333","383","404","511"
387,"5","4","4","3","4","3","3","3","3","3","3","3","3","3","4","4","4","4","4","4","4","8,465","7,294","6,518","6,184","6,392","5,641","5,520","4,900","5,318","6,147","5,845","5,331","5,919","5,970","6,425","7,364","7,159","6,915","6,606","6,539","6,597"
388,"3","4","3","4","3","4","4","3","3","3","4","4","4","4","7","7","7","8","9","7","8","1,323","1,529","1,211","1,430","1,324","1,549","1,485","1,187","1,184","1,179","1,533","1,551","1,698","1,724","2,801","2,926","2,741","3,126","3,443","2,885","3,082"
389,"1","1","1","1","1","1","1","1","1","1","1","1","1","1","1","1","1","1","1","1","1","1,102","1,090","1,184","1,268","1,185","969","989","958","1,189","1,186","1,149","1,124","1,142","1,096","1,154","1,132","1,030","917","968","1,259","1,354"
390,"2","3","3","3","2","2","2","2","2","2","2","2","2","2","2","2","2","2","3","2","2","617","902","821","880","638","657","637","597","521","432","649","660","584","583","530","591","543","554","691","608","605"
391,"1","1","1","1","1","1","1","1","1","1","1","1","1","1","1","1","1","1","1","1","1","413","452","523","565","552","568","327","332","350","388","459","519","494","497","476","462","399","364","471","282","351"
392,"2","2","2","2","2","2","2","2","2","2","2","2","2","3","3","3","3","2","3","3","4","2,962","3,036","2,798","2,825","2,907","2,506","2,949","2,959","2,975","3,212","3,404","3,382","3,371","4,354","3,909","3,834","3,751","3,566","4,093","4,401","5,166"
393,"4","4","4","4","4","4","4","4","4","5","6","6","6","6","6","6","6","5","6","6","6","4,053","4,012","3,832","3,735","3,626","3,647","3,644","3,817","4,392","5,334","5,791","6,239","6,462","6,313","6,304","6,156","5,497","5,394","5,883","5,493","5,928"
394,"6","7","7","7","6","1","1","2","1","2","5","5","5","5","1","1","1","1","1","1","1","2,539","2,566","2,609","2,640","2,546","381","443","659","386","890","2,131","1,988","1,964","1,997","418","368","353","335","364","344","355"
395,"1","1","1","1","2","2","1","1","1","2","2","2","2","3","3","3","3","3","4","4","3","752","908","866","896","972","1,090","938","868","893","1,250","1,367","1,516","1,541","1,607","1,821","1,816","1,716","1,841","2,213","2,224","2,114"
396,"0","0","0","0","0","0","0","0","0","0","0","0","0","0","0","0","0","0","0","0","0","65","64","63","68","84","120","77","49","46","68","97","131","89","96","81","92","85","101","131","136","123"
397,"4","3","7","7","9","10","12","9","10","8","9","10","12","9","10","10","10","8","8","9","10","568","452","1,107","1,046","1,349","1,563","1,777","1,365","1,491","1,272","1,355","1,565","1,779","1,350","1,452","1,528","1,445","1,269","1,147","1,360","1,473"
398,"0","0","0","0","0","0","0","0","0","0","0","0","1","2","0","0","0","0","0","0","1","88","83","88","81","85","88","85","90","130","42","80","53","417","494","98","130","121","118","117","129","142"
399,"1","1","2","2","3","3","3","2","2","3","3","4","4","4","5","5","4","4","5","6","6","795","589","1,190","1,385","1,676","1,868","1,749","1,447","1,420","1,758","2,227","2,294","2,345","2,595","3,014","3,558","2,685","2,881","3,288","3,867","3,917"
400,"1","0","1","1","1","1","1","1","1","0","0","0","0","0","0","0","0","0","0","0","0","481","98","441","439","431","415","392","381","373","76","173","173","170","193","160","166","177","172","182","163","186"
401,"0","0","0","0","0","0","0","0","0","0","0","1","0","1","1","1","1","1","1","1","1","337","285","180","330","326","229","220","242","182","235","448","462","375","546","594","624","496","537","740","676","715"
402,"0","0","0","0","0","0","0","0","0","0","0","0","0","0","0","0","0","0","0","0","0","89","113","115","102","138","171","229","181","181","179","185","196","218","281","344","336","336","400","426","472","373"
403,"0","0","0","0","0","0","0","0","0","0","0","0","0","0","0","0","0","1","0","1","1","154","236","227","245","229","236","225","242","225","260","291","326","355","676","755","825","885","915","892","983","1,037"
404,"1","1","1","1","1","1","1","1","1","0","1","1","1","1","1","1","1","1","1","1","1","245","246","310","315","296","270","285","258","220","186","323","319","348","410","393","411","361","439","454","471","539"
405,"0","0","0","0","0","0","0","0","0","0","0","0","0","1","1","1","1","1","1","1","1","29","36","52","54","116","138","132","125","174","193","240","286","243","311","320","318","430","540","628","469","490"
406,"0","0","0","0","0","0","0","0","0","0","0","0","0","0","0","0","0","0","0","0","0","188","176","142","226","295","283","321","226","226","359","446","561","484","483","542","497","419","422","452","554","633"
407,"0","0","0","0","0","0","0","0","0","0","0","0","0","0","0","0","0","0","0","0","1","311","269","338","342","453","373","365","378","357","377","431","488","456","523","540","590","515","553","629","607","905"
408,"1","0","0","1","1","1","1","1","1","1","1","1","1","1","1","1","1","1","1","1","1","725","489","549","635","761","809","984","938","830","905","1,089","950","953","991","1,000","955","976","1,229","1,291","1,339","1,316"
409,"0","0","0","0","0","0","0","0","0","0","0","0","1","1","1","1","1","1","1","1","1","235","248","255","280","328","354","266","203","424","465","468","435","506","626","633","692","640","695","941","981","944"
410,"1","1","1","1","1","1","1","1","2","3","6","1","1","4","5","4","2","2","2","2","3","188","257","236","319","319","282","361","296","544","759","1,675","301","275","985","1,149","1,063","540","560","511","592","760"
411,"2","2","2","2","2","3","3","2","2","2","2","2","2","3","3","3","3","3","4","4","4","869","919","942","1,172","1,202","1,365","1,389","1,205","1,142","909","929","996","1,087","1,386","1,355","1,450","1,587","1,814","1,876","2,140","2,140"
412,"0","0","0","0","0","0","0","0","0","0","0","0","0","0","0","0","0","0","0","0","0","599","310","350","357","614","550","454","343","232","269","271","306","449","333","295","364","313","330","303","285","400"
413,"0","0","0","0","0","0","0","0","0","0","0","0","0","0","1","1","1","1","0","0","1","327","337","350","509","554","563","552","487","362","405","441","499","497","554","594","606","604","598","589","581","667"
416,"3","3","4","5","5","5","6","5","5","7","4","4","4","6","5","5","6","6","7","8","9","687","714","903","999","976","1,140","1,186","1,087","966","1,437","935","898","844","1,262","1,133","1,150","1,340","1,341","1,408","1,675","1,850"
417,"0","0","0","0","0","0","0","1","0","1","1","1","1","0","1","1","1","1","1","1","1","135","113","131","154","205","109","244","344","322","427","405","395","362","258","390","415","394","373","732","655","563"
418,"1","1","1","1","1","1","1","1","1","1","1","1","1","1","1","1","2","2","2","2","2","836","897","991","1,024","1,136","1,104","1,059","1,255","912","890","1,011","1,032","1,072","1,217","1,164","1,210","1,310","1,302","1,568","1,879","1,956"
419,"0","0","0","0","0","1","0","0","0","0","0","0","0","0","1","1","1","1","0","0","0","241","232","238","247","211","334","262","231","169","86","98","115","138","121","568","588","496","469","157","229","253"
420,"0","0","0","0","0","0","1","1","1","0","1","0","0","1","0","0","0","0","0","0","1","279","281","306","344","371","518","813","754","676","510","651","533","581","695","648","539","464","535","592","631","761"
421,"0","0","0","0","0","0","0","0","0","0","0","0","0","0","0","0","0","0","0","0","0","31","44","40","49","41","62","90","52","97","89","53","54","50","38","90","91","86","95","104","141","155"
422,"1","1","1","1","1","1","1","1","1","1","1","2","2","2","2","2","2","2","2","2","2","2,979","2,418","2,664","2,896","3,295","3,314","3,530","3,238","3,153","3,587","4,725","5,408","5,691","5,761","6,150","6,299","6,462","6,584","6,691","6,980","7,480"
423,"0","0","0","0","0","0","0","0","0","0","0","0","0","0","0","0","0","0","0","0","0","515","373","532","342","378","500","591","504","554","475","382","348","604","371","315","372","317","616","892","782","861"
424,"3","2","2","3","3","3","3","3","3","3","2","3","3","3","3","3","2","2","1","1","1","2,873","2,687","2,628","3,396","3,397","3,218","3,151","2,996","3,227","3,434","2,063","3,160","3,559","3,661","3,094","3,510","1,714","1,656","1,600","1,389","1,473"
425,"0","0","0","0","0","0","0","0","0","0","0","0","0","0","0","0","0","0","0","0","0","60","45","46","75","81","103","42","38","45","88","37","39","37","65","56","45","42","36","31","51","59"
426,"3","3","3","3","3","3","3","3","3","2","3","3","3","3","3","3","3","2","3","2","2","1,259","1,739","1,608","1,673","1,443","1,615","1,374","1,253","1,250","1,187","1,278","1,345","1,547","1,511","1,464","1,417","1,306","1,236","1,333","1,225","1,191"
428,"0","0","0","0","0","1","0","0","0","0","0","0","1","1","1","1","1","1","1","1","1","215","185","216","186","215","793","698","580","616","555","547","549","736","711","726","746","726","811","871","842","711"
430,"2","2","2","2","2","1","0","0","0","0","1","1","1","1","1","1","1","1","1","0","0","1,153","1,000","1,373","1,397","1,501","531","240","117","112","203","535","550","581","339","328","348","332","383","371","316","301"
431,"1","1","1","1","1","1","1","1","0","0","0","0","0","0","0","0","0","0","0","0","0","481","535","476","554","567","649","533","447","86","20","38","50","66","69","73","68","42","48","24","44","31"
432,"0","0","0","0","0","0","0","0","0","0","0","0","0","0","0","0","0","0","0","0","0","179","161","162","167","158","196","279","236","164","200","223","201","192","217","175","201","233","278","349","308","378"
433,"0","0","0","0","0","0","0","0","0","0","0","0","0","0","0","0","0","0","0","0","0","14","11","13","17","11","15","14","20","12","25","24","31","33","28","36","40","38","48","48","52","56"
434,"0","0","0","0","0","0","0","0","0","0","0","0","0","0","0","1","1","0","0","0","1","561","568","705","738","999","1,293","1,456","1,068","1,079","1,160","1,056","1,242","1,285","1,334","1,488","2,282","2,109","1,732","1,735","1,678","1,909"
435,"1","1","1","1","1","1","1","1","1","1","2","2","1","1","0","0","0","0","0","0","0","490","420","507","651","684","616","622","603","654","694","723","731","280","258","163","162","180","196","178","148","206"
436,"1","1","1","1","1","1","1","1","1","2","0","0","0","1","0","0","0","0","0","0","0","258","285","232","316","303","326","283","229","541","667","177","180","163","232","119","124","107","119","171","149","155"
437,"0","0","0","0","0","0","0","0","0","0","0","0","0","0","0","0","0","0","0","0","1","183","185","206","229","232","427","572","652","686","541","636","641","597","855","1,068","1,084","1,155","981","1,140","1,386","1,790"
438,"0","0","0","0","0","0","0","0","0","0","0","0","0","0","0","0","0","0","0","0","0","148","175","178","174","157","176","158","152","149","252","467","485","694","753","841","857","953","936","1,003","1,035","976"
442,"0","0","0","0","0","0","0","0","0","0","0","0","1","0","1","1","0","0","0","1","1","102","146","169","160","146","133","132","123","93","94","204","214","235","172","306","244","226","210","184","238","270"
443,"0","0","0","0","0","0","0","0","0","0","0","0","0","0","0","0","0","0","0","0","0","52","32","13","17","30","23","59","42","20","21","27","35","57","41","53","86","93","96","72","73","76"
444,"0","0","0","0","0","0","0","0","0","0","0","0","0","0","0","0","0","0","0","0","0","82","24","26","26","47","38","42","36","39","63","42","51","58","66","52","54","44","35","65","62","61"
445,"0","0","0","0","0","0","0","0","0","0","0","0","0","0","0","0","0","0","0","0","0","81","71","69","98","81","94","73","59","60","64","73","60","187","95","111","112","129","143","135","187","195"
446,"0","0","0","0","0","0","0","0","0","0","0","0","0","0","0","0","0","0","0","0","0","8","3","10","9","29","35","18","23","20","43","39","43","41","29","28","24","27","37","29","42","44"
447,"0","0","0","0","0","0","0","0","0","0","0","0","0","0","0","0","0","0","0","0","0","8","12","6","9","16","39","24","11","8","14","30","29","48","64","52","63","63","67","71","151","160"
448,"3","3","2","3","3","3","4","3","3","3","3","3","3","4","3","4","4","4","4","4","4","2,371","2,115","2,019","2,289","2,707","2,848","2,960","2,590","2,323","2,695","2,412","2,612","2,499","2,924","2,810","2,997","3,221","3,418","3,601","3,311","3,364"
449,"0","0","0","0","0","0","0","0","0","0","0","0","1","0","1","1","1","1","1","1","1","292","349","293","262","337","384","409","406","514","503","455","532","722","552","555","606","671","696","857","1,257","1,380"
450,"0","0","0","0","0","0","0","0","0","0","0","0","0","0","0","0","0","0","0","0","0","80","88","64","91","82","137","124","123","106","156","132","175","240","242","302","297","304","306","326","360","429"
451,"0","0","0","0","0","0","0","0","0","0","0","0","0","0","0","0","0","0","0","0","0","300","532","389","536","474","532","170","73","186","361","473","526","339","798","681","731","681","692","850","731","1,014"
452,"1","1","1","1","1","1","1","1","1","1","1","1","1","1","1","1","1","1","1","1","2","1,398","1,145","1,092","1,116","1,040","747","702","792","680","809","1,009","1,029","1,258","1,218","1,394","1,587","1,748","1,632","1,638","1,611","1,793"
453,"1","1","1","1","1","1","2","2","2","2","1","1","1","1","1","1","1","1","1","1","1","472","413","477","544","566","458","1,179","1,166","1,438","1,357","663","639","640","601","634","515","437","403","408","435","432"
454,"0","0","0","0","0","0","0","0","0","0","0","0","0","0","0","0","0","0","0","0","0","678","615","720","833","982","346","309","261","268","304","411","398","435","463","530","517","609","641","567","684","706"
455,"0","0","0","0","0","0","0","0","0","0","0","0","0","0","0","0","0","0","0","0","0","86","106","103","118","129","143","113","76","71","73","94","96","64","85","82","80","81","87","98","150","153"
456,"2","2","2","2","2","2","2","2","2","4","3","3","3","3","3","3","3","3","3","3","3","444","489","459","526","589","568","476","643","656","1,117","690","750","724","717","758","773","778","787","916","756","807"
457,"0","0","0","0","0","0","0","0","0","0","0","0","0","0","0","0","0","0","0","0","0","76","61","51","23","31","24","23","18","21","37","30","30","31","40","53","53","60","61","57","65","112"
458,"0","0","0","0","0","0","0","0","0","0","0","0","1","1","0","0","0","1","1","0","0","57","74","74","65","53","45","70","58","65","60","80","106","168","157","87","119","138","245","319","67","97"
459,"0","0","0","0","0","0","0","0","0","0","0","0","0","0","0","0","0","0","0","0","0","45","38","32","33","23","38","25","22","27","39","51","48","53","48","41","45","45","63","44","53","82"
460,"2","2","2","2","2","2","5","5","2","2","2","2","2","2","2","2","2","2","2","3","2","2,055","2,314","2,260","2,230","2,220","2,523","5,311","5,093","1,940","2,093","2,246","2,256","2,534","2,295","2,377","2,552","2,209","2,334","2,425","2,751","2,542"
462,"0","0","0","0","0","0","0","0","0","0","0","0","0","0","0","0","0","0","0","0","0","20","9","14","27","37","81","203","158","317","293","304","310","360","392","431","388","358","447","498","584","628"
463,"2","2","1","2","2","2","2","2","1","1","1","1","1","1","1","1","1","1","1","1","1","874","868","568","993","894","883","899","918","739","753","539","561","695","737","747","785","741","575","728","777","639"
464,"0","0","0","0","0","1","1","0","1","1","0","0","1","1","1","1","1","1","1","1","1","143","147","269","316","390","514","449","419","465","473","376","381","452","601","537","578","530","575","651","688","801"
465,"0","0","0","0","0","0","0","0","0","0","7","7","6","4","1","1","2","1","0","1","1","7","1","1","6","11","63","85","29","4","11","2,152","2,034","1,940","1,371","327","380","585","333","140","319","332"
466,"0","0","0","0","0","0","0","0","0","0","0","0","0","0","0","0","0","0","0","0","0","68","92","120","171","191","114","107","137","83","118","290","361","382","342","334","403","340","375","387","378","400"
467,"2","2","2","2","3","3","3","2","2","3","4","4","4","4","5","5","4","5","5","6","6","1,100","1,107","1,177","1,301","1,363","1,387","1,325","1,260","1,251","1,602","1,888","2,101","2,114","2,295","2,403","2,505","2,207","2,402","2,772","3,049","3,288"
468,"0","0","0","0","0","0","0","0","0","0","0","0","0","0","2","2","2","2","2","2","2","16","14","13","15","13","7","7","18","5","8","11","20","225","18","1,490","1,510","1,417","1,455","1,524","1,518","1,592"
469,"0","0","0","0","0","0","0","0","0","0","0","0","0","0","0","0","0","0","0","0","0","28","8","14","22","35","33","764","869","666","546","124","146","308","57","245","234","158","60","72","216","286"
470,"1","1","1","1","1","1","1","1","1","1","1","1","1","1","1","1","1","1","1","1","1","537","371","277","283","379","647","635","467","363","391","465","433","515","525","554","599","614","588","617","650","572"
471,"1","1","1","1","1","2","2","2","2","2","1","2","2","2","2","2","2","2","2","2","2","720","641","683","767","550","895","1,082","965","1,007","940","717","992","1,078","1,016","1,222","1,223","1,041","1,032","1,043","1,151","1,117"
472,"0","0","0","0","1","0","0","0","0","0","0","0","0","0","0","0","0","0","0","0","0","21","94","130","167","206","34","57","72","78","86","98","59","67","98","90","93","101","59","67","97","85"
473,"5","5","3","4","4","5","6","6","6","7","8","8","8","12","9","9","8","9","9","8","8","2,201","2,286","1,515","1,790","2,147","2,660","3,013","3,028","3,019","3,589","4,007","3,991","4,118","5,996","4,650","4,494","4,073","4,386","4,232","3,783","4,112"
474,"1","1","1","1","1","1","1","1","1","1","1","2","2","2","3","1","1","1","1","1","2","725","624","493","599","529","656","514","459","419","446","618","786","990","1,173","1,338","514","574","573","616","711","941"
475,"0","0","0","0","0","0","0","0","0","0","1","1","1","1","1","1","1","1","1","1","1","328","332","319","317","353","279","320","337","312","430","478","547","608","530","574","633","627","618","693","715","710"
476,"50","51","50","51","53","51","55","53","48","60","57","58","61","67","68","69","70","71","74","75","84","68,703","69,794","68,170","69,976","73,360","69,657","75,901","72,645","66,388","82,831","77,909","79,708","84,153","91,606","93,127","94,572","95,387","96,789","101,874","103,143","115,466"
